timestamp,gyro_x,gyro_y,gyro_z
0.026,-0.05,-0.28,0.05
0.046,0.630909090909091,-0.32181818181818184,0.19272727272727275
0.066,1.03,0.15,0.31
0.086,1.1381249999999998,0.345,0.349375
0.106,1.53875,1.01875,0.53625
0.126,1.7007692307692308,0.943076923076923,0.57
0.146,1.66,0.17,0.5
0.166,1.56,0.04,0.5
0.186,1.61,0.59,0.58
0.206,1.71,1.115,0.685
0.226,1.8050000000000002,1.26,0.745
0.246,1.85,0.94,0.74
0.266,1.76,0.57,0.76
0.28600000000000003,1.6399999999999997,0.2799999999999996,0.7099999999999999
0.30600000000000005,1.4699999999999993,0.09333333333333314,0.6266666666666663
0.326,1.2533333333333334,0.09416666666666666,0.5458333333333334
0.34600000000000003,0.9133333333333326,0.26000000000000056,0.45333333333333314
0.36600000000000005,0.7594117647058822,0.35529411764705887,0.41235294117647053
0.386,0.61,0.33,0.39
0.406,0.61,0.09,0.42
0.42600000000000005,0.45999999999999963,-0.3600000000000011,0.3099999999999996
0.446,0.34571428571428575,-0.6157142857142857,0.21285714285714286
0.466,0.06,-0.9,0.19
0.48600000000000004,-0.060000000000000185,-0.9200000000000004,0.3100000000000004
0.506,-0.11666666666666667,-1.1033333333333335,0.37
0.526,-0.22166666666666665,-1.2177777777777778,0.3938888888888889
0.546,-0.51,-1.4633333333333334,0.37333333333333335
0.5660000000000001,-0.664666666666667,-1.5373333333333334,0.36
0.5860000000000001,-1.280000000000002,-1.8800000000000012,0.9600000000000016
0.606,-1.8,-2.1,1.42
0.626,-2.125384615384615,-1.3123076923076924,1.7353846153846153
0.646,-2.216666666666667,-0.47333333333333333,1.9933333333333334
0.666,-2.1528571428571426,-0.23714285714285716,2.0585714285714287
0.686,-2.33,0.44,2.04
0.7060000000000001,-2.8206666666666673,0.4093333333333327,1.9459999999999997
0.7260000000000001,-3.3322857142857143,-0.538571428571429,1.485428571428571
0.746,-3.3551428571428574,-0.6242857142857143,1.4397142857142857
0.766,-3.48,-2.06,0.56
0.786,-3.535,-1.53,0.665
0.806,-3.6166666666666667,-0.8666666666666667,0.9133333333333333
0.8260000000000001,-3.63,-0.7338888888888889,0.9061111111111111
0.8460000000000001,-3.4799999999999986,-1.0500000000000023,0.5799999999999983
0.866,-3.25,-1.25,0.37
0.886,-3.0,-1.37,0.19
0.906,-2.726,-1.462,0.034
0.926,-2.55,-1.635,0.0
0.9460000000000001,-2.3999999999999995,-1.7599999999999985,0.11000000000000056
0.9660000000000001,-2.2999999999999994,-1.3999999999999961,0.13999999999999946
0.986,-2.1825,-0.8175,0.1575
1.006,-2.104,-0.3859999999999996,0.21600000000000008
1.026,-2.047222222222222,-0.18444444444444433,0.24
1.046,-1.82,-0.06,0.28
1.066,-1.09,0.31,0.44
1.086,-0.25,1.1,0.74
1.106,0.04400000000000009,1.504,0.9180000000000003
1.1260000000000001,0.18714285714285742,1.2671428571428565,0.9514285714285713
1.1460000000000001,1.1100000000000123,0.06999999999999668,0.49999999999999445
1.1660000000000001,2.040000000000012,0.2600000000000078,0.29000000000000553
1.186,2.84,0.6,0.96
1.206,3.7966666666666633,0.5700000000000007,0.9133333333333351
1.226,4.8,0.95,0.21
1.246,4.715714285714286,0.29857142857142854,0.44571428571428573
1.266,4.513999999999999,-0.2860000000000014,2.02
1.286,4.54,-1.5,1.81
1.306,4.83,-2.78,1.48
1.326,5.55,-4.1,1.04
1.346,6.54,-5.06,0.6
1.366,8.610000000000003,-6.702500000000006,-0.2425000000000025
1.3860000000000001,8.649999999999997,-9.290000000000017,-0.9666666666666691
1.4060000000000001,8.32,-11.260000000000005,-0.5933333333333264
1.4260000000000002,8.620000000000005,-11.269999999999992,0.5650000000000095
1.446,8.953157894736842,-10.040526315789474,1.214736842105263
1.466,8.113333333333337,-4.413333333333349,1.0699999999999994
1.486,6.14,0.74,1.51
1.506,4.7699999999999925,2.295000000000005,2.1325000000000043
1.526,2.7427272727272727,2.800909090909091,3.214545454545455
1.546,2.6245454545454545,2.828181818181818,3.250909090909091
1.566,-1.83,6.74,3.63
1.586,-2.341304347826087,7.121739130434783,3.3395652173913044
1.606,-5.425833333333335,8.865833333333335,1.313333333333333
1.6260000000000001,-8.200000000000005,10.262500000000001,1.6750000000000027
1.6460000000000001,-8.433333333333334,10.307083333333335,1.8350000000000006
1.6660000000000001,-9.399999999999999,7.999999999999987,2.479999999999998
1.6860000000000002,-8.339999999999993,6.656666666666662,2.056666666666663
1.706,-7.973333333333333,5.973333333333336,1.4800000000000029
1.726,-7.906666666666667,5.0100000000000025,0.2233333333333368
1.746,-7.33,4.48,-0.62
1.766,-6.473333333333331,4.573333333333334,-1.3766666666666687
1.786,-5.72,4.67,-1.91
1.806,-4.8666666666666645,4.789999999999998,-2.086666666666668
1.826,-4.13,4.29,-2.44
1.846,-2.58,3.77,-2.91
1.866,-0.39333333333332793,3.2299999999999995,-3.3633333333333346
1.8860000000000001,0.4664285714285729,3.15,-3.47
1.9060000000000001,2.7300000000000106,2.953333333333329,-2.2066666666666586
1.9260000000000002,4.710000000000015,2.139999999999997,-1.1433333333333293
1.946,7.16,1.64,-1.04
1.966,8.992499999999993,1.8124999999999976,-1.2199999999999989
1.986,10.19,2.789999999999999,-1.41
2.006,11.17,2.7,-1.54
2.026,12.289999999999997,3.1733333333333285,-2.056666666666667
2.046,12.112500000000002,2.837500000000007,-1.3750000000000049
2.066,11.91,2.32,-1.04
2.086,10.37,-0.7,0.5
2.106,8.69,-0.92,-0.23
2.126,7.87,-0.7023684210526316,-0.27
2.146,7.669999999999999,-0.6444736842105261,-0.27
2.166,4.318000000000016,0.3039999999999961,-0.08800000000000108
2.186,1.17,0.55,0.96
2.206,2.2699999999999996,-0.395,2.2249999999999996
2.226,2.01,-0.10500000000000001,3.6399999999999997
2.246,0.615,0.6699999999999999,5.43
2.266,-1.56,1.8050000000000002,5.9350000000000005
2.286,-3.045,1.9249999999999998,4.33
2.306,-3.13,0.845,3.045
2.326,-2.4699999999999998,1.215,3.685
2.3459999999999996,-2.989999999999985,1.909999999999997,3.880000000000003
2.3659999999999997,-5.334999999999944,1.1600000000000579,3.525000000000002
2.3859999999999997,-6.629999999999991,-0.7499999999999911,3.0600000000000156
2.4059999999999997,-6.540000000000003,-0.053333333333338756,1.1000000000000134
2.4259999999999997,-6.020000000000007,0.07000000000000445,-0.4249999999999878
2.4459999999999997,-5.580000000000007,-0.19499999999999668,-1.1149999999999922
2.4659999999999997,-4.95500000000001,-0.5699999999999934,-1.5699999999999956
2.4859999999999998,-4.2750000000000075,-1.2999999999999867,-1.7949999999999968
2.506,-3.8233333333333372,-2.309999999999988,-2.106666666666663
2.526,-3.6033333333333344,-3.0433333333333286,-2.349999999999997
2.546,-3.440000000000003,-2.9400000000000057,-2.45
2.566,-3.32,-2.0666666666666833,-2.37
2.586,-3.4849999999999968,-0.5550000000000211,-2.3050000000000033
2.606,-3.719999999999999,0.6199999999999922,-2.070000000000001
2.626,-3.425,2.3600000000000003,-1.8
2.646,-1.1266666666666667,5.163333333333333,-1.5966666666666667
2.666,2.49,6.635,-1.9449999999999998
2.686,5.779999999999999,5.585,-3.1100000000000003
2.706,8.06,3.2199999999999998,-2.96
2.726,9.48,3.42,-3.93
2.746,8.945,3.06,-4.65
2.766,6.605,2.29,-3.84
2.786,4.4350000000000005,3.6100000000000003,-3.5149999999999997
2.806,3.5833333333333313,4.646666666666667,-3.3833333333333315
2.826,3.385,3.8200000000000003,-2.34
2.8459999999999996,2.9600000000000133,2.8250000000000153,-0.48000000000004883
2.8659999999999997,2.703333333333332,2.6499999999999955,0.8499999999999867
2.8859999999999997,3.1166666666666596,2.986666666666666,1.5799999999999883
2.9059999999999997,3.4866666666666672,2.370000000000007,2.7799999999999914
2.9259999999999997,2.820000000000018,0.9000000000000244,4.044999999999986
2.9459999999999997,1.0500000000000622,-0.48999999999997557,4.96999999999997
2.9659999999999997,-1.429999999999969,-0.4900000000000111,5.904999999999997
2.9859999999999998,-3.554999999999972,0.6949999999999856,5.400000000000013
3.006,-5.189999999999987,1.1549999999999967,4.934999999999997
3.026,-5.103333333333346,1.030000000000006,5.579999999999994
3.046,-3.930000000000006,0.02333333333335208,5.246666666666678
3.066,-4.333333333333322,-0.9666666666666627,4.906666666666666
3.086,-5.48,-0.97,4.59
3.106,-6.31,0.07,2.43
3.126,-6.432000000000001,0.29,0.4320000000000078
3.146,-6.153333333333333,0.020000000000000004,-1.05
3.166,-5.61,-0.89,-1.57
3.186,-5.063333333333333,-1.595000000000001,-1.64
3.206,-4.37,-2.4,-1.71
3.226,-3.99,-2.57,-1.83
3.246,-3.6500000000000035,-2.2100000000000035,-1.999999999999999
3.266,-3.12,-1.53,-2.0
3.286,-2.54,-1.26,-1.65
3.306,-2.06,-1.13,-1.02
3.326,-1.81,0.49,-0.71
3.346,-1.06,4.79,-1.22
3.3659999999999997,1.3499999999999113,6.8499999999999925,-2.5699999999999554
3.3859999999999997,5.029999999999891,5.310000000000071,-3.989999999999967
3.4059999999999997,7.909999999999947,2.930000000000047,-4.2600000000000104
3.4259999999999997,8.650000000000002,2.909999999999958,-4.6099999999999675
3.4459999999999997,8.190000000000012,4.250000000000007,-5.1900000000000155
3.4659999999999997,7.060000000000056,2.610000000000031,-3.3200000000000554
3.4859999999999998,4.880000000000058,3.79999999999994,-2.869999999999987
3.506,3.3,5.27,-3.2
3.526,2.47,4.79,-2.29
3.546,2.14,3.47,-0.79
3.566,2.1049999999999995,2.6800000000000024,0.06499999999999612
3.586,2.37,2.74,0.33
3.606,2.91,2.43,0.69
3.626,2.97,1.28,2.03
3.646,2.26,-0.46,3.57
3.666,0.75,-0.83,4.61
3.686,-1.05,0.37,4.56
3.706,-2.36,1.73,3.88
3.726,-2.88,1.15,2.63
3.746,-2.82,2.05,1.64
3.766,-3.23,0.28,2.22
3.786,-5.18,-1.98,3.18
3.806,-7.77,-1.4,3.6
3.826,-8.815555555555557,0.09000000000000297,2.90222222222222
3.846,-7.69,0.59,-0.23
3.8659999999999997,-5.340000000000042,-1.5599999999999528,-0.9899999999999985
3.8859999999999997,-3.5500000000000234,-3.809999999999969,-0.7800000000000045
3.9059999999999997,-2.8600000000000043,-4.489999999999998,-0.540000000000003
3.9259999999999997,-2.8399999999999985,-4.240000000000007,-0.3500000000000015
3.9459999999999997,-2.9399999999999955,-3.8300000000000156,-0.27000000000000224
3.9659999999999997,-3.000000000000002,-3.16000000000002,-0.17000000000000223
3.9859999999999998,-2.7100000000000266,-2.3900000000000357,-0.15000000000000444
4.006,-2.11,-1.88,-0.07
4.026,-1.8,-1.65,-0.18
4.046,-1.7,-0.65,-0.75
4.066,-1.28,1.62,-1.57
4.086,-0.14999999999995559,3.965000000000047,-2.2300000000000133
4.106,2.01,4.62,-2.74
4.1259999999999994,4.283333333333305,3.673333333333355,-3.239999999999994
4.146,5.92,1.63,-3.94
4.1659999999999995,5.670000000000024,2.6999999999998905,-4.719999999999991
4.186,5.82,4.75,-3.22
4.2059999999999995,5.8100000000000325,2.700000000000039,-1.7899999999999794
4.226,4.6,4.38,-3.59
4.2459999999999996,3.6100000000000323,6.049999999999979,-3.7600000000000264
4.266,3.37,5.74,-2.43
4.286,3.715454545454545,4.7618181818181835,-1.6700000000000008
4.306,4.48,3.5,-1.17
4.326,4.54800000000001,2.536000000000013,-1.3519999999999972
4.346,3.19,1.92,-1.26
4.366,1.09250000000003,1.8150000000000022,-0.3175000000000189
4.386,-1.0,1.18,1.12
4.406,-2.7233333333333016,0.050000000000029604,2.776666666666633
4.426,-3.6133333333333404,-0.9300000000000059,3.6033333333333344
4.446,-3.89,-1.07,3.12
4.466,-4.04,-0.5233333333333166,2.8266666666666658
4.486,-3.5400000000000236,0.37000000000000594,2.72
4.506,-2.6766666666666596,-1.0100000000000267,3.1466666666666776
4.526,-2.6766666666666588,-3.3299999999999734,4.253333333333315
4.546,-3.810000000000012,-3.6166666666666423,5.079999999999994
4.566,-4.233333333333335,-1.5966666666666853,3.6066666666666944
4.586,-3.8433333333333284,-0.92,1.2699999999999765
4.606,-3.59,-1.199999999999994,0.2066666666666706
4.626,-3.780000000000003,-1.900000000000009,0.25000000000000294
4.646,-4.020000000000003,-2.493333333333337,0.4533333333333343
4.6659999999999995,-4.163333333333331,-2.4833333333333374,0.37000000000000594
4.686,-4.16,-2.2466666666666626,0.12666666666666274
4.7059999999999995,-3.9966666666666746,-1.9766666666666746,-0.17333333333332546
4.726,-3.4899999999999913,-1.860000000000003,-0.35
4.7459999999999996,-2.613333333333355,-2.4733333333333136,-0.20666666666667455
4.766,-1.9566666666666628,-3.4866666666666775,0.07
4.786,-2.06,-4.13,-0.12
4.806,-2.54,-0.8466666666666006,-0.5000000000000089
4.826,-1.7566666666667101,4.263333333333231,-2.52333333333326
4.846,0.3966666666666923,6.166666666666657,-4.890000000000015
4.866,2.2599999999999554,4.110000000000067,-4.61000000000004
4.886,3.740000000000018,3.0733333333333435,-3.1433333333333255
4.906,5.369999999999955,3.870000000000009,-2.475000000000038
4.926,6.375000000000011,2.2349999999999577,-0.8849999999999845
4.946,6.315000000000011,2.0799999999999645,-1.489999999999969
4.966,5.70666666666666,3.6400000000000206,-2.06
4.986,5.225000000000011,4.779999999999987,-1.7650000000000112
5.006,4.88,4.98,-1.1649999999999756
5.026,4.81,4.36,-0.47
5.046,4.72,3.5,-0.2
5.066,4.45,3.25,-0.72
5.086,4.03,3.3,-1.18
5.106,3.43,2.9,-0.65
5.126,2.39,1.51,0.83
5.146,0.5599999999999999,-0.785,2.23
5.1659999999999995,-1.5071428571428283,-1.9399999999999935,2.7571428571428536
5.186,-3.97,-1.1,2.8
5.2059999999999995,-5.254999999999989,1.0099999999999556,2.4900000000000224
5.226,-5.425,1.2850000000000001,1.86
5.2459999999999996,-5.644999999999993,0.02000000000003553,2.439999999999969
5.266,-6.109999999999999,-0.7150000000000001,3.62
5.286,-5.915000000000029,-0.014999999999997779,3.4800000000000177
5.306,-4.275,-0.88,2.005
5.326,-3.095000000000011,-1.7649999999999801,0.33500000000002444
5.346,-3.27,-2.4,0.15000000000000002
5.366,-4.109999999999974,-2.919999999999991,0.74499999999998
5.386,-4.9300000000000095,-2.956666666666663,1.1866666666666685
5.406,-5.4799999999999915,-2.4350000000000156,1.0400000000000134
5.426,-5.65,-2.0349999999999886,0.6099999999999867
5.446,-5.105000000000024,-1.7500000000000044,0.10000000000001333
5.466,-4.0449999999999715,-1.6450000000000022,-0.23000000000000442
5.486,-3.319673366834171,-1.68,-0.2499748743718593
5.506,-3.31858458961474,-1.68,-0.24989112227805696
5.526,-3.3174958123953098,-1.68,-0.2498073701842546
5.546,-3.3164070351758794,-1.68,-0.24972361809045227
5.566,-3.3153182579564486,-1.68,-0.24963986599664992
5.586,-3.3142294807370183,-1.68,-0.24955611390284757
5.606,-3.313140703517588,-1.68,-0.24947236180904522
5.626,-3.312051926298157,-1.68,-0.24938860971524288
5.646,-3.310963149078727,-1.68,-0.24930485762144053
5.6659999999999995,-3.3098743718592964,-1.68,-0.24922110552763818
5.686,-3.3087855946398657,-1.68,-0.24913735343383583
5.7059999999999995,-3.3076968174204353,-1.68,-0.24905360134003351
5.726,-3.306608040201005,-1.68,-0.24896984924623117
5.7459999999999996,-3.3055192629815746,-1.68,-0.24888609715242882
5.766,-3.304430485762144,-1.68,-0.24880234505862647
5.786,-3.3033417085427135,-1.68,-0.24871859296482413
5.806,-3.302252931323283,-1.68,-0.24863484087102178
5.826,-3.3011641541038523,-1.68,-0.24855108877721943
5.846,-3.300075376884422,-1.68,-0.24846733668341708
5.866,-3.2989865996649916,-1.68,-0.24838358458961474
5.886,-3.297897822445561,-1.68,-0.2482998324958124
5.906,-3.2968090452261305,-1.68,-0.24821608040201004
5.926,-3.2957202680067,-1.68,-0.2481323283082077
5.946,-3.2946314907872694,-1.68,-0.24804857621440535
5.966,-3.293542713567839,-1.68,-0.247964824120603
5.986,-3.2924539363484087,-1.68,-0.24788107202680068
6.006,-3.2913651591289783,-1.68,-0.24779731993299833
6.026,-3.2902763819095475,-1.68,-0.24771356783919599
6.046,-3.289187604690117,-1.68,-0.24762981574539364
6.066,-3.288098827470687,-1.68,-0.2475460636515913
6.086,-3.287010050251256,-1.68,-0.24746231155778894
6.106,-3.2859212730318257,-1.68,-0.2473785594639866
6.126,-3.2848324958123953,-1.68,-0.24729480737018425
6.146,-3.2837437185929645,-1.68,-0.2472110552763819
6.166,-3.282654941373534,-1.68,-0.24712730318257956
6.186,-3.281566164154104,-1.68,-0.2470435510887772
6.2059999999999995,-3.2804773869346735,-1.68,-0.2469597989949749
6.226,-3.2793886097152427,-1.68,-0.24687604690117254
6.2459999999999996,-3.2782998324958124,-1.68,-0.2467922948073702
6.266,-3.277211055276382,-1.68,-0.24670854271356785
6.286,-3.276122278056951,-1.68,-0.2466247906197655
6.306,-3.275033500837521,-1.68,-0.24654103852596315
6.326,-3.2739447236180905,-1.68,-0.2464572864321608
6.346,-3.2728559463986597,-1.68,-0.24637353433835846
6.366,-3.2717671691792294,-1.68,-0.2462897822445561
6.386,-3.270678391959799,-1.68,-0.24620603015075376
6.406,-3.2695896147403682,-1.68,-0.24612227805695142
6.426,-3.268500837520938,-1.68,-0.24603852596314907
6.446,-3.2674120603015075,-1.68,-0.24595477386934672
6.466,-3.2663232830820768,-1.68,-0.24587102177554437
6.486,-3.2652345058626464,-1.68,-0.24578726968174205
6.506,-3.264145728643216,-1.68,-0.2457035175879397
6.526,-3.2630569514237857,-1.68,-0.24561976549413736
6.546,-3.261968174204355,-1.68,-0.245536013400335
6.566,-3.2608793969849246,-1.68,-0.24545226130653267
6.586,-3.2597906197654942,-1.68,-0.24536850921273032
6.606,-3.2587018425460634,-1.68,-0.24528475711892797
6.626,-3.257613065326633,-1.68,-0.24520100502512562
6.646,-3.2565242881072027,-1.68,-0.24511725293132328
6.666,-3.255435510887772,-1.68,-0.24503350083752093
6.686,-3.2543467336683416,-1.68,-0.24494974874371858
6.7059999999999995,-3.2532579564489112,-1.68,-0.24486599664991623
6.726,-3.2521691792294805,-1.68,-0.2447822445561139
6.7459999999999996,-3.25108040201005,-1.68,-0.24469849246231157
6.766,-3.2499916247906198,-1.68,-0.24461474036850922
6.786,-3.2489028475711894,-1.68,-0.24453098827470687
6.806,-3.2478140703517586,-1.68,-0.24444723618090453
6.826,-3.2467252931323283,-1.68,-0.24436348408710218
6.846,-3.245636515912898,-1.68,-0.24427973199329983
6.866,-3.244547738693467,-1.68,-0.24419597989949748
6.886,-3.243458961474037,-1.68,-0.24411222780569514
6.906,-3.2423701842546064,-1.68,-0.2440284757118928
6.926,-3.2412814070351756,-1.68,-0.24394472361809044
6.946,-3.2401926298157453,-1.68,-0.2438609715242881
6.966,-3.239103852596315,-1.68,-0.24377721943048575
6.986,-3.238015075376884,-1.68,-0.2436934673366834
7.006,-3.236926298157454,-1.68,-0.24360971524288105
7.026,-3.2358375209380235,-1.68,-0.24352596314907873
7.046,-3.2347487437185927,-1.68,-0.2434422110552764
7.066,-3.2336599664991623,-1.68,-0.24335845896147404
7.086,-3.232571189279732,-1.68,-0.2432747068676717
7.106,-3.2314824120603016,-1.68,-0.24319095477386934
7.126,-3.230393634840871,-1.68,-0.243107202680067
7.146,-3.2293048576214405,-1.68,-0.24302345058626465
7.166,-3.22821608040201,-1.68,-0.2429396984924623
7.186,-3.2271273031825793,-1.68,-0.24285594639865996
7.2059999999999995,-3.226038525963149,-1.68,-0.2427721943048576
7.226,-3.2249497487437186,-1.68,-0.24268844221105526
7.2459999999999996,-3.223860971524288,-1.68,-0.24260469011725294
7.266,-3.2227721943048575,-1.68,-0.2425209380234506
7.286,-3.221683417085427,-1.68,-0.24243718592964825
7.306,-3.220594639865997,-1.68,-0.2423534338358459
7.326,-3.219505862646566,-1.68,-0.24226968174204355
7.346,-3.2184170854271357,-1.68,-0.2421859296482412
7.366,-3.2173283082077053,-1.68,-0.24210217755443886
7.386,-3.2162395309882745,-1.68,-0.2420184254606365
7.406,-3.215150753768844,-1.68,-0.24193467336683416
7.426,-3.214061976549414,-1.68,-0.24185092127303182
7.446,-3.212973199329983,-1.68,-0.24176716917922947
7.466,-3.2118844221105527,-1.68,-0.24168341708542712
7.486,-3.2107956448911223,-1.68,-0.24159966499162477
7.506,-3.2097068676716916,-1.68,-0.24151591289782243
7.526,-3.208618090452261,-1.68,-0.2414321608040201
7.546,-3.207529313232831,-1.68,-0.24134840871021776
7.566,-3.2064405360134005,-1.68,-0.2412646566164154
7.586,-3.2053517587939697,-1.68,-0.24118090452261307
7.606,-3.2042629815745394,-1.68,-0.24109715242881072
7.626,-3.203174204355109,-1.68,-0.24101340033500837
7.646,-3.2020854271356782,-1.68,-0.24092964824120602
7.666,-3.200996649916248,-1.68,-0.24084589614740368
7.686,-3.1999078726968175,-1.68,-0.24076214405360133
7.7059999999999995,-3.1988190954773867,-1.68,-0.24067839195979898
7.726,-3.1977303182579564,-1.68,-0.24059463986599663
7.7459999999999996,-3.196641541038526,-1.68,-0.2405108877721943
7.766,-3.1955527638190953,-1.68,-0.24042713567839194
7.786,-3.194463986599665,-1.68,-0.24034338358458962
7.806,-3.1933752093802346,-1.68,-0.24025963149078727
7.826,-3.192286432160804,-1.68,-0.24017587939698493
7.846,-3.1911976549413734,-1.68,-0.24009212730318258
7.866,-3.190108877721943,-1.68,-0.24000837520938023
7.886,6.866666666666666,1.5033333333333343,-3.58
7.906,6.35,1.15,-3.32
7.926,4.923333333333313,1.973333333333358,-3.4066666666666774
7.946,3.3800000000000354,4.03333333333329,-4.169999999999995
7.966,2.13,5.14,-3.82
7.986,1.14,4.95,-2.48
8.006,1.11,4.0200000000000005,-0.8766666666666667
8.026,1.9933333333333016,3.163333333333349,-0.010000000000011843
8.046,3.29,2.59,0.17
8.066,4.76,1.41,0.13
8.086,5.95,-0.48,0.13
8.106,5.67,-2.26,0.57
8.126,3.68,-2.23,1.72
8.146,0.48,-0.81,3.39
8.166,-2.438000000000047,-0.24799999999999717,4.324000000000005
8.186,-4.653333333333301,0.5633333333332958,4.050000000000018
8.206,-5.449999999999988,1.7333333333333194,3.630000000000006
8.225999999999999,-5.811249999999998,1.8950000000000022,3.5762499999999995
8.246,-5.907499999999998,0.23999999999995558,4.437500000000034
8.266,-5.71,-0.2,4.82
8.286,-4.98,0.11,4.13
8.306,-3.23,-0.52,2.44
8.326,-2.27,-1.14,1.64
8.346,-1.7866666666666746,-1.6699999999999882,1.5233333333333314
8.366,-1.6,-1.97,1.62
8.386,-1.6566666666666627,-2.149999999999994,1.5366666666666746
8.406,-2.04,-2.49,1.15
8.426,-2.95,-2.41,0.97
8.446,-4.016666666666645,-1.603333333333355,1.1133333333333315
8.466,-4.659999999999988,-0.9133333333333432,1.050000000000006
8.486,-5.1500000000000234,-1.0666666666667102,0.6233333333333018
8.506,-5.512000000000002,-1.8580000000000076,0.031999999999992174
8.526,-5.733333333333337,-1.0133333333334142,-1.1999999999999762
8.546,-5.14000000000003,3.3733333333332127,-2.236666666666639
8.566,-3.153333333333195,6.583333333333361,-3.1566666666666983
8.586,0.22666666666666666,4.6033333333333335,-3.2466666666666666
8.606,4.0299999999999585,2.0466666666666744,-2.5000000000000058
8.626,6.59,2.73,-2.81
8.646,7.59,2.99,-3.67
8.666,7.67,1.72,-3.18
8.686,6.826666666666693,1.8999999999999646,-2.8733333333333255
8.706,5.8,3.71,-3.45
8.726,5.377499999999996,4.409166666666673,-3.6083333333333343
8.746,4.41,4.27,-2.85
8.766,4.073333333333343,3.5866666666666864,-1.6800000000000297
8.786,3.550000000000012,3.0466666666666744,-0.6433333333333551
8.806,3.1950000000000025,2.752500000000008,-0.04000000000000444
8.826,3.4166666666666985,1.943333333333278,0.29666666666668645
8.846,4.01,0.75,0.85
8.866,4.064285714285718,-0.059999999999994925,1.5228571428571362
8.886,3.310000000000071,-0.5849999999999689,2.0699999999999736
8.906,1.57,-1.14,2.56
8.926,-0.4571428571428789,-1.3414285714285707,3.5128571428571567
8.946,-2.91,0.6,4.53
8.966,-4.74,2.8,3.22
8.986,-6.510000000000071,3.1233333333333135,2.476666666666698
9.006,-7.53,2.93,3.84
9.026,-7.570000000000007,2.85200000000001,4.613999999999999
9.046,-6.383333333333367,1.4600000000000297,3.9100000000000414
9.066,-5.349999999999973,0.32999999999993784,1.794999999999889
9.086,-5.345000000000001,-0.625,0.37
9.106,-5.365,-1.0899999999999999,0.07500000000000001
9.126,-4.736666666666693,-2.5699999999999408,0.1033333333333432
9.146,-4.313333333333337,-3.9066666666666743,-0.19
9.166,-4.713333333333349,-3.8433333333333137,0.11000000000002368
9.186,-4.823333333333337,-3.300000000000018,0.4466666666666627
9.206,-4.486666666666681,-2.4400000000000235,0.3200000000000119
9.226,-3.8399999999999763,-1.2766666666666036,-0.34666666666669826
9.246,-3.6366666666666627,-0.18999999999996448,-0.7733333333333492
9.266,-3.4,0.45,-0.91
9.286,-2.5000000000000293,1.8833333333332898,-1.0733333333333255
9.306,-0.8600000000001154,3.759999999999902,-1.4849999999999688
9.326,1.48,5.0,-2.29
9.346,4.36,4.39,-3.28
9.366,6.729999999999912,1.6150000000001465,-3.2300000000000093
9.386,7.756666666666651,0.6033333333333017,-3.7099999999999524
9.406,7.676666666666657,1.450000000000006,-4.189999999999994
9.426,6.88999999999997,1.3033333333333372,-3.5199999999999823
9.446,5.556666666666704,2.6366666666666094,-3.6599999999999766
9.466,4.153333333333385,5.053333333333242,-4.473333333333326
9.486,3.5249999999999777,5.694999999999986,-3.7449999999999246
9.506,3.5,5.025,-2.14
9.526,3.7800518902891027,4.219829503335804,-1.339896219421794
9.546,3.7801816160118604,4.219403261675315,-1.3396367679762788
9.566,3.780311341734618,4.218977020014825,-1.3393773165307636
9.586,3.780441067457376,4.218550778354336,-1.3391178650852484
9.606,3.780570793180133,4.218124536693847,-1.3388584136397332
9.626,3.780700518902891,4.217698295033358,-1.338598962194218
9.646,3.7808302446256485,4.217272053372868,-1.3383395107487028
9.666,3.7809599703484063,4.216845811712379,-1.3380800593031876
9.686,3.7810896960711635,4.21641957005189,-1.3378206078576724
9.706,3.7812194217939212,4.2159933283914,-1.3375611564121572
9.726,3.781349147516679,4.215567086730911,-1.337301704966642
9.746,3.781478873239436,4.215140845070422,-1.3370422535211268
9.766,3.781608598962194,4.214714603409933,-1.3367828020756116
9.786,3.7817383246849516,4.2142883617494435,-1.3365233506300964
9.806,3.7818680504077093,4.2138621200889546,-1.3362638991845812
9.826,3.7819977761304666,4.213435878428466,-1.336004447739066
9.846,3.7821275018532243,4.213009636767976,-1.3357449962935508
9.866,3.782257227575982,4.212583395107487,-1.3354855448480356
9.886,3.7823869532987398,4.212157153446998,-1.3352260934025204
9.906,3.782516679021497,4.211730911786509,-1.3349666419570052
9.926,3.7826464047442547,4.211304670126019,-1.33470719051149
9.946,3.7827761304670124,4.21087842846553,-1.3344477390659748
9.966,3.78290585618977,4.210452186805041,-1.3341882876204596
9.986,3.7830355819125274,4.210025945144551,-1.3339288361749444
10.006,3.783165307635285,4.209599703484062,-1.3336693847294292
10.026,3.783295033358043,4.209173461823573,-1.333409933283914
10.046,3.7834247590808006,4.208747220163084,-1.3331504818383988
10.066,3.783554484803558,4.208320978502594,-1.3328910303928836
10.086,3.7836842105263155,4.207894736842105,-1.3326315789473684
10.106,3.7838139362490733,4.207468495181616,-1.3323721275018534
10.126,3.783943661971831,4.207042253521126,-1.3321126760563382
10.146,3.7840733876945882,4.206616011860637,-1.331853224610823
10.166,3.784203113417346,4.206189770200148,-1.3315937731653078
10.186,3.7843328391401037,4.205763528539658,-1.3313343217197926
10.206,3.7844625648628614,4.205337286879169,-1.3310748702742774
10.226,3.7845922905856186,4.20491104521868,-1.3308154188287622
10.246,3.7847220163083763,4.204484803558191,-1.330555967383247
10.266,3.784851742031134,4.2040585618977016,-1.3302965159377318
10.286,3.7849814677538918,4.203632320237213,-1.3300370644922166
10.306,3.785111193476649,4.203206078576724,-1.3297776130467014
10.326,3.7852409191994068,4.202779836916234,-1.3295181616011862
10.346,3.7853706449221645,4.202353595255745,-1.329258710155671
10.366,3.785500370644922,4.201927353595256,-1.3289992587101558
10.386,3.7856300963676794,4.201501111934767,-1.3287398072646406
10.406,3.785759822090437,4.201074870274277,-1.3284803558191254
10.426,3.785889547813195,4.200648628613788,-1.3282209043736102
10.446,3.7860192735359526,4.200222386953299,-1.327961452928095
10.466,3.78614899925871,4.199796145292809,-1.3277020014825798
10.486,3.7862787249814676,4.19936990363232,-1.3274425500370646
10.506,3.7864084507042253,4.198943661971831,-1.3271830985915494
10.526,3.786538176426983,4.198517420311341,-1.3269236471460342
10.546,3.7866679021497403,4.198091178650852,-1.326664195700519
10.566,3.786797627872498,4.197664936990363,-1.3264047442550038
10.586,3.7869273535952557,4.197238695329874,-1.3261452928094886
10.606,3.7870570793180134,4.196812453669384,-1.3258858413639734
10.626,3.7871868050407707,4.196386212008895,-1.3256263899184582
10.646,3.7873165307635284,4.195959970348406,-1.325366938472943
10.666,3.787446256486286,4.195533728687916,-1.3251074870274278
10.686,3.7875759822090433,4.195107487027427,-1.3248480355819126
10.706,3.787705707931801,4.194681245366938,-1.3245885841363974
10.726,3.7878354336545588,4.194255003706449,-1.3243291326908821
10.746,3.7879651593773165,4.19382876204596,-1.324069681245367
10.766,3.7880948851000737,4.193402520385471,-1.3238102297998517
10.786,3.7882246108228315,4.192976278724982,-1.3235507783543365
10.806,3.788354336545589,4.192550037064492,-1.3232913269088213
10.826,3.788484062268347,4.192123795404003,-1.3230318754633061
10.846,3.788613787991104,4.191697553743514,-1.322772424017791
10.866,3.788743513713862,4.191271312083025,-1.3225129725722757
10.886,3.7888732394366196,4.190845070422535,-1.3222535211267605
10.906,3.7890029651593773,4.190418828762046,-1.3219940696812453
10.926,3.7891326908821346,4.189992587101557,-1.3217346182357301
10.946,3.7892624166048923,4.189566345441067,-1.3214751667902151
10.966,3.78939214232765,4.189140103780578,-1.3212157153447
10.986,3.7895218680504077,4.188713862120089,-1.3209562638991847
11.006,3.789651593773165,4.188287620459599,-1.3206968124536695
11.026,3.7897813194959227,4.18786137879911,-1.3204373610081543
11.046,3.7899110452186804,4.187435137138621,-1.3201779095626391
11.066,3.790040770941438,4.187008895478132,-1.319918458117124
11.086,3.7901704966641954,4.186582653817642,-1.3196590066716087
11.106,3.790300222386953,4.186156412157153,-1.3193995552260935
11.126,3.790429948109711,4.185730170496664,-1.3191401037805783
11.146,3.7905596738324685,4.185303928836174,-1.3188806523350631
11.166,3.7906893995552258,4.184877687175685,-1.318621200889548
11.186,3.7908191252779835,4.184451445515196,-1.3183617494440327
11.206,3.790948851000741,4.184025203854707,-1.3181022979985175
11.226,3.791078576723499,4.183598962194218,-1.3178428465530023
11.246,3.791208302446256,4.183172720533729,-1.3175833951074871
11.266,3.791338028169014,4.18274647887324,-1.317323943661972
11.286,3.7914677538917716,4.18232023721275,-1.3170644922164567
11.306,3.7915974796145293,4.181893995552261,-1.3168050407709415
11.326,3.7917272053372866,4.181467753891772,-1.3165455893254263
11.346,3.7918569310600443,4.181041512231282,-1.3162861378799111
11.366,3.791986656782802,4.180615270570793,-1.316026686434396
11.386,3.7921163825055597,4.180189028910304,-1.3157672349888807
11.406,3.792246108228317,4.179762787249815,-1.3155077835433655
11.426,3.7923758339510747,4.179336545589325,-1.3152483320978503
11.446,3.7925055596738324,4.178910303928836,-1.314988880652335
11.466,3.79263528539659,4.178484062268347,-1.31472942920682
11.486,3.7927650111193474,4.178057820607857,-1.3144699777613047
11.506,3.792894736842105,4.177631578947368,-1.3142105263157895
11.526,3.793024462564863,4.177205337286879,-1.3139510748702743
11.546,3.7931541882876205,4.17677909562639,-1.313691623424759
11.566,3.793283914010378,4.1763528539659,-1.313432171979244
11.586,3.7934136397331355,4.175926612305411,-1.3131727205337287
11.606,3.793543365455893,4.175500370644922,-1.3129132690882135
11.626,3.793673091178651,4.175074128984432,-1.3126538176426983
11.646,3.793802816901408,4.174647887323943,-1.312394366197183
11.666,3.793932542624166,4.174221645663454,-1.3121349147516679
11.686,3.7940622683469236,4.1737954040029654,-1.3118754633061527
11.706,3.794191994069681,4.173369162342476,-1.3116160118606375
11.726,3.7943217197924386,4.172942920681987,-1.3113565604151223
11.746,3.7944514455151963,4.172516679021498,-1.311097108969607
11.766,3.794581171237954,4.172090437361008,-1.3108376575240919
11.786,3.7947108969607113,4.171664195700519,-1.310578206078577
11.806,3.794840622683469,4.17123795404003,-1.3103187546330617
11.826,3.7949703484062267,4.17081171237954,-1.3100593031875465
11.846,3.7951000741289844,4.170385470719051,-1.3097998517420313
11.866,3.7952297998517417,4.169959229058562,-1.309540400296516
11.886,3.7953595255744994,4.169532987398073,-1.3092809488510009
11.906,3.795489251297257,4.169106745737583,-1.3090214974054857
11.926,3.795618977020015,4.168680504077094,-1.3087620459599705
11.946,3.795748702742772,4.168254262416605,-1.3085025945144553
11.966,3.79587842846553,4.167828020756115,-1.30824314306894
11.986,3.7960081541882875,4.167401779095626,-1.3079836916234249
12.006,3.7961378799110452,4.166975537435137,-1.3077242401779097
12.026,3.7962676056338025,4.166549295774648,-1.3074647887323945
12.046,3.79639733135656,4.166123054114158,-1.3072053372868793
12.066,3.796527057079318,4.165696812453669,-1.306945885841364
12.086,3.7966567828020756,4.16527057079318,-1.3066864343958489
12.106,3.796786508524833,4.16484432913269,-1.3064269829503337
12.126,3.7969162342475906,4.164418087472201,-1.3061675315048185
12.146,3.7970459599703483,4.1639918458117124,-1.3059080800593033
12.166,3.797175685693106,4.163565604151223,-1.305648628613788
12.186,3.7973054114158633,4.163139362490734,-1.3053891771682729
12.206,3.797435137138621,4.162713120830245,-1.3051297257227576
12.226,3.7975648628613787,4.162286879169756,-1.3048702742772424
12.246,3.7976945885841364,4.161860637509266,-1.3046108228317272
12.266,3.7978243143068937,4.161434395848777,-1.304351371386212
12.286,3.7979540400296514,4.161008154188288,-1.3040919199406968
12.306000000000001,3.798083765752409,4.160581912527798,-1.3038324684951816
12.326,3.798213491475167,4.160155670867309,-1.3035730170496664
12.346,3.798343217197924,4.15972942920682,-1.3033135656041512
12.366,3.798472942920682,4.159303187546331,-1.303054114158636
12.386,3.7986026686434395,4.158876945885841,-1.3027946627131208
12.406,3.7987323943661973,4.158450704225352,-1.3025352112676056
12.426,3.7988621200889545,4.158024462564863,-1.3022757598220904
12.446,3.7989918458117122,4.157598220904373,-1.3020163083765752
12.466,3.79912157153447,4.157171979243884,-1.30175685693106
12.486,3.7992512972572277,4.156745737583395,-1.3014974054855448
12.506,3.799381022979985,4.156319495922906,-1.3012379540400296
12.526,3.7995107487027426,4.155893254262416,-1.3009785025945144
12.546,3.7996404744255003,4.155467012601927,-1.3007190511489992
12.566,3.799770200148258,4.155040770941438,-1.300459599703484
12.586,3.7998999258710153,4.154614529280948,-1.3002001482579688
12.606,3.800029651593773,4.154188287620459,-1.2999406968124536
12.626,3.8001593773165308,4.1537620459599705,-1.2996812453669384
12.646,3.8002891030392885,4.153335804299481,-1.2994217939214232
12.666,3.8004188287620457,4.152909562638992,-1.299162342475908
12.686,3.8005485544848034,4.152483320978503,-1.298902891030393
12.706,3.800678280207561,4.152057079318014,-1.2986434395848778
12.726,3.800808005930319,4.151630837657524,-1.2983839881393626
12.746,3.800937731653076,4.151204595997035,-1.2981245366938474
12.766,3.801067457375834,4.150778354336546,-1.2978650852483322
12.786,3.8011971830985916,4.150352112676056,-1.297605633802817
12.806000000000001,3.801326908821349,4.149925871015567,-1.2973461823573018
12.826,3.8014566345441065,4.149499629355078,-1.2970867309117866
12.846,3.8015863602668643,4.149073387694589,-1.2968272794662714
12.866,3.801716085989622,4.148647146034099,-1.2965678280207562
12.886,3.8018458117123792,4.14822090437361,-1.296308376575241
12.906,3.801975537435137,4.147794662713121,-1.2960489251297258
12.926,3.8021052631578947,4.147368421052631,-1.2957894736842106
12.946,3.8022349888806524,4.146942179392142,-1.2955300222386954
12.966,3.8023647146034096,4.146515937731653,-1.2952705707931802
12.986,3.8024944403261673,4.146089696071163,-1.295011119347665
13.006,3.802624166048925,4.145663454410674,-1.2947516679021498
13.026,3.8027538917716828,4.145237212750185,-1.2944922164566346
13.046,3.80288361749444,4.144810971089696,-1.2942327650111194
13.066,3.8030133432171978,4.144384729429206,-1.2939733135656042
13.086,3.8031430689399555,4.1439584877687174,-1.293713862120089
13.106,3.803272794662713,4.1435322461082285,-1.2934544106745738
13.126,3.8034025203854704,4.143106004447739,-1.2931949592290586
13.146,3.803532246108228,4.14267976278725,-1.2929355077835434
13.166,3.803661971830986,4.142253521126761,-1.2926760563380282
13.186,3.8037916975537436,4.141827279466272,-1.292416604892513
13.206,3.803921423276501,4.141401037805782,-1.2921571534469978
13.226,3.8040511489992586,4.140974796145293,-1.2918977020014826
13.246,3.8041808747220163,4.140548554484804,-1.2916382505559674
13.266,3.804310600444774,4.140122312824314,-1.2913787991104522
13.286,3.8044403261675312,4.139696071163825,-1.291119347664937
13.306000000000001,3.804570051890289,4.139269829503336,-1.2908598962194218
13.326,3.8046997776130467,4.138843587842847,-1.2906004447739066
13.346,3.8048295033358044,4.138417346182357,-1.2903409933283914
13.366,3.8049592290585617,4.137991104521868,-1.2900815418828762
13.386,3.8050889547813194,4.137564862861379,-1.289822090437361
13.406,3.805218680504077,4.137138621200889,-1.2895626389918458
13.426,3.805348406226835,4.1367123795404,-1.2893031875463306
13.446,3.805478131949592,4.136286137879911,-1.2890437361008154
13.466,3.8056078576723498,4.135859896219422,-1.2887842846553004
13.486,3.8057375833951075,4.135433654558932,-1.288524833209785
13.506,3.805867309117865,4.135007412898443,-1.28826538176427
13.526,3.8059970348406225,4.134581171237954,-1.2880059303187548
13.546,3.80612676056338,4.134154929577464,-1.2877464788732396
13.566,3.806256486286138,4.1337286879169755,-1.2874870274277244
13.586,3.8063862120088956,4.1333024462564865,-1.2872275759822092
13.606,3.806515937731653,4.132876204595997,-1.286968124536694
13.626,3.8066456634544106,4.132449962935508,-1.2867086730911788
13.646,3.8067753891771683,4.132023721275019,-1.2864492216456636
13.666,3.806905114899926,4.13159747961453,-1.2861897702001484
13.686,3.8070348406226833,4.13117123795404,-1.2859303187546332
13.706,3.807164566345441,4.130744996293551,-1.285670867309118
13.726,3.8072942920681987,4.130318754633062,-1.2854114158636027
13.746,3.8074240177909564,4.129892512972572,-1.2851519644180875
13.766,3.8075537435137137,4.129466271312083,-1.2848925129725723
13.786,3.8076834692364714,4.129040029651594,-1.2846330615270571
13.806000000000001,3.807813194959229,4.128613787991104,-1.284373610081542
13.826,3.8079429206819864,4.128187546330615,-1.2841141586360267
13.846,3.808072646404744,4.127761304670126,-1.2838547071905115
13.866,3.808202372127502,4.127335063009637,-1.2835952557449963
13.886,3.8083320978502595,4.126908821349147,-1.2833358042994811
13.906,3.8084618235730168,4.126482579688658,-1.283076352853966
13.926,3.8085915492957745,4.126056338028169,-1.2828169014084507
13.946,3.808721275018532,4.125630096367679,-1.2825574499629355
13.966,3.80885100074129,4.12520385470719,-1.2822979985174203
13.986,3.808980726464047,4.124777613046701,-1.2820385470719051
14.006,3.809110452186805,4.124351371386212,-1.28177909562639
14.026,3.8092401779095626,4.1239251297257224,-1.2815196441808747
14.046,3.8093699036323203,4.1234988880652335,-1.2812601927353595
14.066,3.8094996293550776,4.1230726464047445,-1.2810007412898443
14.086,3.8096293550778353,4.122646404744255,-1.2807412898443291
14.106,3.809759080800593,4.122220163083766,-1.280481838398814
14.126,3.8098888065233507,4.121793921423277,-1.2802223869532987
14.146,3.810018532246108,4.121367679762788,-1.2799629355077835
14.166,3.8101482579688657,4.120941438102298,-1.2797034840622683
14.186,3.8102779836916234,4.120515196441809,-1.279444032616753
14.206,3.810407709414381,4.12008895478132,-1.279184581171238
14.226,3.8105374351371384,4.11966271312083,-1.2789251297257227
14.246,3.810667160859896,4.119236471460341,-1.2786656782802075
14.266,3.810796886582654,4.118810229799852,-1.2784062268346923
14.286,3.8109266123054115,4.118383988139362,-1.278146775389177
14.306000000000001,3.811056338028169,4.117957746478873,-1.277887323943662
14.326,3.8111860637509265,4.117531504818384,-1.2776278724981467
14.346,3.811315789473684,4.117105263157895,-1.2773684210526315
14.366,3.811445515196442,4.116679021497405,-1.2771089696071165
14.386,3.811575240919199,4.116252779836916,-1.2768495181616013
14.406,3.811704966641957,4.115826538176427,-1.276590066716086
14.426,3.8118346923647146,4.115400296515937,-1.276330615270571
14.446,3.8119644180874723,4.114974054855448,-1.2760711638250557
14.466,3.8120941438102296,4.114547813194959,-1.2758117123795405
14.486,3.8122238695329873,4.11412157153447,-1.2755522609340253
14.506,3.812353595255745,4.1136953298739805,-1.27529280948851
14.526,3.8124833209785027,4.1132690882134915,-1.275033358042995
14.546,3.81261304670126,4.1128428465530025,-1.2747739065974797
14.566,3.8127427724240177,4.112416604892513,-1.2745144551519645
14.586,3.8128724981467754,4.111990363232024,-1.2742550037064493
14.606,3.813002223869533,4.111564121571535,-1.273995552260934
14.626,3.8131319495922904,4.111137879911046,-1.2737361008154189
14.646,3.813261675315048,4.110711638250556,-1.2734766493699037
14.666,3.813391401037806,4.110285396590067,-1.2732171979243885
14.686,3.8135211267605635,4.109859154929578,-1.2729577464788733
14.706,3.813650852483321,4.109432913269088,-1.272698295033358
14.726,3.8137805782060785,4.109006671608599,-1.2724388435878429
14.746,3.8139103039288362,4.10858042994811,-1.2721793921423277
14.766,3.8140400296515935,4.10815418828762,-1.2719199406968125
14.786,3.814169755374351,4.107727946627131,-1.2716604892512973
14.806000000000001,3.814299481097109,4.107301704966642,-1.271401037805782
14.826,3.8144292068198666,4.106875463306153,-1.2711415863602669
14.846,3.814558932542624,4.106449221645663,-1.2708821349147517
14.866,3.8146886582653816,4.106022979985174,-1.2706226834692365
14.886,3.8148183839881393,4.105596738324685,-1.2703632320237213
14.906,3.814948109710897,4.105170496664195,-1.270103780578206
14.926,3.8150778354336543,4.104744255003706,-1.2698443291326909
14.946,3.815207561156412,4.104318013343217,-1.2695848776871757
14.966,3.8153372868791697,4.103891771682728,-1.2693254262416604
14.986,3.8154670126019274,4.1034655300222385,-1.2690659747961452
15.006,3.8155967383246847,4.1030392883617495,-1.26880652335063
15.026,3.8157264640474424,4.1026130467012605,-1.2685470719051148
15.046,3.8158561897702,4.102186805040771,-1.2682876204595996
15.066,3.815985915492958,4.101760563380282,-1.2680281690140844
15.086,3.816115641215715,4.101334321719793,-1.2677687175685692
15.106,3.816245366938473,4.100908080059304,-1.267509266123054
15.126,3.8163750926612305,4.100481838398814,-1.2672498146775388
15.146,3.8165048183839883,4.100055596738325,-1.2669903632320236
15.166,3.8166345441067455,4.099629355077836,-1.2667309117865084
15.186,3.8167642698295032,4.099203113417346,-1.2664714603409934
15.206,3.816893995552261,4.098776871756857,-1.2662120088954782
15.226,3.8170237212750187,4.098350630096368,-1.265952557449963
15.246,3.817153446997776,4.097924388435878,-1.2656931060044476
15.266,3.8172831727205336,4.097498146775389,-1.2654336545589326
15.286,3.8174128984432913,4.0970719051149,-1.2651742031134174
15.306000000000001,3.817542624166049,4.096645663454411,-1.2649147516679022
15.326,3.8176723498888063,4.096219421793921,-1.264655300222387
15.346,3.817802075611564,4.095793180133432,-1.2643958487768718
15.366,3.8179318013343218,4.095366938472943,-1.2641363973313566
15.386,3.8180615270570795,4.094940696812453,-1.2638769458858414
15.406,3.8181912527798367,4.094514455151964,-1.2636174944403262
15.426,3.8183209785025944,4.094088213491475,-1.263358042994811
15.446,3.818450704225352,4.093661971830986,-1.2630985915492958
15.466,3.81858042994811,4.0932357301704965,-1.2628391401037806
15.486,3.818710155670867,4.0928094885100075,-1.2625796886582654
15.506,3.818839881393625,4.0923832468495185,-1.2623202372127502
15.526,3.8189696071163826,4.091957005189029,-1.262060785767235
15.546,3.8190993328391403,4.09153076352854,-1.2618013343217198
15.566,3.8192290585618975,4.091104521868051,-1.2615418828762046
15.586,3.8193587842846553,4.090678280207561,-1.2612824314306894
15.606,3.819488510007413,4.090252038547072,-1.2610229799851742
15.626,3.8196182357301707,4.089825796886583,-1.260763528539659
15.646,3.819747961452928,4.089399555226094,-1.2605040770941438
15.666,3.8198776871756857,4.088973313565604,-1.2602446256486286
15.686,3.8200074128984434,4.088547071905115,-1.2599851742031134
15.706,3.8201371386212006,4.088120830244626,-1.2597257227575982
15.726,3.8202668643439583,4.087694588584136,-1.259466271312083
15.746,3.820396590066716,4.087268346923647,-1.2592068198665678
15.766,3.8205263157894738,4.086842105263158,-1.2589473684210526
15.786,3.820656041512231,4.086415863602669,-1.2586879169755374
15.806000000000001,3.8207857672349888,4.085989621942179,-1.2584284655300222
15.826,3.8209154929577465,4.08556338028169,-1.258169014084507
15.846,3.821045218680504,4.085137138621201,-1.2579095626389918
15.866,3.8211749444032614,4.084710896960711,-1.2576501111934766
15.886000000000001,3.821304670126019,4.084284655300222,-1.2573906597479614
15.906,3.821434395848777,4.083858413639733,-1.2571312083024462
15.926,3.8215641215715346,4.0834321719792435,-1.256871756856931
15.946,3.821693847294292,4.0830059303187545,-1.2566123054114158
15.966,3.8218235730170496,4.0825796886582655,-1.2563528539659006
15.986,3.8219532987398073,4.0821534469977765,-1.2560934025203854
16.006,3.822083024462565,4.081727205337287,-1.2558339510748702
16.026,3.8222127501853222,4.081300963676798,-1.255574499629355
16.046,3.82234247590808,4.080874722016309,-1.25531504818384
16.066,3.8224722016308377,4.080448480355819,-1.2550555967383248
16.086,3.8226019273535954,4.08002223869533,-1.2547961452928096
16.106,3.8227316530763527,4.079595997034841,-1.2545366938472942
16.126,3.8228613787991104,4.079169755374352,-1.2542772424017792
16.146,3.822991104521868,4.078743513713862,-1.254017790956264
16.166,3.823120830244626,4.078317272053373,-1.2537583395107488
16.186,3.823250555967383,4.077891030392884,-1.2534988880652336
16.206,3.8233802816901408,4.077464788732394,-1.2532394366197184
16.226,3.8235100074128985,4.077038547071905,-1.2529799851742032
16.246,3.823639733135656,4.076612305411416,-1.252720533728688
16.266000000000002,3.8237694588584135,4.076186063750926,-1.2524610822831728
16.286,3.823899184581171,4.075759822090437,-1.2522016308376576
16.306,3.824028910303929,4.075333580429948,-1.2519421793921424
16.326,3.8241586360266866,4.074907338769459,-1.2516827279466272
16.346,3.824288361749444,4.074481097108969,-1.251423276501112
16.366,3.8244180874722016,4.07405485544848,-1.2511638250555968
16.386,3.8245478131949593,4.073628613787991,-1.2509043736100816
16.406,3.824677538917717,4.073202372127502,-1.2506449221645664
16.426,3.8248072646404743,4.0727761304670125,-1.2503854707190512
16.446,3.824936990363232,4.0723498888065235,-1.250126019273536
16.466,3.8250667160859897,4.0719236471460345,-1.2498665678280207
16.486,3.8251964418087474,4.071497405485545,-1.2496071163825055
16.506,3.8253261675315047,4.071071163825056,-1.2493476649369903
16.526,3.8254558932542624,4.070644922164567,-1.2490882134914751
16.546,3.82558561897702,4.070218680504077,-1.24882876204596
16.566,3.825715344699778,4.069792438843588,-1.2485693106004447
16.586,3.825845070422535,4.069366197183099,-1.2483098591549295
16.606,3.825974796145293,4.068939955522609,-1.2480504077094143
16.626,3.8261045218680505,4.06851371386212,-1.2477909562638991
16.646,3.826234247590808,4.068087472201631,-1.247531504818384
16.666,3.8263639733135655,4.067661230541142,-1.2472720533728687
16.686,3.826493699036323,4.067234988880652,-1.2470126019273535
16.706,3.826623424759081,4.066808747220163,-1.2467531504818383
16.726,3.826753150481838,4.066382505559674,-1.2464936990363231
16.746,3.826882876204596,4.065956263899185,-1.246234247590808
16.766000000000002,3.8270126019273536,4.065530022238695,-1.2459747961452927
16.786,3.8271423276501113,4.065103780578206,-1.2457153446997775
16.806,3.8272720533728686,4.064677538917717,-1.2454558932542623
16.826,3.8274017790956263,4.064251297257227,-1.2451964418087471
16.846,3.827531504818384,4.063825055596738,-1.244936990363232
16.866,3.8276612305411417,4.063398813936249,-1.244677538917717
16.886,3.827790956263899,4.0629725722757595,-1.2444180874722015
16.906,3.8279206819866567,4.0625463306152705,-1.2441586360266865
16.926,3.8280504077094144,4.0621200889547815,-1.2438991845811713
16.946,3.828180133432172,4.0616938472942925,-1.243639733135656
16.966,3.8283098591549294,4.061267605633803,-1.2433802816901407
16.986,3.828439584877687,4.060841363973314,-1.2431208302446257
17.006,3.828569310600445,4.060415122312825,-1.2428613787991105
17.026,3.8286990363232025,4.059988880652335,-1.2426019273535953
17.046,3.82882876204596,4.059562638991846,-1.2423424759080801
17.066,3.8289584877687175,4.059136397331357,-1.242083024462565
17.086,3.829088213491475,4.058710155670868,-1.2418235730170497
17.106,3.829217939214233,4.058283914010378,-1.2415641215715345
17.126,3.82934766493699,4.057857672349889,-1.2413046701260193
17.146,3.829477390659748,4.0574314306894,-1.241045218680504
17.166,3.8296071163825056,4.05700518902891,-1.240785767234989
17.186,3.8297368421052633,4.056578947368421,-1.2405263157894737
17.206,3.8298665678280206,4.056152705707932,-1.2402668643439585
17.226,3.8299962935507783,4.055726464047442,-1.2400074128984433
17.246,3.830126019273536,4.055300222386953,-1.239747961452928
17.266000000000002,3.8302557449962937,4.054873980726464,-1.239488510007413
17.286,3.830385470719051,4.054447739065975,-1.2392290585618977
17.306,3.8305151964418087,4.054021497405485,-1.2389696071163825
17.326,3.8306449221645664,4.053595255744996,-1.2387101556708673
17.346,3.830774647887324,4.053169014084507,-1.238450704225352
17.366,3.8309043736100814,4.0527427724240175,-1.2381912527798369
17.386,3.831034099332839,4.0523165307635285,-1.2379318013343217
17.406,3.831163825055597,4.0518902891030395,-1.2376723498888065
17.426000000000002,3.8312935507783545,4.0514640474425505,-1.2374128984432913
17.446,3.831423276501112,4.051037805782061,-1.237153446997776
17.466,3.8315530022238695,4.050611564121572,-1.2368939955522609
17.486,3.8316827279466272,4.050185322461083,-1.2366345441067457
17.506,3.831812453669385,4.049759080800593,-1.2363750926612305
17.526,3.831942179392142,4.049332839140104,-1.2361156412157153
17.546,3.8320719051149,4.048906597479615,-1.2358561897702
17.566,3.8322016308376576,4.048480355819126,-1.2355967383246849
17.586,3.8323313565604153,4.048054114158636,-1.2353372868791697
17.606,3.8324610822831726,4.047627872498147,-1.2350778354336545
17.626,3.8325908080059303,4.047201630837658,-1.2348183839881393
17.646,3.832720533728688,4.046775389177168,-1.234558932542624
17.666,3.8328502594514458,4.046349147516679,-1.2342994810971089
17.686,3.832979985174203,4.04592290585619,-1.2340400296515937
17.706,3.8331097108969607,4.0454966641957,-1.2337805782060784
17.726,3.8332394366197184,4.045070422535211,-1.2335211267605635
17.746,3.8333691623424757,4.044644180874722,-1.2332616753150483
17.766000000000002,3.8334988880652334,4.044217939214233,-1.2330022238695328
17.786,3.833628613787991,4.043791697553743,-1.2327427724240176
17.806,3.833758339510749,4.043365455893254,-1.2324833209785027
17.826,3.833888065233506,4.042939214232765,-1.2322238695329875
17.846,3.834017790956264,4.0425129725722755,-1.2319644180874723
17.866,3.8341475166790215,4.0420867309117865,-1.231704966641957
17.886,3.8342772424017793,4.0416604892512975,-1.2314455151964419
17.906,3.8344069681245365,4.0412342475908085,-1.2311860637509267
17.926000000000002,3.8345366938472942,4.040808005930319,-1.2309266123054114
17.946,3.834666419570052,4.04038176426983,-1.2306671608598962
17.966,3.8347961452928097,4.039955522609341,-1.230407709414381
17.986,3.834925871015567,4.039529280948851,-1.2301482579688658
18.006,3.8350555967383246,4.039103039288362,-1.2298888065233506
18.026,3.8351853224610823,4.038676797627873,-1.2296293550778354
18.046,3.83531504818384,4.038250555967384,-1.2293699036323202
18.066,3.8354447739065973,4.037824314306894,-1.229110452186805
18.086,3.835574499629355,4.037398072646405,-1.2288510007412898
18.106,3.8357042253521128,4.036971830985916,-1.2285915492957746
18.126,3.8358339510748705,4.036545589325426,-1.2283320978502594
18.146,3.8359636767976277,4.036119347664937,-1.2280726464047442
18.166,3.8360934025203854,4.035693106004448,-1.227813194959229
18.186,3.836223128243143,4.035266864343958,-1.2275537435137138
18.206,3.836352853965901,4.034840622683469,-1.2272942920681986
18.226,3.836482579688658,4.03441438102298,-1.2270348406226834
18.246,3.836612305411416,4.033988139362491,-1.2267753891771682
18.266000000000002,3.8367420311341736,4.033561897702001,-1.226515937731653
18.286,3.8368717568569313,4.033135656041512,-1.2262564862861378
18.306,3.8370014825796885,4.032709414381023,-1.2259970348406226
18.326,3.8371312083024463,4.0322831727205335,-1.2257375833951074
18.346,3.837260934025204,4.0318569310600445,-1.2254781319495922
18.366,3.8373906597479617,4.0314306893995555,-1.225218680504077
18.386,3.837520385470719,4.0310044477390665,-1.2249592290585618
18.406,3.8376501111934767,4.030578206078577,-1.2246997776130466
18.426000000000002,3.8377798369162344,4.030151964418088,-1.2244403261675314
18.446,3.837909562638992,4.029725722757599,-1.2241808747220162
18.466,3.8380392883617493,4.029299481097109,-1.223921423276501
18.486,3.838169014084507,4.02887323943662,-1.2236619718309858
18.506,3.8382987398072648,4.028446997776131,-1.2234025203854706
18.526,3.8384284655300225,4.028020756115641,-1.2231430689399554
18.546,3.8385581912527797,4.027594514455152,-1.2228836174944402
18.566,3.8386879169755375,4.027168272794663,-1.222624166048925
18.586,3.838817642698295,4.026742031134174,-1.22236471460341
18.606,3.838947368421053,4.026315789473684,-1.2221052631578946
18.626,3.83907709414381,4.025889547813195,-1.2218458117123794
18.646,3.839206819866568,4.025463306152706,-1.2215863602668642
18.666,3.8393365455893256,4.025037064492216,-1.2213269088213492
18.686,3.8394662713120833,4.024610822831727,-1.221067457375834
18.706,3.8395959970348406,4.024184581171238,-1.2208080059303188
18.726,3.8397257227575983,4.023758339510749,-1.2205485544848036
18.746,3.839855448480356,4.023332097850259,-1.2202891030392884
18.766000000000002,3.8399851742031137,4.02290585618977,-1.2200296515937732
18.786,3.840114899925871,4.022479614529281,-1.219770200148258
18.806,3.8402446256486287,4.0220533728687915,-1.2195107487027428
18.826,3.8403743513713864,4.0216271312083025,-1.2192512972572276
18.846,3.8405040770941437,4.0212008895478135,-1.2189918458117124
18.866,3.8406338028169014,4.020774647887324,-1.2187323943661972
18.886,3.840763528539659,4.020348406226835,-1.218472942920682
18.906,3.840893254262417,4.019922164566346,-1.2182134914751668
18.926000000000002,3.841022979985174,4.019495922905857,-1.2179540400296516
18.946,3.8411527057079318,4.019069681245367,-1.2176945885841364
18.966,3.8412824314306895,4.018643439584878,-1.2174351371386212
18.986,3.841412157153447,4.018217197924389,-1.217175685693106
19.006,3.8415418828762045,4.017790956263899,-1.2169162342475908
19.026,3.841671608598962,4.01736471460341,-1.2166567828020756
19.046,3.84180133432172,4.016938472942921,-1.2163973313565604
19.066,3.8419310600444776,4.016512231282432,-1.2161378799110452
19.086,3.842060785767235,4.016085989621942,-1.21587842846553
19.106,3.8421905114899926,4.015659747961453,-1.2156189770200148
19.126,3.8423202372127503,4.015233506300964,-1.2153595255744996
19.146,3.842449962935508,4.014807264640474,-1.2151000741289844
19.166,3.8425796886582653,4.014381022979985,-1.2148406226834692
19.186,3.842709414381023,4.013954781319496,-1.214581171237954
19.206,3.8428391401037807,4.013528539659007,-1.2143217197924387
19.226,3.8429688658265384,4.013102297998517,-1.2140622683469235
19.246,3.8430985915492957,4.012676056338028,-1.2138028169014083
19.266000000000002,3.8432283172720534,4.012249814677539,-1.2135433654558931
19.286,3.843358042994811,4.0118235730170495,-1.213283914010378
19.306,3.843487768717569,4.0113973313565605,-1.2130244625648627
19.326,3.843617494440326,4.0109710896960715,-1.2127650111193475
19.346,3.843747220163084,4.010544848035582,-1.2125055596738323
19.366,3.8438769458858415,4.010118606375093,-1.2122461082283171
19.386,3.844006671608599,4.009692364714604,-1.211986656782802
19.406,3.8441363973313565,4.009266123054115,-1.211727205337287
19.426000000000002,3.844266123054114,4.008839881393625,-1.2114677538917715
19.446,3.844395848776872,4.008413639733136,-1.2112083024462563
19.466,3.8445255744996296,4.007987398072647,-1.2109488510007411
19.486,3.844655300222387,4.007561156412157,-1.2106893995552261
19.506,3.8447850259451446,4.007134914751668,-1.2104299481097107
19.526,3.8449147516679023,4.006708673091179,-1.2101704966641957
19.546,3.84504447739066,4.00628243143069,-1.2099110452186805
19.566,3.8451742031134173,4.0058561897702,-1.2096515937731653
19.586,3.845303928836175,4.005429948109711,-1.2093921423276501
19.606,3.8454336545589327,4.005003706449222,-1.209132690882135
19.626,3.8455633802816904,4.004577464788732,-1.2088732394366197
19.646,3.8456931060044477,4.004151223128243,-1.2086137879911045
19.666,3.8458228317272054,4.003724981467754,-1.2083543365455893
19.686,3.845952557449963,4.003298739807265,-1.2080948851000741
19.706,3.846082283172721,4.002872498146775,-1.207835433654559
19.726,3.846212008895478,4.002446256486286,-1.2075759822090437
19.746,3.846341734618236,4.002020014825797,-1.2073165307635285
19.766000000000002,3.8464714603409935,4.0015937731653075,-1.2070570793180133
19.786,3.846601186063751,4.0011675315048185,-1.2067976278724981
19.806,3.8467309117865085,4.0007412898443295,-1.206538176426983
19.826,3.846860637509266,4.00031504818384,-1.2062787249814677
19.846,3.846990363232024,3.9998888065233507,-1.2060192735359525
19.866,3.847120088954781,3.9994625648628617,-1.2057598220904373
19.886,3.847249814677539,3.9990363232023722,-1.205500370644922
19.906,3.8473795404002966,3.9986100815418832,-1.205240919199407
19.926000000000002,3.8475092661230543,3.998183839881394,-1.2049814677538917
19.946,3.8476389918458116,3.9977575982209044,-1.2047220163083765
19.966,3.8477687175685693,3.9973313565604154,-1.2044625648628613
19.986,3.847898443291327,3.996905114899926,-1.204203113417346
20.006,3.8480281690140847,3.996478873239437,-1.203943661971831
20.026,3.848157894736842,3.9960526315789475,-1.2036842105263157
20.046,3.8482876204595997,3.995626389918458,-1.2034247590808005
20.066,3.8484173461823574,3.995200148257969,-1.2031653076352853
20.086,3.848547071905115,3.9947739065974797,-1.20290585618977
20.106,3.8486767976278724,3.9943476649369907,-1.2026464047442549
20.126,3.84880652335063,3.9939214232765012,-1.2023869532987397
20.146,3.848936249073388,3.9934951816160122,-1.2021275018532245
20.166,3.8490659747961455,3.993068939955523,-1.2018680504077093
20.186,3.849195700518903,3.9926426982950334,-1.201608598962194
20.206,3.8493254262416605,3.9922164566345444,-1.2013491475166789
20.226,3.8494551519644182,3.991790214974055,-1.201089696071164
20.246,3.849584877687176,3.991363973313566,-1.2008302446256485
20.266000000000002,3.849714603409933,3.9909377316530765,-1.2005707931801333
20.286,3.849844329132691,3.990511489992587,-1.200311341734618
20.306,3.8499740548554486,3.990085248332098,-1.2000518902891029
20.326,-4.2933333333332895,-0.8133333333333255,1.9366666666666272
20.346,-4.68,-1.14,2.34
20.366,-4.39,-1.66,1.98
20.386,-4.1,-1.94,1.54
20.406,-3.84,-2.01,1.29
20.426000000000002,-3.379999999999929,-1.8299999999999113,1.119999999999929
20.446,-3.42,-1.14,0.79
20.466,-4.38,0.28,0.37
20.486,-4.96,1.48,-0.58
20.506,-3.48,2.37,-2.21
20.526,-0.51,3.7,-4.03
20.546,2.48,3.15,-4.83
20.566,4.93,1.44,-4.5
20.586,6.28,1.1,-4.96
20.606,6.07,1.82,-5.76
20.626,5.01,2.03,-4.56
20.646,3.79,3.18,-4.08
20.666,2.94,5.09,-4.63
20.686,2.66,5.96,-4.63
20.706,2.84,5.74,-3.5
20.726,3.37,5.09,-1.8
20.746,3.96,4.61,-0.6
20.766000000000002,4.8600000000002135,3.8499999999997514,-0.12999999999996448
20.786,5.56,2.49,-0.2
20.806,5.25,1.01,-0.01
20.826,3.43,0.15,1.45
20.846,0.22,0.51,3.7
20.866,-2.415,1.615,4.720000000000001
20.886,-4.56,1.58,4.31
20.906,-4.81,0.68,3.76
20.926000000000002,-4.53,-0.5700000000001421,3.910000000000089
20.946,-4.7412500000000195,-0.8587500000000028,4.533750000000036
20.966,-5.63,-0.94,5.79
20.986,-6.01,-0.31,5.16
21.006,-4.97,0.27,3.03
21.026,-4.11,-0.06,1.13
21.046,-3.94,-0.68,0.53
21.066,-4.01,-1.37,0.51
21.086,-4.1,-1.69,0.39
21.106,-4.22,-1.76,0.11
21.126,-4.346666666666675,-1.8266666666666747,-0.08333333333332543
21.146,-4.46,-1.79,-0.11333333333332543
21.166,-4.263333333333314,-1.6833333333333371,-0.00666666666666272
21.186,-3.8533333333333135,-1.7133333333333371,0.31333333333336094
21.206,-3.55,-1.72,0.51
21.226,-3.0133333333334202,-0.8366666666668403,-0.09333333333320701
21.246,-1.9033333333334674,1.433333333333065,-1.5433333333331833
21.266000000000002,-0.13999999999989343,3.5766666666667217,-3.3900000000000947
21.286,2.216666666666793,3.65333333333329,-4.690000000000036
21.306,4.513333333333431,2.2799999999999288,-5.026666666666663
21.326,6.116666666666722,1.6933333333333491,-4.920000000000024
21.346,6.713333333333349,1.9233333333333136,-5.199999999999965
21.366,6.976666666666675,0.7366666666666035,-3.3699999999998935
21.386,6.563333333333444,0.479999999999929,-2.4433333333332308
21.406,5.320000000000118,2.0799999999998104,-4.033333333333159
21.426000000000002,4.056666666666604,3.4733333333333847,-4.643333333333302
21.446,2.9366666666666275,4.276666666666674,-3.689999999999917
21.466,2.6433333333333375,4.2299999999999764,-2.156666666666615
21.486,2.9700000000000237,3.6199999999999646,-1.236666666666639
21.506,3.4466666666666863,2.7999999999999527,-0.8933333333333254
21.526,3.566666666666651,1.8166666666666273,-0.6266666666666508
21.546,2.8400000000000594,1.0100000000000355,-0.026666666666717992
21.566,1.2333333333335386,0.73,1.4633333333331358
21.586,-1.0733333333330886,0.9666666666666272,3.369999999999858
21.606,-3.3400000000000944,1.47666666666671,3.916666666666639
21.626,-4.85666666666671,1.9766666666666628,2.8999999999999524
21.646,-5.063333333333314,1.3866666666666154,2.32
21.666,-4.5833333333333135,0.24666666666659165,2.863333333333397
21.686,-4.536666666666675,-1.220000000000071,4.463333333333408
21.706,-4.700000000000012,-2.1899999999999884,5.983333333333385
21.726,-4.64,-0.7,5.56
21.746,-3.043333333333515,0.49000000000009475,2.5100000000002605
21.766000000000002,-1.53333333333329,-1.0066666666667339,0.5866666666666154
21.786,-1.2050000000000267,-2.02500000000008,0.3150000000000444
21.806,-1.7900000000001066,-2.6400000000000534,1.0350000000000978
21.826,-2.673333333333373,-2.8433333333333257,1.6100000000000119
21.846,-2.962558139534883,-2.7437209302325583,1.6367441860465117
21.866,-3.009069767441859,-2.7204651162790703,1.632093023255814
21.886,-3.626249999999995,-2.141250000000006,1.3525000000000034
21.906,-4.685000000000027,-0.3950000000000444,0.30000000000001775
21.926000000000002,-4.034999999999885,-0.3350000000000266,0.2900000000000178
21.946,-2.9349999999998846,-1.0000000000000888,0.5450000000000267
21.966,-2.2149999999999554,-1.734999999999991,0.5399999999999823
21.986,-1.65499999999992,-0.28499999999974246,-0.21000000000015986
22.006,-0.455,1.825,-2.1950000000000003
22.026,1.6,2.51,-4.715
22.046,3.6049999999998135,0.7850000000002398,-5.9999999999999645
22.066,4.839999999999911,-0.045000000000097705,-6.004999999999991
22.086,5.15,1.493333333333207,-6.196666666666698
22.106,5.099999999999988,1.3866666666666034,-4.5333333333331955
22.126,4.649999999999911,0.7700000000000711,-2.5349999999999553
22.146,3.7499999999998934,2.5150000000002577,-3.6700000000001953
22.166,2.88,4.0200000000000005,-4.655
22.186,2.2199999999999998,4.57,-3.9749999999999996
22.206,2.04,4.29,-2.285
22.226,2.1849999999999734,3.6850000000000622,-0.9750000000000978
22.246,2.464999999999973,3.2750000000000266,-0.42500000000004445
22.266000000000002,2.8050000000000446,3.2299999999999827,-0.12999999999996448
22.286,3.2200000000000237,2.5866666666665323,0.2966666666667219
22.306,3.2099999999999644,0.9849999999998313,1.1700000000001243
22.326,2.220000000000083,-0.3833333333332899,2.5066666666666033
22.346,0.07500000000000001,-0.42000000000000004,3.4200000000000004
22.366,-2.496666666666556,0.40333333333330174,3.193333333333373
22.386,-4.069999999999953,0.8899999999999764,2.1800000000000357
22.406,-4.553333333333337,1.2499999999999882,2.4966666666666155
22.426000000000002,-4.15999999999968,0.9299999999994671,3.6400000000007107
22.446,-3.303333333333278,-0.7233333333334675,4.706666666666698
22.466,-3.3033333333333967,-1.259999999999929,5.2266666666666985
22.486,-4.070000000000054,-0.06499999999988454,4.804999999999902
22.506,-3.9800000000000235,0.7933333333333017,3.590000000000083
22.526,-3.563333333333349,0.8300000000000237,1.7100000000000828
22.546,-3.499999999999988,0.17666666666669825,0.5933333333333609
22.566,-3.72,-0.809999999999929,0.33
22.586,-3.759999999999858,-1.8433333333336097,0.3466666666666509
22.606,-4.29,-1.33,0.45
22.626,-4.7150000000000265,-1.3900000000000357,0.53
22.646,-4.81,-1.7100000000000355,0.32499999999995555
22.666,-4.68,-1.815,-0.135
22.686,-4.449999999999999,-1.705,-0.52
22.706,-4.245,-1.49,-0.79
22.726,-4.030000000000035,-0.7050000000001333,-1.7299999999998579
22.746,-3.1250000000001688,1.1549999999997602,-2.9749999999998664
22.766000000000002,-1.2949999999997601,2.985000000000151,-4.155000000000115
22.786,0.77,3.48,-4.95
22.806,2.7300000000001776,2.3049999999998136,-4.40999999999984
22.826,3.96,1.6,-3.34
22.846,5.155,3.25,-3.1550000000000002
22.866,5.574999999999999,3.39,-2.46
22.886,5.76,3.6,-2.07
22.906,5.520000000000012,4.8933333333332785,-2.5533333333333137
22.926000000000002,5.234999999999973,5.625000000000044,-2.6649999999999734
22.946,4.946666666666651,5.503333333333278,-1.9733333333332306
22.966,4.9,4.626666666666556,-0.9733333333332543
22.986,5.065000000000004,3.9024999999999843,-0.6800000000000089
23.006,5.19,3.28,-1.14
23.026,4.973333333333361,2.4200000000000474,-1.2266666666666863
23.046,4.073333333333396,1.4566666666667218,-0.33000000000007107
23.066,2.4066666666667693,0.24333333333338467,1.2799999999999172
23.086,0.02750000000016431,-0.5149999999999734,2.7524999999999245
23.106,-3.04000000000032,-0.39999999999994673,3.6450000000000267
23.126,-5.530000000000189,0.1166666666667456,3.3166666666666034
23.146,-6.576666666666687,0.8933333333333492,2.940000000000012
23.166,-6.48,0.265,3.915
23.186,-5.94,-1.32,4.89
23.206,-5.09,-1.32,5.08
23.226,-4.53,-1.03,4.16
23.246,-3.64,-1.01,3.04
23.266000000000002,-3.0199999999999823,-0.9050000000000045,1.6599999999999202
23.286,-2.89,-1.0333333333333492,0.6099999999999526
23.306,-2.88,-1.4300000000000472,0.3833333333333254
23.326,-2.7466666666666746,-1.9599999999999762,0.2566666666666746
23.346,-2.5066666666666744,-2.3066666666666626,-0.12666666666663903
23.366,-2.3533333333333375,-2.1933333333333493,-0.7699999999999645
23.386,-2.28,-1.85,-1.3
23.406,-2.5699999999999763,-1.71,-1.4866666666666628
23.426000000000002,-3.19500000000008,-1.5499999999999645,-1.555000000000009
23.446,-3.876666666666722,-1.093333333333278,-1.3733333333333018
23.466,-4.330000000000036,-0.4499999999999112,-1.0449999999999733
23.486,-4.28,0.69,-0.9
23.506,-3.0466666666667694,4.003333333333136,-2.0133333333332306
23.526,-0.5833333333334676,6.083333333333373,-4.3099999999999055
23.546,2.08,3.66,-5.09
23.566,4.4399999999999284,1.1450000000000489,-4.62500000000004
23.586,4.81,1.18,-3.71
23.606,3.9999999999999054,1.7100000000001185,-1.7333333333331358
23.626,3.139999999999929,3.456666666666864,-0.8666666666666746
23.646,2.7099999999999764,4.93333333333342,-1.1066666666666747
23.666,2.57,4.78,-0.74
23.686,2.42,4.16,-0.12
23.706,2.5,4.37,0.65
23.726,3.0699999999999643,4.1700000000000355,1.4299999999999644
23.746,3.94,3.46,1.77
23.766000000000002,5.180000000000177,2.509999999999751,1.459999999999929
23.786,6.3,0.74,1.06
23.806,6.73,-0.99,1.13
23.826,5.14,-2.86,1.97
23.846,1.486666666666876,-3.1033333333333846,2.673333333333314
23.866,-2.769999999999811,-1.1000000000001302,2.8666666666666742
23.886,-5.93,0.97,2.69
23.906,-6.989999999999947,1.2400000000000533,2.634999999999973
23.926000000000002,-7.400000000000036,0.3199999999998697,3.190000000000083
23.946,-7.453333333333325,-0.18666666666669826,3.8033333333334203
23.966,-7.239999999999929,0.11500000000002665,4.244999999999991
23.986,-5.96,-0.27,4.02
24.006,-4.12,-0.71,2.43
24.026,-2.8,-1.13,1.1
24.046,-2.14,-1.92,0.87
24.066,-1.62,-2.93,0.97
24.086000000000002,-1.3100000000000118,-3.9800000000001066,0.9099999999999764
24.106,-1.77,-3.98,0.87
24.126,-2.89,-3.01,1.04
24.146,-3.83,-2.25,1.21
24.166,-4.62,-1.32,0.8
24.186,-5.039999999999999,-0.325,-0.16999999999999998
24.206,-5.02,0.26,-1.22
24.226,-3.99,2.69,-2.17
24.246,-1.16,5.63,-3.64
24.266000000000002,2.296666666667006,4.443333333333041,-4.97333333333342
24.286,5.27,1.44,-4.88
24.306,6.57,1.06,-4.46
24.326,6.4,1.31,-4.28
24.346,5.035,1.155,-2.67
24.366,3.72,3.3,-2.06
24.386,3.235000000000009,5.584999999999849,-2.819999999999947
24.406,3.32,6.06,-2.57
24.426000000000002,3.5266666666666984,5.536666666666603,-1.5466666666665325
24.446,4.120000000000036,4.634999999999933,-0.23999999999993785
24.466,4.94333333333342,3.793333333333278,0.3633333333333491
24.486,6.0,3.12,0.11
24.506,6.67,2.0,-0.4
24.526,6.03,0.73,-0.38
24.546,3.77,-0.31,0.83
24.566,0.3,-0.73,2.85
24.586000000000002,-3.6900000000001656,1.3533333333334676,3.9
24.606,-5.920000000000047,2.7599999999999763,3.4699999999999647
24.626,-5.6866666666666035,1.0566666666665443,2.88
24.646,-4.089999999999929,-0.9833333333333847,3.2766666666666864
24.666,-3.173333333333314,-1.393333333333349,3.6133333333333493
24.686,-3.1800000000000117,-1.5399999999999763,3.869999999999988
24.706,-3.295,-1.0750000000000002,3.325
24.726,-2.97,-0.84,2.32
24.746,-2.85,-0.79,1.16
24.766000000000002,-3.150000000000071,-1.110000000000089,0.77
24.786,-3.49,-1.58,0.89
24.806,-3.59,-1.8975000000000066,0.9474999999999978
24.826,-3.590194410692588,-1.950388821385176,0.9196111786148238
24.846,-3.5904374240583232,-1.9508748481166465,0.9191251518833536
24.866,-3.590680437424058,-1.9513608748481166,0.9186391251518834
24.886,-3.590923450789793,-1.951846901579587,0.9181530984204131
24.906,-3.5911664641555285,-1.952332928311057,0.9176670716889429
24.926000000000002,-3.5914094775212635,-1.9528189550425274,0.9171810449574727
24.946,-3.591652490886999,-1.9533049817739976,0.9166950182260024
24.966,-3.591895504252734,-1.9537910085054677,0.9162089914945322
24.986,-3.592138517618469,-1.954277035236938,0.9157229647630619
25.006,-3.592381530984204,-1.9547630619684082,0.9152369380315918
25.026,-3.592624544349939,-1.9552490886998786,0.9147509113001215
25.046,-3.592867557715674,-1.9557351154313487,0.9142648845686513
25.066,-3.5931105710814095,-1.9562211421628188,0.913778857837181
25.086000000000002,-3.5933535844471445,-1.9567071688942892,0.9132928311057108
25.106,-3.59359659781288,-1.9571931956257596,0.9128068043742406
25.126,-3.593839611178615,-1.9576792223572297,0.9123207776427703
25.146,-3.59408262454435,-1.9581652490886998,0.9118347509113001
25.166,-3.594325637910085,-1.9586512758201702,0.9113487241798299
25.186,-3.59456865127582,-1.9591373025516403,0.9108626974483597
25.206,-3.594811664641555,-1.9596233292831104,0.9103766707168894
25.226,-3.5950546780072905,-1.9601093560145808,0.9098906439854192
25.246,-3.5952976913730255,-1.960595382746051,0.909404617253949
25.266000000000002,-3.595540704738761,-1.9610814094775213,0.9089185905224787
25.286,-3.595783718104496,-1.9615674362089914,0.9084325637910085
25.306,-3.5960267314702308,-1.9620534629404618,0.9079465370595382
25.326,-3.596269744835966,-1.962539489671932,0.9074605103280681
25.346,-3.596512758201701,-1.9630255164034023,0.9069744835965978
25.366,-3.596755771567436,-1.9635115431348724,0.9064884568651276
25.386,-3.5969987849331715,-1.9639975698663426,0.9060024301336573
25.406,-3.5972417982989064,-1.964483596597813,0.9055164034021872
25.426000000000002,-3.5974848116646414,-1.964969623329283,0.9050303766707168
25.446,-3.597727825030377,-1.9654556500607534,0.9045443499392466
25.466,-3.5979708383961118,-1.9659416767922235,0.9040583232077763
25.486,-3.598213851761847,-1.966427703523694,0.9035722964763062
25.506,-3.598456865127582,-1.966913730255164,0.903086269744836
25.526,-3.598699878493317,-1.9673997569866342,0.9026002430133657
25.546,-3.5989428918590525,-1.9678857837181045,0.9021142162818955
25.566,-3.5991859052247874,-1.9683718104495747,0.9016281895504253
25.586000000000002,-3.5994289185905224,-1.968857837181045,0.901142162818955
25.606,-3.599671931956258,-1.9693438639125151,0.9006561360874847
25.626,-3.5999149453219927,-1.9698298906439855,0.9001701093560146
25.646,-3.77,-2.27,0.46
25.666,-2.74,-1.9649999999999999,-0.15000000000000002
25.686,-2.3033333333333257,-1.733333333333278,-0.5466666666666864
25.706,-2.15,0.52,-1.16
25.726,-0.7000000000002486,3.4249999999998666,-2.3599999999998222
25.746,2.0199999999996625,2.835000000000222,-3.9349999999998313
25.766000000000002,4.590000000000095,0.47666666666657986,-5.123333333333373
25.786,5.815000000000063,0.1350000000000977,-5.720000000000054
25.806,5.906666666666651,1.1600000000000237,-6.073333333333314
25.826,5.319999999999999,1.125,-4.37
25.846,4.32,0.865,-2.16
25.866,2.9433333333333964,2.056666666666568,-2.3433333333332897
25.886,1.8450000000000977,3.9799999999998406,-2.7750000000000266
25.906,1.1200000000000534,4.814999999999955,-2.010000000000142
25.926000000000002,1.0250000000000443,4.919999999999964,-0.644999999999849
25.946,1.6450000000001155,4.28499999999992,0.39500000000007995
25.966,2.7633333333334438,3.3866666666665797,0.5999999999999763
25.986,3.9200000000001243,2.5699999999998933,0.04499999999992006
26.006,4.625,1.35,-0.475
26.026,4.38,0.19,-0.41000000000000003
26.046,3.0650000000002047,-0.7399999999999289,0.4649999999998668
26.066,0.7150000000003109,-0.9450000000000445,1.9099999999998403
26.086000000000002,-2.2700000000003198,-0.07499999999988455,2.99500000000008
26.106,-4.475000000000168,0.8600000000000533,3.365000000000009
26.126,-5.214999999999991,0.8799999999999822,3.1849999999999556
26.146,-4.9357142857142735,0.7442857142857056,2.8371428571428425
26.166,-4.606666666666686,0.4366666666666864,3.1333333333333018
26.186,-4.215,-0.16999999999999998,3.63
26.206,-3.3449999999999998,-0.885,3.54
26.226,-1.995000000000151,-1.4949999999999557,2.925000000000151
26.246,-1.0950000000000446,-1.7699999999999645,1.4500000000001243
26.266000000000002,-0.9233333333333255,-1.9933333333333492,0.96
26.286,-0.9502941176470588,-2.1411764705882357,1.0308823529411766
26.306,-0.9509477124183006,-2.1437908496732025,1.032843137254902
26.326,-0.9516013071895424,-2.14640522875817,1.0348039215686275
26.346,-0.9522549019607842,-2.149019607843137,1.036764705882353
26.366,-0.952908496732026,-2.1516339869281045,1.0387254901960785
26.386,-0.9535620915032679,-2.154248366013072,1.0406862745098038
26.406,-0.9542156862745097,-2.156862745098039,1.0426470588235293
26.426000000000002,-0.9548692810457516,-2.159477124183007,1.0446078431372552
26.446,-0.9555228758169935,-2.162091503267974,1.0465686274509807
26.466,-0.9561764705882353,-2.1647058823529415,1.0485294117647062
26.486,-0.9568300653594771,-2.167320261437909,1.0504901960784316
26.506,-0.957483660130719,-2.169934640522876,1.0524509803921571
26.526,-0.9581372549019608,-2.1725490196078434,1.0544117647058824
26.546,-0.9587908496732026,-2.1751633986928107,1.0563725490196079
26.566,-0.9594444444444444,-2.177777777777778,1.0583333333333333
26.586000000000002,-0.9750000000000089,-2.2500000000000355,1.1000000000000179
26.606,-1.15,3.53,-3.55
26.626,5.42,-0.08,-5.17
26.646,2.96,2.5,-3.74
26.666,0.8,4.805,-3.15
26.686,0.665,4.695,-1.715
26.706,1.0033333333333136,4.3766666666666865,-0.2433333333333965
26.726,1.5399999999999645,3.9800000000000235,0.5933333333333136
26.746,2.42,3.27,0.56
26.766000000000002,3.1800000000000477,1.9933333333331595,0.4633333333333491
26.786,3.4549999999999867,0.18999999999989342,1.130000000000062
26.806,2.46,-1.35,2.43
26.826,-0.6033333333331715,-1.0500000000000946,3.7099999999999764
26.846,-3.743333333333195,0.6899999999999527,3.8033333333333372
26.866,-5.675,1.22,3.7199999999999998
26.886,-6.309999999999988,1.0866666666666747,4.336666666666639
26.906,-6.23,1.15,4.51
26.926000000000002,-5.49999999999992,0.7374999999999267,4.099999999999973
26.946,-4.48,-0.44,3.68
26.966,-3.4433333333332308,-1.3200000000000474,2.936666666666556
26.986,-2.65,-1.52,1.73
27.006,-2.42,-1.68,1.0
27.026,-2.44,-1.96,0.74
27.046,-2.55,-2.2,0.71
27.066,-2.5,-2.18,0.57
27.086000000000002,-2.4333333333333256,-2.0833333333333255,0.18999999999995265
27.106,-2.48,-1.98,-0.26
27.126,-2.71,-1.86,-0.33
27.146,-2.85,-1.3766666666665799,-0.29
27.166,-2.93,-0.14,-0.4
27.186,-2.7199999999999998,0.755,-0.735
27.206,-1.775,1.755,-1.2349999999999999
27.226,0.05,3.25,-2.37
27.246,2.36,3.18,-3.9
27.266000000000002,4.810000000000308,1.4199999999997157,-4.450000000000047
27.286,6.32,0.05,-5.03
27.306,6.48,-0.78,-4.89
27.326,5.75,-1.2349999999999999,-3.7
27.346,4.49,0.3,-4.01
27.366,4.129362455726092,0.7908854781582055,-4.220354191263282
27.386,4.128512396694215,0.7920661157024794,-4.2208264462809915
27.406,4.127662337662337,0.7932467532467533,-4.221298701298701
27.426000000000002,4.12681227863046,0.7944273907910273,-4.22177095631641
27.446,4.125962219598583,0.7956080283353012,-4.222243211334121
27.466,4.125112160566706,0.7967886658795751,-4.22271546635183
27.486,4.124262101534828,0.797969303423849,-4.2231877213695395
27.506,4.1234120425029515,0.7991499409681229,-4.223659976387249
27.526,4.1225619834710745,0.8003305785123968,-4.224132231404958
27.546,4.121711924439197,0.8015112160566706,-4.224604486422668
27.566,4.12086186540732,0.8026918536009445,-4.225076741440377
27.586000000000002,4.120011806375443,0.8038724911452186,-4.2255489964580875
27.606,4.119161747343565,0.8050531286894925,-4.226021251475797
27.626,4.118311688311688,0.8062337662337664,-4.226493506493506
27.646,4.117461629279811,0.8074144037780403,-4.226965761511216
27.666,4.116611570247934,0.8085950413223142,-4.227438016528925
27.686,4.115761511216056,0.8097756788665881,-4.227910271546635
27.706,4.114911452184179,0.810956316410862,-4.228382526564345
27.726,4.114061393152302,0.8121369539551359,-4.228854781582054
27.746,4.113211334120425,0.8133175914994097,-4.229327036599764
27.766000000000002,4.112361275088547,0.8144982290436837,-4.229799291617473
27.786,4.1115112160566705,0.8156788665879576,-4.230271546635183
27.806,4.1106611570247935,0.8168595041322315,-4.230743801652892
27.826,4.109811097992916,0.8180401416765054,-4.231216056670602
27.846,4.108961038961039,0.8192207792207793,-4.231688311688312
27.866,4.108110979929162,0.8204014167650532,-4.232160566706021
27.886,4.107260920897285,0.8215820543093271,-4.232632821723731
27.906,4.106410861865407,0.822762691853601,-4.23310507674144
27.926000000000002,4.10556080283353,0.8239433293978751,-4.233577331759149
27.946,4.104710743801653,0.825123966942149,-4.23404958677686
27.966,4.103860684769775,0.8263046044864228,-4.234521841794569
27.986,4.103010625737898,0.8274852420306967,-4.234994096812279
28.006,4.102160566706021,0.8286658795749706,-4.235466351829988
28.026,4.101310507674144,0.8298465171192445,-4.235938606847697
28.046,4.100460448642266,0.8310271546635184,-4.236410861865407
28.066,4.0996103896103895,0.8322077922077923,-4.236883116883117
28.086000000000002,4.0987603305785125,0.8333884297520663,-4.237355371900827
28.106,4.097910271546635,0.8345690672963402,-4.237827626918536
28.126,4.097060212514758,0.8357497048406141,-4.238299881936245
28.146,4.096210153482881,0.836930342384888,-4.238772136953955
28.166,4.095360094451004,0.8381109799291618,-4.239244391971664
28.186,4.094510035419126,0.8392916174734357,-4.239716646989375
28.206,4.093659976387249,0.8404722550177096,-4.240188902007084
28.226,4.092809917355372,0.8416528925619835,-4.240661157024793
28.246,4.091959858323495,0.8428335301062574,-4.241133412042503
28.266000000000002,4.091109799291617,0.8440141676505315,-4.241605667060212
28.286,4.09025974025974,0.8451948051948054,-4.242077922077922
28.306,4.089409681227863,0.8463754427390793,-4.242550177095632
28.326,4.0885596221959855,0.8475560802833532,-4.243022432113341
28.346,4.0877095631641085,0.848736717827627,-4.243494687131051
28.366,4.0868595041322315,0.8499173553719009,-4.24396694214876
28.386,4.086009445100355,0.8510979929161748,-4.24443919716647
28.406,4.085159386068477,0.8522786304604487,-4.244911452184179
28.426000000000002,4.0843093270366,0.8534592680047227,-4.245383707201889
28.446,4.083459268004723,0.8546399055489966,-4.245855962219599
28.466,4.082609208972845,0.8558205430932705,-4.246328217237308
28.486,4.081759149940968,0.8570011806375444,-4.246800472255018
28.506,4.080909090909091,0.8581818181818183,-4.247272727272727
28.526,4.080059031877213,0.8593624557260922,-4.2477449822904365
28.546,4.079208972845336,0.860543093270366,-4.248217237308146
28.566,4.078358913813459,0.8617237308146399,-4.248689492325856
28.586000000000002,4.077508854781582,0.862904368358914,-4.249161747343566
28.606,4.0766587957497045,0.8640850059031879,-4.249634002361275
28.626,4.0758087367178275,0.8652656434474618,-4.2501062573789845
28.646,4.0749586776859505,0.8664462809917357,-4.250578512396694
28.666,4.074108618654073,0.8676269185360096,-4.251050767414403
28.686,4.073258559622196,0.8688075560802835,-4.251523022432114
28.706,4.072408500590319,0.8699881936245574,-4.251995277449823
28.726,4.071558441558442,0.8711688311688313,-4.2524675324675325
28.746,4.070708382526564,0.8723494687131051,-4.252939787485242
28.766000000000002,4.069858323494687,0.8735301062573791,-4.253412042502951
28.786,4.06900826446281,0.874710743801653,-4.253884297520661
28.806,4.068158205430932,0.8758913813459269,-4.254356552538371
28.826,4.067308146399055,0.8770720188902008,-4.2548288075560805
28.846,4.066458087367178,0.8782526564344747,-4.25530106257379
28.866,4.065608028335301,0.8794332939787486,-4.255773317591499
28.886,4.0647579693034235,0.8806139315230225,-4.256245572609209
28.906,4.0639079102715465,0.8817945690672964,-4.256717827626918
28.926000000000002,4.06305785123967,0.8829752066115705,-4.2571900826446285
28.946,4.062207792207792,0.8841558441558444,-4.257662337662338
28.966,4.061357733175915,0.8853364817001182,-4.258134592680047
28.986,4.060507674144038,0.8865171192443921,-4.258606847697757
29.006,4.059657615112161,0.887697756788666,-4.259079102715466
29.026,4.058807556080283,0.8888783943329399,-4.259551357733176
29.046,4.057957497048406,0.8900590318772138,-4.260023612750885
29.066,4.057107438016529,0.8912396694214877,-4.260495867768595
29.086000000000002,4.056257378984651,0.8924203069657617,-4.260968122786305
29.106,4.055407319952774,0.8936009445100356,-4.261440377804014
29.126,4.054557260920897,0.8947815820543095,-4.261912632821724
29.146,4.05370720188902,0.8959622195985834,-4.262384887839433
29.166,4.0528571428571425,0.8971428571428572,-4.2628571428571425
29.186,4.0520070838252655,0.8983234946871311,-4.263329397874853
29.206,4.051157024793389,0.899504132231405,-4.263801652892562
29.226,4.050306965761512,0.9006847697756789,-4.264273907910272
29.246,4.049456906729634,0.9018654073199528,-4.264746162927981
29.266000000000002,4.048606847697757,0.9030460448642269,-4.2652184179456905
29.286,4.04775678866588,0.9042266824085008,-4.2656906729634
29.306,4.046906729634002,0.9054073199527747,-4.26616292798111
29.326,4.046056670602125,0.9065879574970486,-4.26663518299882
29.346,4.045206611570248,0.9077685950413225,-4.267107438016529
29.366,4.044356552538371,0.9089492325855963,-4.2675796930342385
29.386,4.043506493506493,0.9101298701298702,-4.268051948051948
29.406,4.042656434474616,0.9113105076741441,-4.268524203069657
29.426000000000002,4.041806375442739,0.9124911452184181,-4.268996458087368
29.446,4.0409563164108615,0.913671782762692,-4.269468713105077
29.466,4.0401062573789845,0.9148524203069659,-4.2699409681227865
29.486,4.039256198347108,0.9160330578512398,-4.270413223140496
29.506,4.038406139315231,0.9172136953955137,-4.270885478158205
29.526,4.037556080283353,0.9183943329397876,-4.271357733175915
29.546,4.036706021251476,0.9195749704840614,-4.271829988193625
29.566,4.035855962219599,0.9207556080283353,-4.2723022432113344
29.586000000000002,4.035005903187721,0.9219362455726094,-4.272774498229044
29.606,4.034155844155844,0.9231168831168833,-4.273246753246753
29.626,4.033305785123967,0.9242975206611572,-4.273719008264463
29.646,4.03245572609209,0.9254781582054311,-4.274191263282172
29.666,4.031605667060212,0.926658795749705,-4.2746635182998824
29.686,4.030755608028335,0.9278394332939789,-4.275135773317592
29.706,4.029905548996458,0.9290200708382528,-4.275608028335301
29.726,4.0290554899645805,0.9302007083825266,-4.276080283353011
29.746,4.028205430932704,0.9313813459268006,-4.27655253837072
29.766000000000002,4.027355371900827,0.9325619834710746,-4.27702479338843
29.786,4.026505312868949,0.9337426210153484,-4.27749704840614
29.806,4.025655253837072,0.9349232585596223,-4.277969303423849
29.826,4.024805194805195,0.9361038961038962,-4.278441558441559
29.846,4.023955135773318,0.9372845336481701,-4.278913813459268
29.866,4.02310507674144,0.938465171192444,-4.279386068476978
29.886,4.022255017709563,0.9396458087367179,-4.279858323494687
29.906,4.021404958677686,0.9408264462809918,-4.280330578512396
29.926000000000002,4.020554899645808,0.9420070838252659,-4.280802833530107
29.946,4.019704840613931,0.9431877213695398,-4.281275088547816
29.966,4.018854781582054,0.9443683589138137,-4.2817473435655256
29.986,4.018004722550177,0.9455489964580875,-4.282219598583235
30.006,4.0171546635182995,0.9467296340023614,-4.282691853600944
30.026,4.016304604486423,0.9479102715466353,-4.283164108618654
30.046,4.015454545454546,0.9490909090909092,-4.283636363636364
30.066,4.014604486422669,0.950271546635183,-4.2841086186540736
30.086000000000002,4.013754427390791,0.9514521841794572,-4.284580873671783
30.106,4.012904368358914,0.952632821723731,-4.285053128689492
30.126,4.012054309327037,0.9538134592680049,-4.285525383707202
30.146,4.011204250295159,0.9549940968122788,-4.285997638724911
30.166,4.010354191263282,0.9561747343565526,-4.2864698937426216
30.186,4.009504132231405,0.9573553719008265,-4.286942148760331
30.206,4.008654073199528,0.9585360094451004,-4.28741440377804
30.226,4.00780401416765,0.9597166469893743,-4.28788665879575
30.246,4.006953955135773,0.9608972845336482,-4.288358913813459
30.266000000000002,4.006103896103896,0.9620779220779223,-4.288831168831169
30.286,4.0052538370720185,0.9632585596221962,-4.289303423848879
30.306,4.004403778040142,0.9644391971664701,-4.289775678866588
30.326,4.003553719008265,0.965619834710744,-4.290247933884298
30.346,4.002703659976388,0.9668004722550179,-4.290720188902007
30.366,4.00185360094451,0.9679811097992918,-4.291192443919717
30.386,4.001003541912633,0.9691617473435656,-4.291664698937426
30.406,4.000153482880756,0.9703423848878394,-4.2921369539551355
30.426000000000002,3.9993034238488785,0.9715230224321136,-4.292609208972846
30.446,3.998453364817001,0.9727036599763874,-4.293081463990555
30.466,3.997603305785124,0.9738842975206613,-4.293553719008265
30.486,3.9967532467532467,0.9750649350649352,-4.294025974025974
30.506,3.9959031877213698,0.9762455726092091,-4.2944982290436835
30.526,3.9950531286894924,0.977426210153483,-4.294970484061393
30.546,3.9942030696576154,0.9786068476977569,-4.295442739079103
30.566,3.993353010625738,0.9797874852420307,-4.295914994096813
30.586000000000002,3.9925029515938606,0.9809681227863049,-4.296387249114522
30.606,3.9916528925619836,0.9821487603305787,-4.2968595041322315
30.626,3.9908028335301062,0.9833293978748526,-4.297331759149941
30.646,3.9899527744982293,0.9845100354191265,-4.29780401416765
30.666,3.989102715466352,0.9856906729634004,-4.298276269185361
30.686,3.988252656434475,0.9868713105076743,-4.29874852420307
30.706,3.9874025974025975,0.9880519480519482,-4.2992207792207795
30.726,3.98655253837072,0.9892325855962221,-4.299693034238489
30.746,3.985702479338843,0.9904132231404958,-4.300165289256198
30.766000000000002,3.9848524203069657,0.9915938606847701,-4.300637544273908
30.786,3.9840023612750883,0.9927744982290438,-4.301109799291618
30.806,3.9831523022432114,0.9939551357733177,-4.3015820543093275
30.826,3.982302243211334,0.9951357733175916,-4.302054309327037
30.846,3.981452184179457,0.9963164108618655,-4.302526564344746
30.866,3.9806021251475796,0.9974970484061394,-4.302998819362456
30.886,3.9797520661157026,0.9986776859504133,-4.303471074380165
30.906,3.9789020070838252,0.9998583234946872,-4.303943329397875
30.926000000000002,3.978051948051948,1.0010389610389612,-4.304415584415585
30.946,3.977201889020071,1.0022195985832352,-4.304887839433294
30.966,3.9763518299881935,1.003400236127509,-4.305360094451004
30.986,3.9755017709563165,1.004580873671783,-4.305832349468713
31.006,3.974651711924439,1.0057615112160567,-4.306304604486423
31.026,3.973801652892562,1.0069421487603307,-4.306776859504133
31.046,3.9729515938606847,1.0081227863046045,-4.307249114521842
31.066,3.972101534828808,1.0093034238488785,-4.307721369539552
31.086000000000002,3.9712514757969304,1.0104840613931525,-4.308193624557261
31.106,3.970401416765053,1.0116646989374265,-4.308665879574971
31.126,3.969551357733176,1.0128453364817003,-4.30913813459268
31.146,3.9687012987012986,1.0140259740259743,-4.3096103896103894
31.166,3.9678512396694217,1.015206611570248,-4.3100826446281
31.186,3.9670011806375443,1.016387249114522,-4.310554899645809
31.206,3.9661511216056673,1.0175678866587958,-4.311027154663519
31.226,3.96530106257379,1.0187485242030698,-4.311499409681228
31.246000000000002,3.9644510035419125,1.0199291617473438,-4.3119716646989374
31.266000000000002,3.9636009445100355,1.0211097992916178,-4.312443919716648
31.286,3.962750885478158,1.0222904368358916,-4.312916174734357
31.306,3.961900826446281,1.0234710743801654,-4.313388429752067
31.326,3.9610507674144038,1.0246517119244394,-4.313860684769776
31.346,3.960200708382527,1.0258323494687132,-4.314332939787485
31.366,3.9593506493506494,1.0270129870129872,-4.314805194805195
31.386,3.9585005903187724,1.028193624557261,-4.315277449822904
31.406,3.957650531286895,1.029374262101535,-4.315749704840615
31.426000000000002,3.9568004722550176,1.030554899645809,-4.316221959858324
31.446,3.9559504132231407,1.031735537190083,-4.316694214876033
31.466,3.9551003541912633,1.0329161747343567,-4.317166469893743
31.486,3.9542502951593863,1.0340968122786307,-4.317638724911452
31.506,3.953400236127509,1.0352774498229045,-4.318110979929162
31.526,3.952550177095632,1.0364580873671785,-4.318583234946872
31.546,3.9517001180637545,1.0376387249114523,-4.319055489964581
31.566,3.950850059031877,1.038819362455726,-4.319527744982291
31.586000000000002,3.9499999999996804,1.0400000000004619,-4.32000000000016
31.606,3.1,2.26,-4.65
31.626,-4.78,0.78,0.56
31.646,-2.253333333333278,-2.336666666666722,0.7999999999999644
31.666,-1.5811111111111242,-2.824444444444438,0.3088888888888994
31.686,-1.3533333333333017,-2.900000000000012,0.11666666666663905
31.706,-0.7323076923076948,-2.742307692307695,-0.5615384615384578
31.726,0.2333333333332307,-1.8066666666667457,-0.86
31.746000000000002,0.9300000000000254,-1.268571428571407,-0.9285714285714322
31.766000000000002,1.6700000000003552,-0.5999999999993605,-1.1100000000000712
31.786,2.2975000000000056,0.8775000000000011,-0.9324999999999944
31.806,2.45,0.66,-0.38
31.826,1.9599999999999778,0.4,0.0850000000000111
31.846,1.06,1.38,0.36
31.866,0.71,2.13,0.78
31.886,0.3950000000000444,3.784999999999778,0.9649999999999911
31.906,0.04,4.24,0.23
31.926000000000002,-0.0690000000000096,2.4909999999998944,0.00799999999998721
31.946,-0.18,0.32,-0.12
31.966,-0.3128571428571458,-0.9499999999999899,0.11142857142857288
31.986,-0.276,-0.326,0.19
32.006,-0.23299999999999965,0.020000000000003557,0.15599999999999928
32.026,-0.41666666666667457,-0.10133333333334438,0.03533333333333018
32.04600000000001,-0.8073333333333775,-0.43666666666669823,-0.05
32.066,-1.48,-0.65,0.07
32.086000000000006,-2.289999999999929,0.2449999999999467,0.6750000000000178
32.106,-1.68,0.09,0.67
32.126000000000005,-0.925555555555503,-0.1977777777777988,0.4955555555555503
32.146,-0.05,-0.1,0.25
32.166000000000004,0.3750000000000622,0.19000000000003553,0.10999999999998224
32.18600000000001,0.7875000000000156,0.09874999999997669,-0.033750000000007774
32.206,0.91,0.24000000000010657,-0.044999999999982235
32.226000000000006,0.889999999999929,0.7100000000005684,0.08000000000014211
32.246,0.6849999999999468,1.29,0.23500000000001775
32.266000000000005,0.33999999999964475,0.7099999999990052,0.35000000000007103
32.286,0.24,-0.09,0.43
32.306000000000004,0.6200000000001066,-0.3600000000000355,0.3049999999999467
32.326,0.9866666666666508,-0.6833333333332781,0.026666666666698247
32.346000000000004,1.055000000000018,-1.420000000000142,-0.3850000000000888
32.36600000000001,1.2450000000001067,-1.5449999999998223,-0.8450000000001776
32.386,1.4450000000000176,-1.0049999999998755,-1.1600000000000354
32.406000000000006,1.4599999999999644,-0.6099999999998579,-1.2199999999999644
32.426,1.3449999999999467,-0.34,-1.0399999999999645
32.446000000000005,0.9799999999998934,-0.5000000000000355,-0.8999999999999823
32.466,0.53,-0.29,-0.82
32.486000000000004,0.28000000000056846,0.5300000000010658,-0.6999999999998578
32.50600000000001,0.47,0.5699999999999052,-0.4099999999999052
32.526,0.46,0.10333333333330175,0.2033333333333965
32.54600000000001,0.25666666666660354,-0.24000000000009475,0.6833333333333965
32.566,0.026666666666666665,-0.7033333333333334,1.01
32.586000000000006,0.2660000000000341,-1.188000000000017,1.1240000000000085
32.606,0.3649999999999822,-0.9349999999999112,1.0999999999999646
32.626000000000005,0.2699999999999645,-0.6399999999998934,0.9599999999999289
32.646,0.21,-0.3999999999999763,0.6033333333333017
32.666000000000004,0.3414285714285787,-0.544285714285736,0.17999999999994926
32.68600000000001,0.39105263157890013,-0.7347368421052749,-0.20894736842117467
32.706,0.28606557377048697,-0.76,-0.47131147540983764
32.726000000000006,0.2663934426229429,-0.76,-0.477868852459019
32.746,0.24672131147540582,-0.76,-0.484426229508198
32.766000000000005,0.009999999999360512,-0.8000000000002132,-0.4099999999993605
32.786,-1.1042857142857316,-0.3999999999999797,-0.07857142857144307
32.806000000000004,-1.3100000000000238,-0.3733333333333728,-0.3900000000000947
32.826,-1.31,-0.5700000000000001,-0.75
32.846000000000004,-1.424999999999982,-0.7749999999995204,-1.4050000000003375
32.86600000000001,-1.3533333333333373,0.2933333333335149,-1.7899999999999407
32.886,-1.4516666666666744,0.8740000000000094,-1.4736666666666556
32.906000000000006,-1.4850000000000119,0.9140000000000142,-1.4269999999999834
32.926,-2.58,0.05,-0.68
32.946000000000005,-3.0799999999999645,1.080000000000604,-0.5099999999999645
32.966,-2.6699999999999644,2.295000000000062,-0.2574999999999867
32.986000000000004,-1.7083333333332307,3.036666666666698,0.04500000000002369
33.00600000000001,-0.7099999999996447,3.26,0.15
33.026,-0.08,3.05,0.43
33.04600000000001,0.1833333333333965,2.5633333333329227,0.836666666666793
33.066,0.3066666666666983,0.7733333333331596,0.7633333333333018
33.086000000000006,0.9100000000002368,-0.2500000000001421,0.56
33.106,1.6,-0.62,0.62
33.126000000000005,1.87,-1.0000000000001183,0.7500000000000236
33.146,1.6,-1.12,0.79
33.166000000000004,0.9433333333332781,-0.8033333333332544,0.6699999999999763
33.18600000000001,0.6499999999999053,-0.5899999999999526,0.45999999999990526
33.206,0.32,-0.3,0.18
33.226000000000006,-0.07000000000011843,-0.12,0.00999999999995263
33.246,-0.38000000000001777,-0.31500000000002665,-0.12
33.266000000000005,-0.36999999999995264,-0.5000000000000474,0.02000000000004737
33.286,-0.2066666666666509,-0.5566666666666746,0.2500000000000237
33.306000000000004,-0.059999999999952626,-0.5499999999999764,0.45000000000004736
33.326,0.13,-0.53,0.51
33.346000000000004,0.3400000000000474,-0.45999999999995267,0.3499999999999289
33.36600000000001,0.44666666666669824,-0.24999999999990527,0.13999999999990526
33.386,0.4733333333333254,0.1333333333333965,0.04
33.406000000000006,0.40333333333330174,0.7700000000000947,0.07333333333334913
33.426,0.33,0.94,0.18
33.446000000000005,0.34500000000005326,0.7399999999999645,0.21
33.466,0.41,0.28,0.09
33.486000000000004,0.28499999999999115,0.22000000000003553,-0.050000000000017766
