time,ax,ay,az,aT
0.0170,-0.5710,0.1600,0.4470,0.743
0.0170,-0.8270,0.1370,0.5760,1.017
0.0230,-1.0110,-0.0170,0.8180,1.301
0.0300,-0.9670,-0.2120,1.2130,1.566
0.0400,-0.6910,-0.4050,1.5650,1.758
0.0500,-0.1380,-0.5620,1.8950,1.981
0.0630,0.5960,-0.6090,2.2260,2.384
0.0700,1.3800,-0.4900,2.5570,2.947
0.0810,2.0040,-0.3250,2.7030,3.381
0.0910,2.3290,-0.1920,2.6340,3.521
0.1010,2.4040,-0.0960,2.5430,3.501
0.1210,2.0560,-0.1260,2.4290,3.185
0.1220,1.3540,-0.2470,2.0340,2.456
0.1300,0.7320,-0.3570,1.5050,1.711
0.1400,0.2710,-0.3580,1.0530,1.145
0.1550,0.0990,-0.3390,0.7490,0.828
0.1630,0.2570,-0.1910,0.5660,0.650
0.1700,0.6880,-0.0850,0.3890,0.795
0.1800,2.6470,0.0280,-0.6170,2.718
0.1900,4.8870,-0.2150,-1.9820,5.278
0.2080,2.7600,-0.6780,-3.0100,4.140
0.2100,0.3740,-0.2940,-1.4420,1.518
0.2200,1.7000,0.2620,-0.2420,1.737
0.2340,1.3310,0.1870,0.9920,1.671
0.2400,0.0710,0.1090,0.8830,0.893
0.2500,-0.7280,-0.1710,-0.2940,0.804
0.2600,-0.7930,0.0080,0.0220,0.793
0.2710,-0.2590,0.3630,0.3270,0.553
0.2810,0.4240,0.6000,0.5300,0.906
0.2900,1.3470,0.2230,0.7960,1.580
0.3000,1.8980,-0.1670,0.9890,2.147
0.3100,0.6730,0.8190,1.6390,1.952
0.3200,0.1560,0.3020,0.5270,0.627
0.3300,-0.2460,-1.1230,0.1770,1.163
0.3400,-1.0110,-1.6380,1.0090,2.173
0.3500,-1.6080,-1.2100,1.6620,2.610
0.3660,-1.1810,-0.8340,1.2090,1.885
0.3690,-1.2860,-1.0370,0.5740,1.749
0.3810,-1.1870,-1.4730,0.6270,1.993
0.3900,-1.2970,-1.6200,0.5980,2.160
0.4000,-0.8330,-1.2480,0.4840,1.577
0.4100,-0.4680,-1.0540,0.3550,1.207
0.4200,-0.0840,-1.0730,0.2380,1.102
0.4380,0.0520,-1.0660,-0.0670,1.069
0.4390,0.0400,-1.0140,-0.4950,1.129
0.4510,-0.1450,-0.6850,-0.9170,1.154
0.4630,-0.1640,-0.5150,-1.2830,1.392
0.4700,-0.8700,0.0400,-2.0380,2.216
0.4800,-1.2770,0.0680,-2.7150,3.001
0.4900,-0.8910,-0.2360,-3.4550,3.576
0.5030,-1.2010,-0.2620,-3.3810,3.598
0.5100,-1.6830,-0.3310,-3.1220,3.562
0.5190,-1.9240,-0.1990,-2.9840,3.556
0.5370,-1.1650,-0.5600,-2.9110,3.185
0.5390,-0.8130,1.1020,-2.1270,2.530
0.5490,0.7850,1.9240,-1.9240,2.832
0.5600,4.2900,-1.4950,-0.1890,4.547
0.5720,0.6690,-1.9670,0.9650,2.291
0.5790,-3.8660,-0.1280,-0.2650,3.877
0.5890,-2.7820,1.7680,-0.4820,3.331
0.6010,0.2150,0.8050,-0.7040,1.091
0.6090,-0.2470,0.2930,-0.0010,0.383
0.6200,-0.9250,0.8080,1.3710,1.841
0.6300,-0.2720,-0.1970,1.2160,1.262
0.6400,1.2110,-0.0360,1.3230,1.794
0.6510,1.0580,0.4490,0.9440,1.487
0.6610,0.1310,0.3320,0.1140,0.375
0.6690,0.0290,0.5300,-0.4560,0.700
0.6790,0.1230,1.6780,-0.2490,1.701
0.6890,0.0560,3.0250,0.0060,3.026
0.7030,1.0010,2.3280,0.0670,2.535
0.7090,0.4630,2.1200,0.3420,2.197
0.7200,0.1640,2.4670,0.6400,2.554
0.7290,1.6990,1.5570,0.8420,2.454
0.7400,2.0140,1.0160,0.9480,2.447
0.7490,1.3270,0.6560,0.9870,1.779
0.7590,0.6810,0.2690,0.8690,1.136
0.7690,0.3200,0.1630,0.6880,0.776
0.7790,0.2200,0.4330,0.3920,0.624
0.7890,0.1000,0.4880,0.0330,0.499
0.7990,0.0300,0.4340,-0.0520,0.438
0.8090,-0.0040,0.3620,0.1530,0.393
0.8200,0.0170,0.2880,0.4070,0.499
0.8290,0.1730,0.2940,0.7100,0.788
0.8390,0.0190,0.3060,0.7240,0.786
0.8500,-0.1500,0.2120,0.4060,0.482
0.8590,-0.4890,0.0400,-0.1090,0.503
0.8690,-0.5490,-0.1030,-0.7190,0.910
0.8800,-0.6640,-0.1440,-1.1850,1.366
0.8890,-0.8900,-0.2390,-1.1760,1.494
0.9000,-0.9280,0.0330,-0.8190,1.238
0.9100,-0.6330,0.1330,-0.3810,0.751
0.9190,-0.6470,0.1940,-0.1820,0.700
0.9290,-0.6930,0.1040,-0.2560,0.746
0.9390,-0.8360,0.2660,-0.3180,0.933
0.9490,-0.9050,0.2260,-0.3070,0.982
0.9590,-0.6370,0.2240,-0.2330,0.714
0.9700,-0.4480,0.4800,-0.3630,0.750
0.9790,-0.3220,0.7740,-0.3790,0.920
0.9890,-0.4370,0.8560,-0.2420,0.991
1.0030,-0.4120,0.6970,0.0470,0.811
1.0210,-0.2700,0.7210,0.3350,0.840
1.0210,-0.1690,0.8910,0.6250,1.101
1.0290,-0.1230,0.8780,0.9450,1.296
1.0390,0.0500,0.5470,1.0920,1.222
1.0490,-0.1360,0.5840,1.0400,1.200
1.0620,-0.0960,0.8130,1.2510,1.495
1.0690,0.6170,1.0470,1.5680,1.984
1.0790,1.3180,1.1590,1.5150,2.319
1.0900,1.1190,1.3390,1.2230,2.131
1.0990,1.1370,1.2900,0.5930,1.819
1.1190,0.8210,1.3020,-0.1170,1.544
1.1200,0.7580,1.0310,-0.9370,1.586
1.1290,0.8400,-0.9090,-1.6840,2.090
1.1390,-1.0350,0.8750,-0.9170,1.636
1.1500,0.4380,1.3960,-1.1620,1.868
1.1590,1.4850,1.4630,-1.7620,2.730
1.1700,1.2290,1.5820,-1.7980,2.692
1.1790,0.8710,1.3910,-1.6740,2.344
1.1890,0.5090,1.2430,-1.5470,2.049
1.1990,0.5990,1.0790,-1.4580,1.910
1.2100,0.7070,0.8750,-1.5850,1.944
1.2190,0.1070,0.9860,-2.1710,2.387
1.2300,-0.7730,1.5110,-2.7720,3.250
1.2390,-2.3590,1.7270,-1.2130,3.165
1.2500,-2.3550,1.1790,-1.5770,3.070
1.2600,-1.3670,0.4910,-2.4880,2.881
1.2700,2.0430,-0.1270,-4.1720,4.647
1.2790,2.0020,0.4240,-2.7980,3.466
1.2890,1.3150,0.4910,-2.1490,2.567
1.2990,0.4990,-0.1980,-2.0430,2.112
1.3100,0.0170,-1.0990,-2.0270,2.306
1.3240,0.9630,-1.7800,-2.1930,2.984
1.3290,2.0420,-2.1450,-1.7150,3.422
1.3410,2.6070,-2.5560,-0.4810,3.683
1.3490,2.9410,-2.9440,0.4090,4.181
1.3610,2.7810,-3.1180,1.1430,4.332
1.3690,2.3200,-3.0170,1.6200,4.136
1.3800,1.8710,-2.8280,1.6260,3.761
1.3890,1.4270,-3.0620,1.0210,3.529
1.4450,0.7970,-3.4420,0.2230,3.540
1.4450,0.2490,-3.6680,-0.7510,3.752
1.4460,-0.1030,-3.8290,-1.8120,4.237
1.4460,-0.3330,-4.0200,-2.9270,4.984
1.4460,-0.3850,-4.0490,-4.0460,5.737
1.4610,-0.4300,-4.1280,-4.9040,6.425
1.4620,-0.6960,-4.3880,-5.3400,6.947
1.4750,-0.8920,-4.7630,-5.1970,7.106
1.4780,-1.1170,-5.4650,-4.5270,7.184
1.4890,-1.3300,-6.2480,-3.4820,7.275
1.5000,-1.3330,-6.9730,-2.3470,7.477
1.5090,-0.9800,-7.5220,-1.0830,7.662
1.5190,-0.4690,-7.8900,0.0240,7.904
1.5290,0.1740,-8.1010,0.5930,8.125
1.5450,0.4240,-8.1980,0.9790,8.267
1.5490,0.0350,-8.2040,0.4770,8.218
1.5590,-0.2830,-7.9230,-0.5820,7.949
1.5690,-0.1300,-7.7230,-1.5000,7.868
1.5780,0.7160,-7.6530,-1.8160,7.898
1.5900,1.6350,-7.5520,-1.5930,7.889
1.5980,2.5120,-7.4980,-0.9780,7.968
1.6090,3.0900,-7.4380,0.0740,8.055
1.6190,3.4350,-7.1480,1.4440,8.061
1.6300,3.9000,-6.6340,3.0850,8.291
1.6400,4.4310,-5.9650,5.1700,9.052
1.6500,4.9890,-5.1460,7.4780,10.358
1.6590,5.2620,-4.3940,9.5480,11.754
1.6690,5.1100,-3.5460,10.7510,12.421
1.6790,4.9110,-2.5550,10.6810,12.030
1.6890,5.1740,-1.2900,9.6700,11.043
1.7010,5.4020,-0.1630,8.0100,9.663
1.7110,5.4080,0.6700,6.3930,8.400
1.7260,5.3660,1.3270,5.3440,7.689
1.7390,5.0910,1.7200,5.0630,7.383
1.7430,4.7500,1.9690,5.3750,7.438
1.7500,4.3150,2.2900,6.1360,7.843
1.7610,3.6550,2.5810,6.9240,8.244
1.7700,3.2750,2.9510,7.7500,8.916
1.7840,2.8600,3.5510,8.8970,9.997
1.7900,2.5880,4.2680,10.2290,11.382
1.7990,2.6320,5.0430,11.6340,12.950
1.8090,3.3150,5.7420,12.9030,14.507
1.8200,3.8040,6.5190,13.5400,15.502
1.8310,4.3930,7.2060,13.5900,15.997
1.8390,4.7480,7.7940,13.4440,16.249
1.8500,4.3580,8.4430,13.0640,16.154
1.8620,3.9320,9.5500,12.0420,15.864
1.8710,3.4370,11.3340,9.9150,15.446
1.8830,2.6430,13.4510,7.1050,15.440
1.8880,1.1800,15.6890,4.1650,16.275
1.9010,-0.6070,17.8280,1.9060,17.940
1.9240,-2.1070,19.4910,1.3700,19.652
1.9250,-2.3460,19.9530,3.1710,20.339
1.9360,-1.0250,19.0320,5.8530,19.938
1.9420,1.2510,17.5050,8.1640,19.356
1.9550,3.4080,15.7850,8.9220,18.449
1.9660,4.8770,12.9250,6.8480,15.419
1.9700,5.1460,9.2250,3.2120,11.041
1.9820,4.3580,5.4470,0.6450,7.006
1.9880,3.8210,1.8850,0.1680,4.264
1.9980,5.3250,-1.7280,1.5030,5.797
2.0140,8.6330,-5.4100,4.0830,10.976
2.0190,13.2760,-9.6460,7.0420,17.857
2.0280,16.8990,-13.6480,9.2810,23.622
2.0380,17.8900,-15.9080,10.3580,26.085
2.0480,15.9480,-16.2540,10.2150,24.958
2.0580,12.0930,-15.8870,8.9590,21.884
2.0680,5.7550,-15.9190,7.0540,18.338
2.0770,-0.7410,-13.3940,5.5860,14.531
2.0890,-0.7220,-8.3960,2.9940,8.943
2.0980,8.7970,-10.5260,-0.4380,13.725
2.1080,16.7620,-12.4100,-1.6270,20.919
2.1180,20.2990,-13.5750,-1.6340,24.474
2.1280,19.1510,-16.5410,-4.3410,25.675
2.1380,11.3180,-18.6660,-6.7860,22.860
2.1480,3.2590,-19.5420,-8.2490,21.461
2.1580,-5.0900,-20.2990,-7.8560,22.353
2.1700,-9.0260,-20.3340,-5.2230,22.852
2.1780,-7.9960,-21.7840,-0.6360,23.214
2.1880,-3.7540,-22.8000,-0.0190,23.107
2.1980,-0.3610,-21.9530,0.0670,21.956
2.2080,1.5470,-21.3440,-1.8790,21.482
2.2180,2.8810,-20.6640,-4.8420,21.418
2.2280,2.8660,-19.4910,-7.6990,21.152
2.2380,1.3600,-18.3720,-10.5290,21.219
2.2480,-1.5000,-17.6330,-13.0000,21.958
2.2580,-4.8790,-17.0090,-14.2490,22.719
2.2680,-6.6530,-16.4490,-14.2280,22.744
2.2780,-6.0940,-16.2580,-12.2430,21.245
2.2900,-3.5810,-15.6570,-8.8560,18.341
2.2990,0.3410,-13.5540,-3.9360,14.118
2.3090,6.2390,-10.7220,0.8290,12.433
2.3190,13.7010,-7.1950,2.9860,15.761
2.3300,20.3600,-3.1640,2.0630,20.707
2.3390,24.6540,0.7360,0.2250,24.666
2.3510,26.7340,4.7210,0.2950,27.149
2.3600,26.6340,8.7200,2.0770,28.102
2.3690,27.0020,13.4230,5.8840,30.723
2.3780,30.9430,17.8410,10.2750,37.166
2.3900,37.6280,20.8950,14.9750,45.571
2.3990,42.0990,22.4210,18.7420,51.247
2.4090,37.4870,22.2830,19.7750,47.884
2.4190,21.7920,21.7240,20.6620,37.064
2.4280,6.8180,22.7870,21.5120,32.070
2.4390,3.3190,23.1430,20.4250,31.045
2.4490,6.7900,22.4050,18.7980,30.024
2.4590,6.9520,21.7300,17.3260,28.648
2.4680,5.4080,19.9120,14.8190,25.403
2.4810,3.8500,18.6620,12.0070,22.522
2.4910,2.0840,16.3180,8.5580,18.543
2.4990,-1.5880,13.8570,6.4260,15.357
2.5080,-5.8940,11.2520,5.6660,13.909
2.5180,-8.9540,8.6760,5.2880,13.543
2.5280,-10.3980,6.4490,5.1810,13.287
2.5400,-9.7680,4.9380,5.1250,12.086
2.5510,-6.3780,3.4320,3.8050,8.181
2.5600,-0.9870,1.4510,3.0760,3.541
2.5710,3.2590,-0.1780,1.5340,3.606
2.5810,6.5300,-1.9240,-0.2820,6.813
2.5910,9.6270,-4.2550,-1.3870,10.616
2.6000,12.0390,-6.7940,-1.5600,13.911
2.6100,13.7270,-9.3080,-0.7900,16.604
2.6180,14.8620,-11.6360,0.3140,18.878
2.6310,15.5410,-13.6010,0.9480,20.674
2.6380,16.4200,-15.5070,1.0110,22.608
2.6510,16.8900,-16.9880,0.4470,23.960
2.6610,16.2790,-17.8720,0.7350,24.186
2.6690,14.2230,-17.6480,1.6440,22.726
2.6800,10.6470,-16.9390,2.6810,20.186
2.6890,5.7040,-15.7980,4.6770,17.435
2.6980,1.7790,-13.9310,6.6960,15.559
2.7100,1.6010,-12.2020,5.0170,13.290
2.7210,6.0660,-10.8900,-1.0850,12.513
2.7290,8.2240,-11.7100,-7.2520,16.042
2.7410,8.8930,-10.3260,-10.9060,17.454
2.7490,6.8490,-9.8300,-11.5230,16.623
2.7590,2.8380,-9.5140,-10.0760,14.146
2.7690,-1.3860,-9.9760,-7.8290,12.757
2.7780,-2.4770,-11.5490,-4.8880,12.783
2.7880,0.2610,-14.7450,-3.0120,15.052
2.7990,4.6060,-17.3580,-2.3450,18.111
2.8080,7.4790,-18.6100,-0.8060,20.073
2.8180,11.2540,-19.2840,-0.3150,22.330
2.8280,15.2150,-18.8860,-1.1910,24.282
2.8380,16.7660,-17.5650,-3.0060,24.468
2.8480,14.3900,-15.9240,-4.5390,21.937
2.8570,9.0950,-15.0160,-4.4490,18.111
2.8680,1.9790,-14.3320,-3.1360,14.804
2.8790,-4.9830,-13.4740,-1.0740,14.406
2.8890,-8.7740,-12.8110,0.6480,15.541
2.8980,-9.0770,-11.4650,1.4750,14.697
2.9090,-6.0510,-9.3460,0.9300,11.173
2.9180,-0.4090,-6.9200,-0.3250,6.940
2.9290,5.9400,-3.8490,-1.7110,7.282
2.9380,10.1310,-0.7210,-2.1750,10.387
2.9490,11.1920,2.0610,-1.4070,11.467
2.9580,10.9380,5.1840,-0.0520,12.104
2.9680,12.1670,8.4240,0.6520,14.813
2.9780,15.6270,11.3770,0.5200,19.337
2.9890,19.6130,15.1410,1.6480,24.832
2.9990,23.0970,20.1200,4.0400,30.897
3.0090,28.1780,25.3490,7.0340,38.549
3.0190,33.9690,28.8040,10.1310,45.675
3.0300,37.1590,29.5680,12.3740,49.073
3.0400,35.2470,28.4220,14.1460,47.437
3.0480,27.7020,27.3100,16.4510,42.236
3.0610,20.3090,26.2450,16.2630,36.956
3.0700,16.4160,24.7690,12.9190,32.402
3.0800,14.2890,23.3470,8.5880,28.688
3.0880,12.3930,21.3320,4.6910,25.113
3.1000,11.2490,18.5860,1.2820,21.763
3.1080,9.7530,15.4670,-1.1430,18.321
3.1190,6.1890,11.9570,-1.7260,13.574
3.1290,0.7710,8.3980,-0.9170,8.483
3.1370,-4.4720,4.8740,0.3200,6.622
3.1470,-8.0870,1.5720,2.3050,8.555
3.1610,-9.5630,-1.3980,3.6250,10.322
3.1700,-8.9160,-3.8560,4.2370,10.598
3.1780,-6.8160,-5.7390,4.3510,9.916
3.1890,-3.9930,-7.0250,4.0920,9.058
3.1980,-1.1000,-8.1070,3.5080,8.902
3.2080,1.5100,-9.3650,2.5070,9.812
3.2190,3.5810,-10.5730,1.5340,11.268
3.2300,4.9720,-11.3840,0.8700,12.453
3.2400,6.2140,-12.0210,0.4890,13.541
3.2500,7.1060,-12.4320,0.2830,14.322
3.2590,7.9360,-12.7350,-0.0890,15.006
3.2680,9.1590,-13.0260,-0.5790,15.934
3.2770,10.4050,-13.8340,-1.1350,17.347
3.2880,11.3950,-14.4340,-1.7570,18.474
3.2980,11.5030,-14.3910,-2.0630,18.538
3.3070,9.6450,-14.1310,-1.1960,17.151
3.3170,5.6130,-13.2230,0.3010,14.368
3.3270,1.4070,-11.6250,1.8320,11.852
3.3380,-0.9640,-10.8620,1.5050,11.008
3.3500,-2.8220,-9.8070,-0.5750,10.221
3.3590,-3.2450,-8.1530,-3.9630,9.628
3.3680,-1.6590,-7.9290,-7.4270,10.990
3.3780,-0.2550,-7.3180,-10.0660,12.448
3.3900,0.1870,-5.8680,-10.5050,12.034
3.4000,-0.0020,-6.7570,-9.6130,11.750
3.4080,2.2880,-9.0180,-8.9770,12.928
3.4180,5.7120,-11.7520,-7.2090,14.923
3.4270,8.6770,-14.5070,-5.4570,17.763
3.4380,11.1000,-16.1370,-3.4970,19.896
3.4480,13.0570,-15.7190,-0.4960,20.441
3.4590,13.8470,-13.7700,2.9280,19.747
3.4700,16.2060,-12.6600,3.1440,20.804
3.4790,15.2110,-10.5310,2.5460,18.675
3.4890,12.2680,-9.6040,0.9910,15.612
3.4980,7.1510,-9.4000,0.0300,11.811
3.5090,0.1790,-9.4770,-0.5180,9.493
3.5200,-6.6830,-9.1440,-0.5000,11.337
3.5300,-11.5550,-8.4420,-0.2190,14.312
3.5410,-12.6760,-7.4160,-0.4080,14.692
3.5500,-9.4250,-6.0570,-1.8180,11.350
3.5600,-4.0510,-4.5240,-3.6750,7.098
3.5690,0.4990,-2.6350,-4.6140,5.337
3.5800,3.2520,-0.3540,-3.3360,4.672
3.5890,4.9480,2.4080,-0.4150,5.518
3.6000,7.2720,5.7530,2.1000,9.507
3.6080,11.1620,9.1720,2.9930,14.754
3.6180,15.3680,12.1910,2.4710,19.771
3.6280,17.8500,15.6740,2.4760,23.884
3.6400,19.3680,20.3330,3.5000,28.298
3.6480,21.8990,24.2010,5.2160,33.052
3.6590,24.8800,25.7190,7.5560,36.573
3.6690,26.4810,25.1500,9.6170,37.766
3.6790,23.8120,24.8880,11.5870,36.341
3.6890,17.6790,25.4450,13.9740,33.989
3.6990,13.4710,25.4860,14.3680,32.209
3.7100,12.1090,24.8430,12.4880,30.327
3.7190,12.7470,23.3670,9.3570,28.214
3.7290,14.9770,21.3660,5.4820,26.662
3.7400,15.4760,19.3710,1.4620,24.837
3.7470,11.7220,17.3460,-1.1560,20.967
3.7580,5.9090,14.3410,-1.9230,15.629
3.7670,-0.0540,10.8260,-0.7500,10.852
3.7770,-4.9340,7.1360,2.2550,8.964
3.7870,-8.2190,3.6330,5.2290,10.397
3.7970,-9.2490,0.8390,8.1490,12.355
3.8070,-7.9490,-0.7800,9.6410,12.520
3.8170,-4.4590,-2.0690,9.0060,10.260
3.8270,-0.0090,-3.4050,6.6220,7.446
3.8400,4.0470,-4.9560,3.5230,7.304
3.8490,6.8080,-6.8980,0.5050,9.705
3.8600,7.8600,-8.9360,-1.5370,12.000
3.8690,7.9370,-10.5770,-2.6400,13.485
3.8770,7.7760,-11.8710,-3.1270,14.532
3.8900,7.8640,-12.7810,-3.0730,15.318
3.8970,8.3380,-13.6420,-2.7420,16.222
3.9060,8.5720,-14.5640,-2.5210,17.086
3.9170,8.2650,-15.6240,-2.7490,17.888
3.9260,7.7840,-16.0230,-3.1330,18.087
3.9370,7.5240,-16.1330,-2.8350,18.026
3.9460,7.1600,-15.8500,-2.0940,17.518
3.9570,5.2680,-15.1490,-0.2570,16.041
3.9670,1.5710,-13.9590,2.3950,14.250
3.9780,-2.0470,-12.6030,3.7800,13.316
3.9870,-5.2570,-10.7000,3.0890,12.315
3.9970,-5.2680,-8.9300,0.0380,10.368
4.0060,-1.6330,-9.0790,-3.9770,10.045
4.0180,1.9970,-8.8870,-7.5900,11.856
4.0290,3.8070,-7.6740,-9.3450,12.677
4.0390,4.3410,-7.3270,-9.3190,12.624
4.0490,5.2240,-7.8320,-8.0270,12.372
4.0590,6.2440,-9.0780,-6.3330,12.708
4.0690,6.6380,-10.9350,-4.6730,13.619
4.0790,7.9050,-12.4150,-2.8930,15.000
4.0890,9.4930,-12.7300,-0.6230,15.892
4.0970,11.0010,-12.0170,1.0560,16.326
4.2480,12.3740,-10.5870,1.3970,16.345
4.2530,12.8930,-8.9110,1.3190,15.728
4.2550,11.7980,-7.8150,-0.9860,14.186
4.2560,8.3370,-6.7670,-1.8550,10.897
4.2570,3.4130,-5.9530,-1.2850,6.981
4.2580,-0.7580,-5.2870,-0.6760,5.384
4.2600,2.7590,3.3050,1.8480,4.685
4.2610,2.9860,5.4050,2.3590,6.610
4.2640,2.6190,7.3490,2.7000,8.256
4.2660,2.2860,9.2980,2.7410,9.960
4.2670,2.6060,11.6700,2.4440,12.205
4.2680,3.9860,14.3060,2.3440,15.035
4.2770,4.4660,17.9250,3.9540,18.891
4.2860,4.8810,22.0800,6.0200,23.401
4.2960,7.6910,25.6810,6.9500,27.694
4.3060,12.7110,27.0690,7.0440,30.723
4.3160,16.1460,26.7340,6.7340,31.949
4.3280,15.6170,27.1220,6.6190,31.989
4.3360,12.6430,27.8000,7.5780,31.466
4.3470,11.4170,28.7370,7.7770,31.885
4.3570,15.6290,28.3830,5.3190,32.835
4.3670,20.7580,25.8030,1.6880,33.159
4.3800,21.6430,22.6610,-0.9040,31.349
4.3880,18.1700,19.3530,-2.0050,26.622
4.3970,13.0510,15.9200,-2.3850,20.723
4.4080,9.1710,11.8860,-2.5920,15.235
4.4170,6.6680,7.5940,-2.6850,10.457
4.4290,5.1140,3.1270,-2.9520,6.682
4.4390,3.8240,-1.5320,-2.4380,4.787
4.4460,2.4910,-5.6550,-1.1960,6.294
4.4560,1.4830,-8.6950,0.4580,8.832
4.4670,1.4910,-11.1390,1.7610,11.375
4.4790,2.2690,-13.0780,2.4840,13.504
4.4890,3.3450,-14.5020,2.5390,15.098
4.4990,4.3430,-15.5810,1.8970,16.286
4.5080,5.2580,-16.3640,0.7050,17.202
4.5190,6.0440,-16.9660,-0.5040,18.017
4.5280,6.4070,-17.4950,-1.3810,18.682
4.5400,6.0690,-17.8300,-1.8700,18.927
4.5470,5.3780,-17.7880,-2.1690,18.709
6.2560,4.8850,-17.4580,-2.2370,18.266
6.2720,4.8150,-17.0570,-2.2370,17.864
6.2730,4.6870,-16.7230,-2.0990,17.494
6.2740,3.6180,-16.2330,-1.8240,16.731
6.2750,6.9960,1.2060,11.8460,13.810
6.2750,10.1160,2.5980,15.7810,18.924
6.2760,13.1330,5.1250,19.8330,24.333
6.2810,16.1100,9.3450,23.1210,29.689
6.2820,19.1630,14.3400,25.4980,34.971
6.2890,22.7130,19.0000,27.6900,40.542
6.2940,25.6840,21.7960,29.6960,44.906
6.3060,26.5530,21.7660,30.5390,45.951
6.3150,23.6610,21.0970,30.8020,44.201
6.3270,20.6440,21.2250,29.7210,41.953
6.3370,21.8560,22.2130,26.4600,40.881
6.3470,26.8310,22.1850,22.0610,41.216
6.3550,29.4770,19.8800,17.8080,39.765
6.3670,25.7720,16.2350,14.0850,33.558
6.3750,17.3540,12.3220,11.1400,24.023
6.3870,9.2100,9.1410,8.4160,15.466
6.3980,4.4160,6.5000,5.9260,9.842
6.4070,2.0230,4.2700,3.5790,5.927
6.4180,1.0960,2.4070,1.3300,2.960
6.4270,0.9320,0.6220,-0.8480,1.405
6.4350,1.2760,-1.2620,-2.4550,3.041
6.4470,1.6240,-3.6040,-2.7750,4.830
6.4550,1.3760,-5.9040,-1.9500,6.368
6.4660,0.9800,-7.9610,-1.1010,8.096
6.4750,1.4710,-9.4390,-0.8800,9.593
6.4880,2.1440,-10.8700,-1.3610,11.163
6.4970,2.7600,-12.5870,-1.8150,13.013
6.5050,3.6810,-13.6320,-1.8600,14.242
6.5180,4.7380,-14.7110,-1.8000,15.560
6.5270,5.7390,-15.9280,-1.7240,17.018
6.5370,6.5010,-16.6800,-1.5380,17.968
6.5470,7.0610,-17.5250,-1.1590,18.930
6.5590,7.2020,-18.0780,-0.7320,19.474
6.5670,7.8930,-18.2520,-0.8520,19.904
6.5790,8.7060,-18.4210,-1.4590,20.427
6.5870,7.4530,-18.2850,-1.7300,19.821
6.5950,1.7860,-18.0730,-0.1390,18.162
6.6090,-6.9040,-17.5860,0.3050,18.895
6.6170,-14.3890,-18.2260,0.3120,23.223
6.6280,-19.5100,-15.5190,-1.8160,24.996
6.6350,-14.9310,-13.1990,-5.5760,20.694
6.6470,-2.1290,-13.9760,-9.6720,17.129
6.6590,9.2540,-12.6830,-11.3180,19.354
6.6670,15.2650,-12.4120,-12.0400,23.066
6.6790,13.0330,-13.8450,-12.5140,22.763
6.6890,5.6290,-15.9580,-10.6060,19.971
6.6990,-0.9660,-18.8940,-6.2740,19.932
6.7080,-0.8260,-21.9490,-1.5360,22.018
6.7150,6.1930,-23.4170,2.4850,24.349
6.7270,17.5220,-21.7040,5.6190,28.454
6.7390,30.5050,-16.7790,7.7570,35.669
6.7470,39.8890,-10.2320,7.6080,41.877
6.7580,39.9650,-4.2880,5.3070,40.543
6.7660,30.1770,-0.9330,2.1280,30.266
6.7790,16.7670,0.5640,0.1750,16.777
6.7860,5.8400,0.9800,-0.5240,5.945
6.7960,2.0200,1.0370,-1.4040,2.670
6.8060,4.5460,1.4080,-3.2350,5.754
6.8190,7.5160,2.1330,-4.3740,8.954
6.8280,7.4600,3.4140,-3.2440,8.822
6.8390,5.5210,4.3170,-0.5380,7.029
6.8450,3.5350,5.2660,3.0990,7.059
6.8560,2.3800,6.0330,6.6970,9.323
6.8680,1.1850,6.6990,9.7820,11.915
6.8760,0.1340,7.6270,11.8700,14.110
6.8880,-0.2860,8.8760,12.4970,15.331
6.8960,0.9260,10.7240,11.8420,16.003
6.9080,3.7320,12.8280,9.8050,16.572
6.9160,6.1120,15.5990,7.3470,18.294
6.9260,6.6380,19.0310,5.5980,20.918
6.9360,6.6800,23.2050,4.8140,24.623
6.9460,8.5730,27.9360,4.9240,29.634
6.9550,14.0700,32.2140,5.7760,35.624
6.9660,22.2590,34.1970,6.6220,41.337
6.9740,28.0510,33.5580,7.3600,44.353
6.9860,26.5120,32.1130,9.0040,42.605
6.9940,21.7310,31.1080,10.7810,39.448
7.0050,22.2970,29.7120,10.6290,38.639
7.0140,28.2000,28.0070,8.5700,40.658
7.0260,34.4060,24.7730,5.5070,42.753
7.0340,35.8000,20.1780,2.5960,41.177
7.0460,31.4640,15.0680,0.6950,34.893
7.0540,24.3350,9.7310,-0.4630,26.213
7.0660,17.3040,4.7330,-0.9140,17.963
7.0740,11.7540,0.8920,-0.3040,11.792
7.0840,8.9110,-1.7230,0.6550,9.100
7.0940,9.1620,-4.2120,1.2000,10.155
7.1050,10.5240,-6.6770,1.7120,12.580
7.1140,11.6520,-9.1340,2.0720,14.950
7.1260,12.4000,-11.7460,1.8280,17.178
7.1340,12.2880,-14.1250,1.3500,18.771
7.1470,11.9060,-16.1990,0.7360,20.117
7.1560,11.9040,-18.2730,-0.2560,21.810
7.1640,11.8750,-20.0810,-1.1330,23.357
7.1750,11.3940,-21.2530,-1.7430,24.177
7.1870,10.9020,-21.9990,-2.2290,24.653
7.1980,10.4450,-22.3300,-2.5940,24.788
7.2060,10.3110,-22.4120,-3.0110,24.853
7.2160,10.4470,-22.4950,-3.2090,25.009
7.2240,10.8310,-22.5120,-3.1230,25.176
7.2350,11.1510,-22.7060,-3.2830,25.509
7.2460,10.4800,-22.5280,-3.9610,25.160
7.2550,7.0250,-22.5200,-3.9060,23.911
7.2660,0.3140,-22.2450,-3.4120,22.507
7.2760,-7.1140,-20.4300,-3.5740,21.926
7.2870,-12.2930,-17.6360,-5.2090,22.120
7.2970,-13.3490,-15.8410,-8.5930,22.427
7.3050,-10.8520,-14.7000,-12.3690,22.065
7.3150,-6.4300,-14.1530,-14.7940,21.460
7.3260,-2.8570,-14.4740,-15.0010,21.040
7.3350,-4.0400,-15.3480,-12.5300,20.221
7.3480,-7.2660,-17.3960,-8.7080,20.766
11.7660,-6.5270,-21.0340,-4.7780,22.536
11.7700,-1.9510,-24.2600,-1.8440,24.408
11.7730,7.4780,-26.3670,-0.0900,27.407
11.7750,20.8910,-26.4910,0.5280,33.741
11.7760,32.6450,-23.2430,0.6450,40.079
11.7780,39.1490,-17.2570,1.0520,42.797
11.7790,38.5750,-10.4750,1.7970,40.012
11.7800,17.5600,-0.6150,1.8660,17.670
11.7820,17.4350,-4.8540,-0.5520,18.106
11.7830,16.3790,-8.9630,-2.0580,18.784
11.7860,15.1340,-12.6150,-3.0580,19.938
11.7890,14.1570,-15.6280,-3.7150,21.412
11.8000,13.7370,-17.9670,-4.2050,23.004
11.8120,13.8640,-19.8660,-4.4020,24.622
11.8200,14.1270,-21.2820,-4.5560,25.947
11.8310,14.1760,-22.3070,-4.7180,26.848
11.8420,14.0460,-22.9470,-4.7930,27.328
11.8510,13.5040,-23.4280,-4.7860,27.462
11.8600,12.4740,-23.7060,-4.7310,27.202
11.8700,10.9530,-23.4510,-4.3920,26.253
11.8820,9.3860,-22.8690,-3.6720,24.991
11.8920,7.9860,-22.4080,-2.9120,23.966
11.9020,6.2590,-21.9780,-2.2320,22.961
11.9140,3.6660,-21.6800,-2.0600,22.084
11.9250,-0.3690,-21.2900,-1.8250,21.371
11.9330,-6.0060,-20.0450,-1.4500,20.976
11.9440,-12.0040,-17.7520,-1.2470,21.466
11.9540,-16.1220,-14.6320,-1.7870,21.845
11.9620,-14.7340,-12.7470,-4.6110,20.021
11.9710,-7.8090,-12.3070,-8.9750,17.117
11.9810,-0.9280,-12.4910,-12.3400,17.583
11.9920,2.5980,-12.6610,-13.5180,18.703
12.0030,4.4840,-13.9530,-13.1050,19.660
12.0100,5.6880,-16.5330,-12.0330,21.225
12.0210,6.4200,-19.8340,-10.0820,23.157
12.0320,7.4140,-23.4830,-7.6150,25.776
12.0390,9.6330,-26.2440,-4.9650,28.394
12.0530,13.9730,-27.3920,-2.2530,30.832
12.0620,20.7800,-26.6340,1.1160,33.800
12.0710,27.8230,-22.1570,5.2680,35.956
12.0810,36.2360,-15.0830,7.5580,39.971
12.0930,44.2300,-9.1020,6.1460,45.573
12.1030,45.1990,-4.8740,2.3560,45.522
12.1130,36.0360,-1.7100,0.3820,36.079
12.1210,21.9870,-0.4040,1.4550,22.039
12.1330,9.2570,0.1940,3.7930,10.006
12.1420,1.5180,0.0990,6.3130,6.494
12.1520,0.0580,-0.3330,8.3640,8.371
12.1630,3.3840,0.6910,9.5280,10.135
12.1710,8.1820,2.0290,8.8820,12.245
12.1930,10.8630,3.6220,7.6810,13.788
12.1980,9.6220,6.0750,7.0320,13.377
12.2010,6.8660,7.9190,6.4090,12.285
12.2100,5.1800,9.2640,5.6470,12.023
12.2240,5.1570,10.2210,4.7590,12.398
12.2290,6.0770,10.8110,4.1330,13.072
12.2410,6.1360,11.6450,4.2800,13.841
12.2510,4.7880,13.7040,5.7720,15.622
12.2600,4.0520,17.3690,8.0440,19.565
12.2710,5.9910,22.0930,10.0570,25.003
12.2820,11.3040,27.4570,11.3100,31.774
12.2920,18.9800,31.1690,11.9590,38.403
12.3020,26.3180,32.7600,12.8810,43.952
12.3090,29.2700,32.9330,14.0940,46.260
12.3210,25.4810,31.8260,16.0470,43.814
12.3300,18.3930,31.0300,17.6440,40.156
12.3410,16.4370,30.5310,17.4780,38.830
12.3500,20.2700,28.8020,15.5620,38.505
12.3630,24.1240,25.9210,13.2240,37.799
12.3700,25.0220,21.5050,11.2000,34.843
12.3810,23.4020,16.0320,10.0860,30.107
12.3910,19.7220,10.2280,9.1180,24.015
12.4030,15.4970,4.3950,7.9070,17.944
12.4110,12.1070,-0.9030,6.1340,13.602
12.4220,10.0030,-5.5670,4.1080,12.163
12.4310,9.0850,-9.5600,2.0770,13.351
12.4410,8.9090,-12.7860,0.2300,15.585
12.4510,9.4640,-15.2490,-1.1960,17.987
12.4630,10.5900,-17.0690,-2.0140,20.188
12.4700,11.8550,-18.6850,-2.5370,22.273
12.4810,12.9360,-20.3250,-3.0600,24.286
12.4910,13.2240,-21.7320,-3.4390,25.671
12.5010,12.8490,-22.7940,-3.6360,26.417
12.5110,12.0020,-23.5430,-3.8390,26.703
12.5210,10.7820,-23.8250,-4.0930,26.470
12.5310,9.4630,-23.7180,-4.4210,25.916
12.5420,8.0460,-23.3040,-4.5480,25.070
12.5510,6.7820,-22.5810,-4.6880,24.039
12.5610,5.5130,-21.5300,-4.9530,22.770
12.5730,3.7650,-20.1690,-5.0680,21.134
12.5830,1.4720,-18.6610,-4.4990,19.252
12.5930,-2.3250,-17.5010,-3.4930,17.997
12.6020,-8.0350,-16.3980,-2.3530,18.412
12.6130,-15.8870,-14.4920,-0.5710,21.511
12.6230,-23.8110,-11.3020,1.3120,26.390
12.6330,-25.8620,-9.7580,1.9430,27.710
12.6430,-18.6920,-10.9030,-0.3840,21.643
12.6530,-5.2090,-12.6940,-5.5390,14.797
12.6610,8.4290,-13.2300,-11.3310,19.351
12.6710,17.7470,-13.0570,-15.4980,26.938
12.6830,19.5050,-13.2330,-17.8220,29.550
12.6910,14.6550,-14.4880,-16.5480,26.429
12.7020,8.0270,-17.4830,-12.4620,22.921
12.7100,3.1090,-20.8530,-7.5810,22.405
12.7230,3.8380,-23.2460,-2.7770,23.724
12.7300,10.8460,-22.8280,2.1190,25.362
12.7430,22.7940,-19.0670,5.2060,30.170
12.7510,35.8490,-13.6700,5.1310,38.708
12.7610,41.1770,-8.3610,2.2300,42.076
12.7730,34.7450,-4.1180,-0.3410,34.990
12.7820,22.1710,-3.0150,-0.3090,22.377
12.7920,9.8020,-3.2060,1.3450,10.400
12.8030,1.0480,-3.0980,3.4620,4.762
12.8110,-1.3320,-2.9050,4.0260,5.140
12.8270,1.8370,-2.6430,2.4070,4.019
12.8290,5.9070,-2.0190,0.2420,6.247
12.8400,8.3750,-1.1880,-1.0410,8.523
12.8510,9.3220,-0.3950,-0.6820,9.355
12.8610,8.2010,0.3250,1.1530,8.288
12.8710,5.8550,1.0150,3.4090,6.851
12.8810,4.3640,1.9760,5.4000,7.219
12.8900,5.1110,3.0020,6.4250,8.742
12.9010,7.4010,4.3030,6.5820,10.799
12.9090,9.8640,6.0550,6.6220,13.335
12.9190,12.2650,8.5460,6.7260,16.392
12.9300,15.0690,11.7830,6.2150,20.113
12.9390,18.5980,15.9200,5.0920,25.005
12.9510,22.2400,19.9460,3.6130,30.092
12.9590,24.8510,22.0710,3.4840,33.419
12.9690,25.0170,24.1170,5.6800,35.210
12.9790,24.2520,25.3490,9.6330,36.380
12.9890,23.4130,26.0480,13.1910,37.426
12.9990,23.3690,27.2800,16.4460,39.507
13.0110,23.6270,27.2950,19.1590,40.870
13.0230,21.5300,26.0590,22.1450,40.411
13.0310,16.9290,24.1060,25.3980,38.894
13.0410,12.0680,21.7440,27.2980,36.927
13.0490,7.6150,19.2050,25.8420,33.085
13.0650,3.8430,16.8180,20.0180,26.426
13.0710,1.8680,14.6940,11.1870,18.562
13.0810,1.3460,13.6020,2.0940,13.828
13.0910,2.3400,12.1030,-5.1230,13.349
13.1030,3.3770,10.0360,-8.3080,13.459
13.1090,4.0200,7.2960,-8.4750,11.884
13.1210,4.7990,3.8790,-5.7230,8.416
13.1290,5.8980,0.4880,-2.1750,6.305
13.1430,8.1240,-2.8510,0.7240,8.640
13.1510,11.5310,-6.3220,2.4630,13.379
13.1620,15.0950,-10.1210,2.9350,18.409
13.1710,18.0350,-13.9400,2.6800,22.951
13.1820,19.7360,-17.6680,2.0450,26.568
13.1900,19.7270,-20.8990,0.8480,28.751
13.2030,18.4400,-23.0070,-0.5410,29.490
13.2080,16.5850,-23.9980,-1.7980,29.227
13.2210,14.4820,-24.1590,-2.6210,28.289
13.2290,12.2960,-23.4400,-3.3500,26.680
13.2410,10.0630,-22.0300,-4.0090,24.549
13.2490,7.9280,-20.3360,-4.6110,22.308
13.2600,5.9250,-19.1290,-4.7800,20.588
13.2710,2.2130,-18.6430,-4.0660,19.209
13.2820,-4.6180,-16.9220,-2.9630,17.789
13.2920,-11.8820,-13.2480,-2.1630,17.927
13.3000,-13.4960,-11.2360,-2.2290,17.702
13.3100,-8.6870,-12.2800,-3.6080,15.469
13.3220,-0.9950,-12.6700,-3.9650,13.313
13.3300,4.9720,-13.4900,-3.7040,14.847
13.3420,7.1120,-14.7810,-3.5470,16.782
13.3510,5.3020,-15.6640,-3.1520,16.835
13.3630,2.1510,-16.7870,-1.9930,17.041
13.3690,-0.6200,-18.4950,-0.5030,18.512
13.3810,-2.3960,-20.6960,0.8880,20.853
13.3920,-2.1600,-23.0350,1.6920,23.198
13.3980,0.9410,-24.8160,1.5730,24.884
13.4090,7.3110,-25.3320,0.2440,26.367
13.4180,15.7060,-24.2750,-1.5740,28.956
13.4290,24.5320,-20.9660,-3.1390,32.423
13.4380,31.6130,-16.0700,-4.9420,35.806
13.4500,32.4860,-10.4090,-6.1230,34.658
13.4680,27.0000,-4.8470,-5.1740,27.915
13.4700,20.3820,-0.9560,-3.0230,20.627
13.4810,15.5570,0.7860,-0.8590,15.601
13.4920,12.3570,2.0200,1.2430,12.583
13.5030,10.2440,3.2910,2.9320,11.152
13.5120,8.9560,4.6370,3.7330,10.754
13.5230,8.5460,5.6940,3.4220,10.824
13.5300,7.7460,6.0280,2.4330,10.112
13.5390,5.9890,6.3050,1.8770,8.896
13.6000,2.8760,5.8240,0.6070,6.524
13.6010,-0.0180,5.4880,0.8180,5.549
13.6020,-1.0700,5.3810,1.6580,5.731
13.6030,-0.8680,5.6670,1.7350,5.990
13.6050,0.5730,6.2670,2.4760,6.763
13.6060,2.1730,7.4160,3.7340,8.583
13.6110,3.0810,9.3000,5.4380,11.205
13.6190,4.0510,12.5850,7.3300,15.117
13.6290,6.4530,17.2800,8.4080,20.272
13.6400,11.6040,22.5870,9.2980,27.042
13.6480,20.1040,27.0590,10.1530,35.206
13.6610,30.0550,29.4140,9.5850,43.132
13.6680,36.3640,30.8260,9.2490,48.561
13.6800,37.4210,31.4810,11.0460,50.134
13.6880,34.0780,30.6800,13.9580,47.931
13.7000,28.9690,30.0270,15.8420,44.630
13.7090,26.5780,28.3770,14.5450,41.511
13.7200,26.4890,25.1800,11.8810,38.430
13.7290,25.0560,20.9100,9.3780,33.956
13.7410,20.8590,15.4890,6.9910,26.905
13.7500,14.5710,10.1940,4.7350,18.402
13.7600,8.8600,5.6920,2.4430,10.810
13.7720,5.5590,1.6360,0.1130,5.796
13.7800,4.5490,-1.9920,-1.7530,5.266
13.7920,4.8190,-5.3960,-2.8920,7.791
13.7990,5.1550,-8.3750,-3.4890,10.435
13.8110,5.7820,-10.8710,-3.3530,12.761
13.8190,6.6350,-13.1430,-2.6180,14.954
13.8320,7.2600,-15.3580,-1.8260,17.085
13.8390,7.4450,-17.4600,-1.2920,19.025
13.8520,7.2440,-19.1810,-0.8630,20.521
13.8600,6.7930,-20.4840,-0.7110,21.593
13.8700,6.0710,-21.2920,-0.7930,22.155
13.8820,5.3070,-21.4990,-0.8960,22.162
13.8920,4.7730,-21.2100,-0.9470,21.761
13.9000,4.3580,-20.8470,-1.0780,21.325
13.9100,4.1330,-20.3300,-1.5930,20.807
13.9210,3.9260,-19.6600,-2.1260,20.161
13.9300,3.3940,-18.9130,-2.4370,19.369
13.9410,2.2430,-18.0950,-2.2040,18.366
13.9510,-0.2560,-17.3480,-1.1310,17.387
13.9600,-4.8170,-16.3590,0.3220,17.056
13.9700,-9.0890,-15.5940,1.6270,18.123
13.9820,-12.4160,-15.1830,2.0280,19.718
13.9920,-13.5950,-13.6280,1.5490,19.312
14.0020,-9.8520,-13.7740,-0.2220,16.936
14.0110,-2.6550,-15.0930,-2.8980,15.596
14.0210,4.1290,-15.7700,-5.1420,17.093
14.0320,8.2670,-16.3740,-6.4240,19.435
14.0410,9.8270,-17.4220,-6.2930,20.969
14.0500,9.9350,-18.6680,-4.6590,21.654
14.0660,9.1830,-20.3880,-1.7230,22.427
14.0690,8.4030,-21.7350,1.1430,23.331
14.0800,9.6410,-21.6390,2.9760,23.876
14.0910,14.6650,-20.3270,3.0740,25.253
14.1000,23.6930,-17.3780,1.7610,29.436
14.1100,32.8100,-12.1830,0.0540,34.999
14.1210,35.7840,-6.3090,-1.8320,36.382
14.1340,29.5070,-1.4400,-2.7910,29.674
14.1400,18.0700,-0.2440,-2.0830,18.191
14.1500,6.6260,0.0740,-0.1860,6.629
14.1600,-1.8440,1.7420,1.1880,2.801
14.1710,-3.2800,3.6090,0.0610,4.877
14.1800,2.9560,4.4620,-3.3740,6.327
14.1900,10.8060,5.3640,-6.1930,13.561
14.2010,15.3270,6.4070,-7.2360,18.120
14.2110,13.8870,6.3440,-6.4070,16.557
14.2270,8.0970,5.9480,-3.2350,10.555
14.2300,2.8410,5.3240,0.7320,6.079
14.2400,0.4460,4.3550,4.2050,6.070
14.2500,0.5580,4.0420,6.6240,7.780
14.2600,2.3620,4.4910,7.9270,9.412
14.2700,5.0730,5.8630,8.2650,11.332
14.2810,7.4180,7.8940,7.9860,13.458
14.2910,7.8480,10.3700,7.5610,15.043
14.3010,7.0210,14.3470,7.1220,17.489
14.3100,8.2960,19.0810,6.1080,21.684
14.3200,12.2060,23.2740,4.4740,26.659
14.3290,15.8880,26.8650,3.5130,31.409
14.3390,17.6000,29.9280,3.8680,34.934
14.3470,18.1140,30.5880,5.1660,35.923
14.3590,18.2120,33.2910,7.1290,38.611
14.3700,25.2750,35.2440,7.5930,44.030
14.3820,33.5720,33.1000,6.8710,47.643
14.3900,31.9770,30.0300,8.1360,44.615
14.4020,22.2100,25.5800,10.2170,35.384
14.4100,12.1180,20.7810,10.8100,26.373
14.4220,4.5240,16.0980,7.9840,18.530
14.4300,-1.3340,13.1010,2.9260,13.490
14.4420,-3.9480,11.3920,-1.5630,12.158
14.4500,-3.1090,9.2520,-3.8850,10.505
14.4620,-1.1150,6.4910,-3.4940,7.455
14.4700,-0.0210,3.4870,-1.0950,3.655
14.4820,0.5420,0.1270,2.5100,2.571
14.4900,0.8520,-3.0210,6.0780,6.841
14.5010,0.7810,-5.4430,8.3830,10.026
14.5080,0.9540,-6.9080,9.2050,11.548
14.5200,2.2810,-7.9150,8.5870,11.899
14.5270,4.7020,-8.8960,6.9670,12.239
14.5380,7.3110,-10.2530,5.1870,13.619
14.5510,9.2500,-12.0370,3.5290,15.585
14.5590,10.1550,-13.7590,2.3440,17.261
14.5690,10.0120,-15.2000,1.5400,18.266
14.5780,9.2620,-16.4790,1.0080,18.930
14.5890,8.1640,-17.4830,0.6230,19.305
14.5980,7.0000,-17.9290,0.1150,19.247
14.6090,6.0620,-17.8120,-0.4760,18.821
14.6220,5.2000,-17.4220,-0.9260,18.205
14.6300,3.8670,-17.3860,-0.8710,17.832
14.6400,0.6680,-17.1440,0.4330,17.162
14.6510,-5.2580,-15.1980,2.8560,16.333
14.6620,-9.6690,-12.3120,4.3930,16.260
14.6710,-8.5990,-8.5190,2.4020,12.340
14.6820,1.4220,-5.7480,-2.3280,6.362
14.6890,15.1100,-5.8320,-7.0590,17.668
14.6980,22.8830,-6.2940,-10.4550,25.934
15.2110,20.4280,-6.0230,-11.3150,24.117
15.2210,11.0780,-5.0760,-9.7130,15.583
15.2230,2.6510,-5.6700,-7.0680,9.441
15.2250,-1.1990,-7.7430,-3.2900,8.498
15.2260,-0.3440,-9.9100,0.3850,9.923
15.2280,3.9090,-11.4770,2.9120,12.469
15.2290,10.0190,-14.1530,-4.3490,17.877
15.2310,9.0330,-16.2820,-4.4350,19.141
15.2320,8.3450,-17.6940,-4.2570,20.021
15.2360,8.0390,-18.6460,-4.1510,20.725
15.2380,7.7710,-19.4820,-4.2240,21.396
15.2460,7.2600,-20.1660,-4.0920,21.820
15.2580,6.6610,-20.8360,-3.4500,22.145
15.2700,6.0850,-21.4630,-2.4070,22.438
15.2770,5.5010,-21.4030,-1.5560,22.153
15.2860,5.1620,-21.1490,-1.1620,21.801
15.3010,5.1530,-20.8740,-1.3370,21.542
15.3080,5.2100,-20.5990,-1.9590,21.338
15.3180,5.2560,-20.1630,-2.5490,20.992
15.3270,4.6240,-19.7660,-2.5680,20.461
15.3400,1.9030,-19.1780,-2.0590,19.382
15.3490,-2.3310,-18.1950,-1.0730,18.375
15.3580,-6.2330,-17.0010,-0.5830,18.117
15.3720,-9.4810,-15.5840,-1.0410,18.271
15.3830,-11.8940,-13.6610,-1.7950,18.202
15.3890,-11.0870,-13.0840,-2.9330,17.399
15.3990,-7.6160,-13.6830,-4.5750,16.314
15.4090,-2.8620,-13.9430,-5.7960,15.369
15.4230,0.6610,-14.1320,-5.5600,15.201
15.4270,2.7820,-15.0140,-4.3970,15.890
15.4370,4.9650,-16.9310,-4.0580,18.105
15.4530,7.8840,-19.6530,-4.1220,21.573
15.4570,10.4760,-22.0750,-3.7940,24.727
15.4680,13.3350,-23.4730,-3.0240,27.165
15.4770,17.0630,-23.2860,-1.9420,28.934
15.4890,22.2830,-21.1010,-0.5860,30.694
15.5040,28.1870,-16.3760,0.6220,32.605
15.5080,32.5080,-9.3130,0.1420,33.816
15.5180,33.4190,-2.4670,-2.3740,33.594
15.5280,29.4890,2.5330,-3.8790,29.851
15.5380,20.9970,5.1440,-2.2140,21.731
15.5510,10.9790,6.7850,2.0460,13.068
15.5600,3.3190,8.6760,6.3000,11.224
15.5710,1.1030,10.2150,8.6210,13.412
15.5810,3.1180,11.2300,7.9630,14.115
15.5890,5.6290,12.3240,5.6420,14.676
15.6000,6.9500,13.1380,3.5060,15.271
15.6090,5.9570,13.2420,2.2100,14.687
15.6180,3.5460,13.2180,2.6480,13.939
15.6260,1.8930,12.6490,4.3690,13.516
15.6370,2.1290,11.6620,6.4610,13.501
15.6500,3.7310,10.5390,8.5600,14.081
15.6570,5.1750,9.1440,10.3530,14.751
15.6700,5.5740,7.7460,11.7220,15.115
15.6790,5.5060,6.2890,12.5160,15.051
15.6880,6.6820,5.0180,12.9920,15.447
15.6970,9.6190,3.7470,13.1080,16.685
15.7080,11.5720,3.0580,12.8840,17.586
15.7190,10.6480,3.4370,13.2370,17.332
15.7290,9.5030,3.4690,14.8060,17.932
15.7390,9.5240,4.2930,16.3580,19.409
15.7500,10.9180,6.1240,16.5910,20.784
15.7590,13.3240,7.7420,13.9370,20.778
15.7670,15.0410,9.9560,9.0470,20.179
15.7800,16.3640,13.6070,3.1540,21.515
15.7900,18.0110,16.9090,-2.5320,24.834
15.7990,18.7820,18.8160,-6.5200,27.374
15.8070,15.7800,18.8330,-6.6400,25.452
15.8190,8.4910,17.6090,-3.8550,19.926
15.8290,0.1980,15.7130,0.3150,15.717
15.8380,-5.7110,13.3720,4.8590,15.331
15.8490,-8.7340,11.3430,8.6030,16.702
15.8580,-9.6790,10.1370,10.9680,17.797
15.8690,-9.3900,9.3070,11.1790,17.314
15.8780,-8.8810,8.6830,8.9590,15.314
15.8890,-8.0880,7.9420,7.0860,13.368
15.8960,-6.4690,7.3390,2.4680,10.090
15.9080,-5.3940,6.8140,-0.2390,8.694
15.9190,-4.1890,5.6720,0.3210,7.058
15.9260,-1.9450,4.0050,1.5600,4.718
15.9400,1.3480,1.7410,3.2660,3.939
15.9490,4.8300,-1.1450,4.1690,6.482
15.9570,7.7630,-4.4860,4.7970,10.169
15.9680,9.6530,-7.6450,4.8430,13.232
15.9760,11.2840,-10.8550,4.2230,16.217
15.9880,12.7670,-14.0960,3.2280,19.290
15.9960,13.6100,-16.8920,2.0620,21.790
16.0100,13.6100,-19.1270,0.8250,23.489
16.0160,11.9870,-20.6150,-0.1560,23.847
16.0290,8.3680,-21.1910,-0.3900,22.787
16.0400,3.0990,-20.9530,0.1150,21.181
16.0490,-2.7790,-21.2850,1.0770,21.493
16.0600,-10.6490,-21.9750,1.7670,24.483
16.0690,-23.9930,-18.8380,0.3020,30.506
16.0800,-32.7990,-13.7890,-3.9140,35.794
16.0890,-29.0340,-11.9620,-7.6640,32.323
16.0990,-12.8880,-13.4230,-8.7170,20.549
16.1070,7.0290,-15.3900,-10.0180,19.663
16.1190,23.6130,-17.8250,-12.6610,32.181
16.1290,31.4090,-20.4710,-12.8010,39.616
16.1390,26.5860,-20.6190,-8.5160,34.706
16.1470,15.5110,-19.4550,-2.5130,25.008
16.1590,6.7840,-19.1580,3.4300,20.611
16.1680,3.1390,-18.7120,7.1330,20.270
16.1770,5.8330,-18.0210,8.7970,20.885
16.1890,11.9800,-16.3270,8.0860,21.805
16.1990,17.3750,-13.4240,5.6150,22.663
16.2080,19.1270,-9.7430,2.5590,21.618
16.2200,17.1880,-6.0950,-0.3820,18.241
16.2270,12.6360,-3.6180,-2.9000,13.460
16.2350,6.9250,-2.3710,-4.4250,8.553
16.2460,1.8010,-1.5840,-4.9140,5.468
16.2560,-1.8670,-0.8840,-4.7730,5.201
16.2680,-3.2290,-0.4370,-3.3430,4.668
16.2800,-2.1570,0.5970,-1.1970,2.538
16.2880,0.7690,1.8140,0.5510,2.046
16.2980,4.1310,3.4030,2.1800,5.779
16.3090,7.0510,5.7680,4.3410,10.091
16.3180,9.5430,8.1000,7.1410,14.411
16.3280,11.2400,9.9940,9.8790,17.995
17.8730,12.1260,11.3130,12.0400,20.494
17.8740,11.9380,12.1440,13.2320,21.566
17.8750,10.8780,14.4130,13.3190,22.438
17.8760,11.7930,18.0890,11.9930,24.701
17.8760,16.3770,22.2430,9.7640,29.297
17.8770,-1.2200,1.3870,0.8130,2.018
17.8780,-1.7700,1.0030,2.7220,3.398
17.9000,-2.7730,1.4220,3.1390,4.423
17.9010,-2.2150,1.3980,2.2930,3.481
17.9020,-1.4260,1.5640,1.5380,2.616
17.9040,-0.9350,1.1860,1.3750,2.042
17.9140,-0.7510,1.1040,0.6080,1.467
17.9250,-0.9010,1.0970,0.0380,1.420
17.9380,-1.6050,1.3760,-0.3660,2.146
17.9440,-2.2440,1.3570,-0.8560,2.759
17.9530,-3.3720,1.2770,-0.7410,3.681
17.9640,-4.5100,1.3810,0.1230,4.718
17.9870,-5.2830,1.2680,0.5650,5.462
17.9910,-5.8430,1.3500,0.0360,5.997
18.0010,-4.9230,1.7600,-0.8790,5.302
18.0060,-3.4200,1.8400,-1.4610,4.149
18.0730,-1.7750,1.2310,-1.9010,2.877
18.1280,-0.8840,0.7050,-1.9310,2.238
18.1290,-0.1020,0.1610,-1.6010,1.612
18.1300,0.2850,-0.0980,-1.0210,1.065
18.1360,0.2870,-0.1920,-0.6850,0.767
18.1390,-1.1820,0.6460,-0.4890,1.433
18.1440,-1.5360,0.8490,-0.6160,1.860
18.1480,-1.5260,0.5660,-0.9420,1.881
18.1540,-1.6270,0.8560,-1.6430,2.466
18.1560,-2.0460,1.0520,-2.1080,3.120
18.1570,-2.6430,1.3430,-1.8100,3.473
18.1580,-2.6100,1.2660,-1.6350,3.330
18.1590,-1.9090,0.6680,1.0570,2.282
18.1600,-1.7220,0.2990,0.7190,1.890
18.1620,-1.1640,0.3250,0.8440,1.474
18.1650,-0.8520,0.4570,0.7960,1.252
18.1770,-0.4520,0.2430,-0.9300,1.062
18.1850,-0.9960,0.4040,-2.5410,2.759
18.1960,-1.6030,1.4680,-1.8600,2.861
18.2090,-1.0120,2.7710,-0.3030,2.966
18.2220,-0.2900,2.7650,0.7380,2.876
18.2290,0.9250,1.8670,1.9110,2.827
18.2410,2.5780,0.5740,3.3500,4.266
18.2570,2.3440,-0.5870,3.3450,4.126
18.2930,1.3300,-1.0550,2.5750,3.084
18.3020,0.7210,-1.2520,1.6230,2.173
18.3030,0.4210,-1.2160,0.9460,1.597
18.3290,-0.0150,-0.9600,0.5090,1.087
18.3370,-0.2730,-0.5580,0.2790,0.681
18.3380,-0.5820,-0.0480,0.3000,0.657
18.3390,-0.7450,0.4410,0.2450,0.900
18.3450,-0.7740,0.6010,-0.0140,0.980
18.3460,-0.7340,0.6100,-0.2920,0.998
18.3490,-0.6120,0.5610,-0.5050,0.972
18.3590,-0.5780,0.4660,-0.5550,0.927
18.3690,-0.7610,0.5140,-0.2560,0.953
18.3780,-0.8850,0.4860,-0.0590,1.011
18.3880,-0.7920,0.5800,-0.0120,0.982
18.4000,-0.7540,0.6750,0.0000,1.012
18.4090,-0.6850,0.6450,-0.0330,0.941
18.4180,-0.6680,0.6510,-0.0870,0.937
18.4270,-0.6470,0.7450,-0.1510,0.998
18.4400,-0.7130,0.8150,-0.1260,1.090
18.4470,-0.7160,0.8000,0.0340,1.074
18.4580,-0.7550,0.6380,0.0600,0.990
18.4680,-0.9650,0.5980,-0.1280,1.142
18.4790,-1.0260,0.6090,-0.4140,1.263
18.4870,-0.9570,0.5270,-0.6100,1.251
18.4980,-0.8760,0.5560,-0.6450,1.222
18.5070,-0.9710,0.5700,-0.4190,1.201
18.5180,-1.0640,0.4970,-0.0690,1.176
18.5270,-1.0440,0.3900,0.1890,1.130
18.5410,-0.8970,0.3230,0.3240,1.007
18.5520,-0.7330,0.3130,0.4780,0.929
18.5610,-0.5550,0.1990,0.5930,0.836
18.5730,-0.5130,0.1520,0.4770,0.717
18.5780,-0.5610,0.1900,0.2370,0.638
18.5880,-0.5410,0.1750,-0.0280,0.569
18.5970,-0.4050,0.2080,-0.1730,0.487
18.6070,-0.1790,0.1370,-0.2870,0.365
18.6180,-0.0160,0.0620,-0.3230,0.329
18.6290,0.0580,0.0000,-0.2940,0.300
18.6380,0.1170,-0.0650,-0.0500,0.143
18.6470,0.2390,-0.2730,0.1200,0.382
18.6580,0.1040,-0.3700,0.2420,0.454
18.6680,-0.3370,-0.3160,0.2010,0.504
18.6770,-0.8690,-0.2700,-0.0450,0.911
18.6870,-1.3640,-0.3040,-0.2760,1.424
18.6990,-1.6090,0.1070,0.3340,1.647
18.7070,-1.7720,0.3510,0.6200,1.910
18.7170,-1.0690,0.0130,0.6130,1.232
18.7270,-0.6330,-0.5490,0.0230,0.838
18.7380,-0.2680,-0.1880,-0.3830,0.504
18.7480,-0.1050,-0.1230,-1.0760,1.088
18.7570,-0.0300,-0.3560,-1.5050,1.547
18.7670,0.0060,-0.3960,-1.7730,1.817
18.7850,0.0070,-0.1080,-1.6060,1.610
18.7990,-0.2990,-0.0030,-0.8680,0.918
18.8040,-0.9870,0.5270,-0.6980,1.319
18.8130,-1.0110,0.2950,-0.0080,1.053
18.8230,-0.8260,0.0720,0.5880,1.016
18.8330,-0.6530,0.0430,0.6290,0.908
18.8430,-0.3590,-0.0240,0.5350,0.645
18.8540,-0.1120,0.0890,0.4100,0.434
18.8850,-0.1020,0.4910,-0.3860,0.633
18.9380,-0.2310,0.2370,-0.5170,0.614
18.9390,-0.3380,-0.0930,-0.5620,0.662
18.9390,-0.3440,-0.3200,-0.6500,0.802
18.9390,-0.3210,-0.4550,-0.6570,0.861
18.9390,-0.3830,-0.1750,-0.8770,0.973
18.9440,-0.1030,0.0340,-1.1720,1.177
18.9530,0.1770,0.2120,-1.3260,1.354
18.9630,0.3920,0.3370,-1.3300,1.427
18.9720,0.5080,0.2870,-1.0310,1.185
18.9830,0.5150,0.1270,-0.5460,0.761
18.9920,0.5480,-0.0320,0.0670,0.553
19.0070,0.6130,-0.1180,0.5940,0.862
19.0130,0.6010,-0.1840,0.9110,1.107
19.0250,0.5600,-0.3000,1.1360,1.302
19.0340,0.4290,-0.2470,1.4570,1.539
19.0530,0.3420,-0.1360,2.0230,2.056
19.0570,0.1660,0.0020,2.4300,2.436
19.0650,-0.0690,0.0280,2.2990,2.300
19.0790,-0.2840,-0.0510,1.6640,1.689
19.0850,-0.4720,-0.1050,0.8450,0.974
19.0920,-0.6450,-0.1530,0.1850,0.688
19.1060,-0.7720,-0.2030,-0.1880,0.820
19.1130,-0.7640,-0.2200,-0.2790,0.843
19.1240,-0.6210,-0.2250,-0.2990,0.725
19.1340,-0.4620,-0.1550,-0.3440,0.596
19.1430,-0.3120,-0.0740,-0.3100,0.446
19.1520,-0.1980,-0.1350,-0.2730,0.363
19.1620,-0.1660,-0.2120,-0.3700,0.458
19.1720,-0.2510,-0.1800,-0.5540,0.634
19.1840,-0.3910,-0.0670,-0.7550,0.853
19.1920,-0.4090,-0.0460,-0.9290,1.016
19.2030,-0.3320,-0.0980,-0.9410,1.003
19.2130,-0.2390,-0.1640,-0.7830,0.835
19.2230,-0.2080,-0.1350,-0.5330,0.588
19.2320,-0.2190,-0.0760,-0.2950,0.375
19.2420,-0.2130,-0.0350,-0.1560,0.266
19.2530,-0.2500,-0.0720,-0.0950,0.277
19.2620,-0.2690,-0.1090,-0.0150,0.291
19.2730,-0.2980,-0.1330,0.0530,0.331
19.2830,-0.2910,-0.1470,0.1400,0.355
19.2920,-0.2070,-0.1870,0.1840,0.334
19.3020,-0.1710,-0.2120,0.1830,0.328
19.3120,-0.2030,-0.2020,0.1670,0.332
19.3230,-0.2420,-0.1880,0.0890,0.319
19.3320,-0.1290,-0.1920,-0.1240,0.262
19.3420,0.0080,-0.1790,-0.3360,0.381
19.3530,0.0340,-0.0660,-0.4460,0.452
19.3630,-0.0970,0.0980,-0.4680,0.488
19.3730,-0.2900,0.1980,-0.4970,0.609
19.3840,-0.4590,0.1320,-0.5740,0.747
19.3920,-0.3270,-0.0140,-0.7510,0.819
19.4020,-0.1290,-0.0770,-0.7900,0.804
19.4120,-0.0450,-0.0150,-0.4840,0.486
19.4240,0.0970,0.0300,-0.1090,0.149
19.4320,0.4720,0.0120,0.2030,0.514
19.4420,0.9480,-0.0770,0.3320,1.007
19.4540,1.1270,0.0110,0.2530,1.155
19.4660,1.0660,0.0230,0.0150,1.066
19.4730,0.8050,0.1700,0.0770,0.826
19.4840,0.4390,0.2070,0.4990,0.696
19.4930,0.1170,0.1090,1.1010,1.113
19.5030,-0.1430,-0.0260,1.4750,1.482
19.5130,-0.4010,-0.1970,1.5560,1.619
19.5230,-0.6670,-0.2900,1.4850,1.654
19.5330,-0.8930,-0.3090,1.2790,1.590
19.5430,-0.9980,-0.3570,0.9400,1.417
19.5520,-1.0570,-0.5610,0.5370,1.312
19.5620,-1.1130,-0.7500,0.4570,1.418
19.5730,-1.1950,-0.8290,0.6380,1.588
19.5840,-1.3090,-0.7770,0.7790,1.710
19.5920,-1.1900,-0.5920,0.8790,1.593
19.6040,-0.7500,-0.3000,1.6760,1.861
19.6140,-0.4140,-0.2000,2.1150,2.164
19.6260,-0.1870,-0.0400,1.7760,1.786
19.6340,-0.0620,0.1280,0.8040,0.816
19.6430,0.1530,0.1970,-0.2290,0.339
19.6530,0.2930,0.1490,-0.8600,0.921
19.6630,0.2520,-0.1850,-1.2570,1.295
19.6740,-0.0200,-0.4360,-1.5100,1.572
19.6830,-0.3930,-0.4600,-1.6560,1.763
19.6930,-0.7110,-0.2830,-1.5950,1.769
19.7080,-0.8330,-0.2040,-1.4760,1.707
19.7120,-0.8160,-0.1310,-1.1640,1.428
19.7260,-0.6910,-0.2210,-0.5160,0.890
19.7330,-0.3610,-0.2850,0.0370,0.461
19.7430,0.0120,-0.2150,0.4910,0.536
