timestamp,acc_x,acc_y,acc_z
0.035,0.156,0.276,-1.402
0.05500000000000001,-0.2535454545454549,-0.6607272727272726,-0.9600909090909089
0.07500000000000001,0.031999999999999945,-0.32899999999999957,-0.16199999999999953
0.09500000000000001,0.1185454545454547,0.18109090909090933,0.30845454545454565
0.11500000000000002,0.239,0.23483333333333348,0.10849999999999982
0.135,0.2192,-0.038699999999999984,0.1884
0.15500000000000003,0.1833636363636364,-0.3960000000000003,0.4201818181818185
0.17500000000000002,0.1439999999999997,-0.46199999999999974,0.34499999999999964
0.19500000000000003,-0.004666666666666805,-0.25166666666666637,0.06099999999999958
0.21500000000000005,0.1509999999999998,-0.3780000000000023,-0.2979999999999994
0.23500000000000004,-0.2080000000000035,-1.2599999999999985,-0.02799999999999943
0.255,-0.638,-0.203,0.049
0.275,-0.162,0.764,1.026
0.29500000000000004,0.10100000000000063,0.44833333333333214,1.3716666666666666
0.31500000000000006,0.20999999999999994,-0.548000000000001,0.2709999999999986
0.3350000000000001,0.42830000000000146,-0.9107000000000012,-0.09550000000000046
0.3550000000000001,-0.13681818181819205,-0.9401818181818165,-0.8781818181818218
0.3750000000000001,-0.8419999999999965,-0.2919999999999989,0.8759999999999963
0.39500000000000013,-0.0618333333333402,-0.3664999999999965,0.3996666666666675
0.41500000000000004,-1.1989999999999994,1.3080000000000074,0.48900000000000116
0.43500000000000005,0.017000000000000445,0.8689999999999922,0.09200000000000144
0.45500000000000007,0.0779090909090908,-1.216181818181822,-0.15518181818182097
0.4750000000000001,0.12995652173912978,-1.99078260869565,-0.784956521739127
0.4950000000000001,0.009086956521738465,-1.6064347826086935,-0.1840869565217358
0.5150000000000001,0.29600000000000337,-0.16699999999999648,-0.6170000000000045
0.5350000000000001,0.26629999999999626,0.052100000000000785,-1.4378000000000035
0.5550000000000002,-0.20200000000000168,0.2062000000000009,-1.189933333333328
0.5750000000000002,-0.05900000000000486,0.49599999999999567,1.3009999999999904
0.5950000000000001,-0.3332307692307696,0.25884615384615356,-0.026384615384625887
0.6150000000000001,-0.15100000000000138,0.26599999999999946,0.13800000000000742
0.6350000000000001,-0.2719999999999995,0.27199999999999924,0.9880000000000015
0.6550000000000001,-0.38436363636363813,0.7563636363636426,1.6453636363636421
0.6750000000000002,-0.5250999999999915,0.1563999999999915,0.7598999999999909
0.6950000000000002,0.03866666666666441,-0.5777333333333341,-0.47326666666667533
0.7150000000000002,0.06830000000000606,-0.6432000000000044,-0.8824000000000076
0.7350000000000002,0.29592857142857104,-1.1055000000000055,-1.5777857142857221
0.7550000000000002,0.2980000000000009,-1.534000000000003,-2.4159999999999946
0.7750000000000001,0.5562500000000012,-1.844000000000002,-1.9024166666666673
0.7950000000000002,0.6841538461538462,-2.166615384615386,-1.975846153846154
0.8150000000000002,0.27399999999999936,-3.3040000000000083,-1.4269999999999952
0.8350000000000002,0.38500000000000334,-3.771999999999998,-0.895999999999995
0.8550000000000002,0.5980000000000031,-3.670999999999997,-0.7980000000000087
0.8750000000000002,1.142000000000013,-3.6250000000000004,-1.810000000000016
0.8950000000000002,2.0324117647058793,-3.561882352941173,-3.037058823529407
0.9150000000000001,1.6432999999999987,-2.726599999999995,-1.9156999999999922
0.9350000000000002,1.225066666666661,-2.1269999999999962,-1.075466666666663
0.9550000000000002,1.798000000000018,-1.8010000000000093,-0.7520000000000134
0.9750000000000002,1.0451818181817765,-1.592454545454533,-2.9191818181818214
0.9950000000000002,-1.889105263157894,-0.6169999999999961,-2.5436315789473727
1.0150000000000001,-1.626333333333319,-0.144333333333321,-3.089000000000014
1.0350000000000001,4.560100000000035,-2.682900000000026,-0.017999999999990787
1.0550000000000002,7.689999999999936,-5.484999999999997,-0.27899999999997066
1.0750000000000002,2.1005999999999685,-4.984099999999986,-0.010000000000001997
1.0950000000000002,-2.4820000000000046,-2.906899999999998,-0.32359999999999695
1.1150000000000002,-2.594699999999989,-3.310500000000004,0.4302999999999937
1.1350000000000002,-0.5001666666666325,-4.870833333333368,-0.8335000000000216
1.155,1.2508000000000068,-6.77800000000001,-0.19990000000000333
1.175,2.13863636363636,-10.862545454545474,-1.3379999999999839
1.195,2.1940588235294127,-12.388999999999989,7.139588235294166
1.215,4.190900000000046,-7.647799999999963,21.851700000000065
1.235,12.205636363636378,-1.6808181818181702,33.00527272727276
1.2550000000000001,15.593500000000017,1.8884000000000387,36.852499999999964
1.2750000000000001,15.656999999999897,10.069000000000115,27.014999999999816
1.2950000000000002,5.668999999999941,22.40800000000008,7.656999999999866
1.3150000000000002,-1.2820833333333455,31.403333333333347,-6.436333333333329
1.3350000000000002,-3.0465000000000066,31.584749999999985,-2.306499999999954
1.3550000000000002,-1.5809999999999198,25.65699999999989,11.551000000000094
1.3750000000000002,4.679916666666686,15.383333333333265,18.124333333333347
1.3950000000000002,8.696928571428627,2.495214285714121,19.47249999999999
1.4150000000000003,14.05166666666673,-11.972666666666786,18.459333333333316
1.4350000000000003,19.773363636363637,-23.776181818181893,15.424454545454493
1.4550000000000003,16.754999999999878,-27.065999999999995,10.668999999999922
1.4750000000000003,6.8163333333332865,-25.242111111110997,3.510111111110954
1.495,7.517833333333338,-19.570166666666648,-5.956583333333364
1.5150000000000001,13.137181818181894,-19.407636363636442,-11.138545454545461
1.5350000000000001,13.785333333333305,-27.596666666666714,-11.247583333333331
1.5550000000000002,-6.913200000000057,-28.7082,-6.087299999999984
1.5750000000000002,-10.881333333333293,-28.757444444444445,-3.072777777777761
1.5950000000000002,-3.0271428571427856,-28.05514285714284,-1.8612857142857338
1.6150000000000002,1.55890909090905,-24.982999999999954,-7.095272727272819
1.6350000000000002,-5.40000000000009,-20.825999999999993,-17.936400000000116
1.6550000000000002,-10.428999999999952,-21.019000000000027,-24.706999999999976
1.6750000000000003,-3.169999999999818,-23.86000000000002,-18.8059999999998
1.6950000000000003,11.163153846154025,-23.29223076923069,-3.4127692307690882
1.7150000000000003,25.675100000000253,-16.15239999999987,6.153700000000112
1.7350000000000003,37.896153846153965,-9.152153846153771,10.894692307692345
1.7550000000000003,43.17640000000003,2.752100000000229,11.562999999999924
1.7750000000000004,48.310000000000116,15.16654545454558,7.860636363636358
1.7950000000000002,48.68328571428557,22.189285714285763,9.624714285714319
1.8150000000000002,24.843799999999746,27.521200000000064,14.301400000000074
1.8350000000000002,13.597454545454648,33.756727272727304,18.50727272727271
1.8550000000000002,25.75850000000002,34.45889999999998,15.996299999999982
1.8750000000000002,21.424444444444333,27.542333333333264,12.90666666666665
1.8950000000000002,7.210692307692222,17.59907692307678,10.638307692307643
1.9150000000000003,3.9396000000000386,4.862799999999864,7.085599999999984
1.9350000000000003,9.00700000000008,-6.090600000000101,5.553999999999961
1.9550000000000003,15.120000000000061,-13.892000000000099,1.8449999999999498
1.9750000000000003,18.372666666666678,-20.821666666666747,-1.3290000000000284
1.9950000000000003,19.603000000000016,-24.20400000000002,-2.6500000000000052
2.0150000000000006,19.74277777777757,-25.874111111111077,-3.1106666666666825
2.0350000000000006,11.849999999999664,-23.757999999999864,-4.305999999999989
2.0550000000000006,-1.2494000000000016,-19.06219999999991,-4.351800000000131
2.0750000000000006,5.3791818181822295,-18.169727272727442,-7.767909090909248
2.0950000000000006,10.520428571428246,-22.946142857142906,-10.675714285714205
2.1150000000000007,-9.65180000000056,-23.382400000000015,-3.2145999999996864
2.1350000000000007,-16.319999999999265,-26.200000000000287,3.8550000000001803
2.1550000000000007,2.330750000000449,-30.480250000000034,5.295749999999828
2.1750000000000007,18.786000000000318,-28.824399999999763,-3.5404000000003677
2.1950000000000007,17.610499999999444,-20.707833333333106,-13.341500000000183
2.2150000000000007,-2.240000000000293,-15.696727272727276,-16.325090909090818
2.2350000000000008,-4.486999999999497,-16.22400000000001,-12.998999999999802
2.255000000000001,7.451444444445055,-15.181111111110937,-7.810999999999725
2.2750000000000004,21.125333333333526,-10.079222222222091,-2.3515555555554757
2.2950000000000004,26.941666666666684,-2.867249999999885,1.2235000000000325
2.3150000000000004,30.40520000000009,5.2296000000001035,1.2281999999999589
2.3350000000000004,37.12257142857151,12.319428571428654,-0.24328571428571918
2.3550000000000004,44.62155555555549,22.40555555555564,2.6950000000000935
2.3750000000000004,33.18222222222171,24.446888888888903,7.191777777777918
2.3950000000000005,12.131727272727314,26.41545454545458,14.935454545454581
2.4150000000000005,20.993222222222393,27.31211111111108,14.325555555555466
2.4350000000000005,22.89199999999968,25.053999999999895,8.328999999999795
2.4550000000000005,9.67324999999978,20.26499999999988,2.0419999999999745
2.4750000000000005,2.472750000000029,13.614749999999818,3.41475000000013
2.4950000000000006,6.77969230769251,4.837769230768955,9.19376923076937
2.5150000000000006,12.372454545454572,-6.577000000000243,11.73754545454539
2.5350000000000006,13.036500000000043,-15.0674000000003,7.438699999999732
2.5550000000000006,14.01618181818186,-22.05945454545468,0.536727272727127
2.5750000000000006,15.463090909090917,-25.654272727272783,-3.206909090909144
2.5950000000000006,13.122181818181597,-26.604272727272683,-3.991999999999956
2.6150000000000007,3.331909090908826,-24.070636363636293,-2.867727272727304
2.6350000000000007,-5.172199999999972,-20.026999999999823,-4.951000000000211
2.6550000000000007,1.5062222222226898,-17.750444444444604,-10.44088888888907
2.6750000000000007,5.406599999999497,-21.9682000000001,-11.743999999999732
2.6950000000000007,-9.378666666666746,-23.143000000000157,-1.5434444444439697
2.7150000000000007,-2.3448333333329225,-27.94666666666674,6.009000000000055
2.7350000000000008,11.647800000000458,-28.61479999999987,4.373799999999667
2.755000000000001,21.123923076923436,-23.623230769230478,-5.136230769231245
2.775000000000001,11.921857142856599,-14.427999999999855,-17.372000000000103
2.795000000000001,-4.376307692307704,-10.987923076923064,-18.31492307692303
2.815000000000001,0.17860000000041132,-10.58079999999999,-16.283399999999798
2.835000000000001,14.481545454546204,-8.80145454545434,-6.660090909090315
2.855000000000001,26.40400000000006,-4.066888888888626,4.176111111111399
2.875000000000001,21.925499999999662,1.9017500000001675,8.75549999999996
2.895000000000001,18.509250000000126,5.359750000000136,5.327499999999829
2.915000000000001,23.583818181818618,10.620090909091342,5.203636363636625
2.9350000000000005,33.13522222222248,19.021555555555747,10.129888888888976
2.9550000000000005,32.08377777777716,22.692555555555604,12.148666666666758
2.9750000000000005,15.47744444444434,25.121333333333464,15.570111111111132
2.9950000000000006,20.615750000000187,27.459833333333307,13.061916666666553
3.0150000000000006,26.85327272727261,23.92236363636348,5.696999999999872
3.0350000000000006,18.736499999999268,16.726624999999558,2.258374999999974
3.0550000000000006,5.0826249999996636,8.242999999999636,2.5383750000000425
3.0750000000000006,2.1497272727273513,0.11881818181799297,2.356545454545405
3.0950000000000006,6.148181818181935,-7.318909090909313,0.2504545454544839
3.1150000000000007,8.785272727272735,-14.556000000000141,-1.4428181818182093
3.1350000000000007,9.125000000000007,-20.024181818181958,-2.503727272727299
3.1550000000000007,9.35679999999999,-23.567600000000034,-2.703599999999985
3.1750000000000007,9.685000000000032,-23.778000000000006,-2.3139999999999965
3.1950000000000007,6.744307692307416,-22.787461538461475,-1.3358461538460547
3.2150000000000007,-6.360000000000568,-20.501999999999825,1.6768000000000494
3.2350000000000008,-16.713222222221816,-15.218555555555405,-1.358555555556033
3.255000000000001,-1.3423999999995007,-14.503600000000107,-12.477200000000295
3.275000000000001,3.9003999999996424,-17.068200000000058,-15.865799999999775
3.295000000000001,-4.4630909090908775,-21.112090909091176,-8.006636363636046
3.315000000000001,1.996888888889423,-27.483777777777856,0.6584444444446504
3.335000000000001,16.77490000000064,-26.06009999999972,3.1396999999998183
3.355000000000001,23.061333333332936,-19.017222222221925,-3.202888888889187
3.375000000000001,6.078599999999277,-12.68839999999988,-8.011999999999988
3.395000000000001,-4.716181818181468,-10.269363636363575,-7.590636363636427
3.415000000000001,4.400400000000485,-8.388399999999802,-9.45620000000001
3.435000000000001,11.941500000000206,-4.777999999999807,-7.9611249999998215
3.455000000000001,14.956222222222236,-0.3968888888886863,-4.449777777777622
3.475000000000001,14.70055555555561,2.875666666666837,-1.4067777777776078
3.495000000000001,18.436181818182238,5.743545454545706,1.1501818181819417
3.515000000000001,28.75054545454595,13.2148181818186,3.429272727272797
3.535000000000001,37.06144444444448,20.672222222222448,5.004000000000202
3.5550000000000006,29.445777777777177,23.889444444444592,10.687444444444687
3.5750000000000006,20.081777777777855,27.37611111111117,12.120777777777528
3.5950000000000006,23.256636363636417,27.784545454545373,5.679454545454425
3.6150000000000007,21.99888888888854,22.5452222222219,3.8220000000000947
3.6350000000000007,11.370999999999125,14.90599999999954,6.870000000000235
3.6550000000000007,0.5185555555555506,7.121999999999719,9.003111111111037
3.6750000000000007,4.194500000000213,-0.5637000000002081,5.637699999999879
3.6950000000000007,10.719000000000122,-7.210750000000165,2.3549999999999396
3.7150000000000007,14.235272727272774,-14.057363636363817,-0.37563636363644665
3.7350000000000008,14.926666666666636,-19.3556666666668,-2.960555555555625
3.755000000000001,14.965500000000027,-21.901214285714378,-4.532357142857209
3.775000000000001,14.665799999999832,-24.732200000000052,-6.402700000000016
3.795000000000001,8.410249999999532,-25.092499999999934,-5.3704999999999075
3.815000000000001,-3.535800000000395,-22.680399999999747,-3.267400000000117
3.835000000000001,-7.331599999999754,-16.485600000000062,-8.283600000000233
3.855000000000001,-1.4738888888889023,-17.441333333333358,-12.578333333333203
3.875000000000001,-6.833272727273072,-19.069454545454683,-5.741272727272324
3.895000000000001,-7.272666666666072,-23.07700000000027,1.7653333333335062
3.915000000000001,8.599900000000758,-27.3151,3.119699999999878
3.935000000000001,19.570500000000315,-25.587749999999897,-0.5726875000001659
3.955000000000001,14.569599999998989,-15.596999999999712,-11.865800000000213
3.975000000000001,-4.20900000000058,-12.302727272727253,-11.328363636363425
3.995000000000001,-8.41149999999962,-12.269250000000003,-7.1339999999998955
4.015000000000001,1.0193000000003667,-11.498299999999867,-5.299399999999904
4.035000000000001,10.697666666667185,-6.399333333333,-1.8263333333331753
4.055000000000001,20.564900000000314,0.024600000000260636,0.3674000000000406
4.075000000000001,27.78781818181855,6.84290909090946,-0.23100000000015763
4.095000000000001,33.658166666666865,13.086333333333556,-2.7708333333333854
4.115000000000001,40.16619999999999,20.71060000000009,-2.9926999999997586
4.135000000000001,30.864666666665666,19.973000000000013,5.253333333333986
4.155000000000001,17.570666666666778,22.480111111111448,18.40133333333414
4.175000000000001,24.96037500000024,23.818499999999936,23.105624999999936
4.195000000000001,31.090999999999706,18.857666666666333,17.360333333332992
4.215000000000001,17.377230769230398,11.496538461538334,11.224230769230696
4.235000000000001,2.6229999999997284,5.052333333333021,7.624666666666464
4.255000000000001,3.3824000000001897,-1.4764000000001758,3.2367999999998878
4.275000000000001,9.763909090909326,-7.917363636363985,-0.5746363636365598
4.295000000000001,12.379538461538488,-13.168538461538555,-3.327692307692352
4.315000000000001,13.85018181818187,-18.25672727272757,-5.968181818181976
4.335000000000001,13.384999999999861,-22.086000000000226,-7.001374999999913
4.355000000000001,12.341400000000021,-25.024200000000167,-6.158399999999996
4.375000000000001,9.36063636363592,-26.058454545454495,-5.818818181818125
4.395000000000001,-2.5564000000011093,-24.277399999999712,-2.005599999999712
4.415000000000001,-10.68129999999983,-16.721199999999683,-2.2124000000002457
4.435000000000001,-3.841999999998738,-16.458000000000165,-7.831000000000697
4.455000000000001,-1.174250000000853,-16.047624999999996,-9.565874999999581
4.475000000000001,-8.686799999999781,-18.072500000000268,-2.485299999999615
4.495000000000001,1.020000000000694,-24.06066666666688,2.5413333333334673
4.515000000000001,15.617750000000335,-24.98799999999993,2.6433333333332185
4.535000000000001,22.604272727272438,-18.91736363636309,-4.126000000000453
4.555000000000001,8.190181818181408,-11.785090909090842,-9.199727272727278
4.575000000000001,-8.82275000000034,-9.332499999999955,-7.863249999999913
4.595000000000001,-7.462666666666221,-8.597444444444415,-6.716111111111136
4.615000000000001,6.7903000000006575,-5.989899999999751,-6.972699999999919
4.635000000000001,16.514250000000093,-0.692083333333209,-5.012833333333286
4.655000000000001,16.419909090908956,3.486818181818346,-2.717181818181696
4.675000000000001,16.13320000000007,5.797800000000059,-2.077599999999996
4.695000000000001,21.03066666666712,10.647000000000418,-1.286999999999974
4.715000000000001,31.695000000000206,18.215500000000105,-1.8155000000000245
4.735000000000001,30.667636363635637,20.919727272727485,0.7812727272732063
4.755000000000001,22.799818181818182,24.45227272727278,6.074272727272692
4.775000000000001,24.048666666666662,25.183333333333266,3.906444444444267
4.795000000000001,20.39161538461513,21.7506153846152,1.7287692307691775
4.815000000000001,10.307363636362986,15.370999999999594,1.5208181818183424
4.835000000000001,0.49239999999983297,8.968999999999868,5.800200000000142
4.855000000000001,-0.8149999999997607,3.229222222221791,8.888555555555588
4.875000000000001,4.143000000000155,-2.9128000000001557,8.41139999999996
4.895000000000001,9.292666666666891,-8.30366666666701,5.737333333333031
4.915000000000001,11.889727272727367,-13.664363636363948,0.5751818181815347
4.935000000000001,12.86370000000003,-18.351100000000212,-2.7481000000000906
4.955000000000001,13.4535,-21.979500000000115,-3.946500000000027
4.975000000000001,10.863249999999557,-23.33074999999997,-3.5146249999998522
4.995000000000001,-1.2867692307697685,-21.569692307692165,-0.2068461538460471
5.0150000000000015,-12.441666666666823,-14.695333333332488,-1.8836666666673638
5.035000000000001,-6.528124999998874,-10.928000000000301,-8.113500000000293
5.0550000000000015,2.1993333333328327,-14.877666666666805,-10.722333333332932
5.075000000000001,-6.577875000000323,-16.8787500000002,-3.610249999999456
5.0950000000000015,-4.09623076923025,-21.30953846153869,3.4535384615387192
5.115000000000001,6.672000000000703,-23.645888888888848,6.668888888888887
5.135000000000002,17.435750000001132,-20.87737499999934,2.3152499999989065
5.155000000000001,17.212999999999333,-13.51736363636326,-6.154272727273013
5.175000000000001,0.4740909090900103,-8.67618181818169,-8.390727272727194
5.195000000000001,-13.23300000000003,-6.304999999999959,-5.814333333333248
5.215000000000001,-5.794916666666349,-6.216249999999977,-6.673166666666712
5.235000000000001,6.099111111111746,-3.6045555555553244,-6.97533333333324
5.255000000000001,12.428416666666806,-0.10683333333318534,-4.34616666666651
5.275000000000001,16.778000000000286,2.7086666666667605,-1.7517499999999848
5.295000000000001,18.85949999999999,4.816250000000145,-1.1815833333332564
5.315000000000001,22.646750000000633,10.855083333333804,0.6885000000000318
5.335000000000001,32.074000000000126,14.86959999999998,-0.0221999999999887
5.355000000000001,22.198545454544323,18.64627272727331,6.493909090909881
5.375000000000001,18.044636363636595,23.195727272727293,12.091272727272724
5.395000000000001,25.241090909091206,22.52136363636353,10.653545454545206
5.415000000000001,22.715818181817298,19.33763636363608,4.013090909090508
5.435000000000001,4.017833333332199,14.482833333333058,1.310750000000087
5.455000000000001,-7.994181818181897,10.11627272727256,3.025090909090924
5.475000000000001,-5.010999999999587,5.087222222221916,1.4538888888886867
5.495000000000001,0.5025000000001918,0.8839999999998309,-0.46849999999998126
5.5150000000000015,5.102000000000398,-3.45627272727312,0.14581818181821796
5.535000000000001,9.951692307692461,-9.136230769230968,-0.25992307692310346
5.5550000000000015,12.937500000000018,-15.094500000000577,-1.1345000000000596
5.575000000000001,11.622999999999887,-20.486500000000174,-1.5270000000000243
5.5950000000000015,7.95671428571341,-22.76642857142863,-1.6811428571427938
5.615000000000001,-3.554000000000749,-22.454399999999833,0.5314000000001963
5.635000000000002,-11.472411764706298,-17.855470588234887,2.2503529411765397
5.655000000000001,-2.52079999999884,-13.906800000000205,-5.750600000000594
5.675000000000002,5.642999999999975,-14.151399999999828,-9.361299999999813
5.695000000000001,4.245399999999997,-14.069900000000167,-5.281599999999809
5.715000000000002,5.925500000000317,-17.133500000000126,-2.2369999999997194
5.735000000000001,8.706000000000182,-17.830125000000034,-0.450499999999904
5.755000000000002,15.05700000000013,-15.179499999999642,-0.20600000000016133
5.775000000000001,7.7496666666654175,-11.155999999999763,-1.6103333333333654
5.795000000000002,-6.630400000000964,-9.377199999999899,-1.3621999999999748
5.815000000000001,-13.433909090908926,-8.116818181818134,-1.4314545454546135
5.835000000000001,-6.619124999999343,-6.977874999999815,-3.090375000000114
5.855000000000001,6.686000000000632,-2.5359999999997815,-4.996545454545519
5.875000000000001,16.303625000000384,2.1821250000003887,-4.444124999999872
5.895000000000001,20.159727272727437,10.511272727273187,-1.2217272727271022
5.915000000000001,28.715714285714814,20.3001428571432,-1.2957142857144222
5.935000000000001,38.759636363636396,27.32900000000018,-4.146727272727254
5.955000000000001,26.84322222222123,29.47666666666681,1.3310000000005588
5.975000000000001,22.708000000000485,29.483230769230474,6.682153846153911
5.995000000000001,28.92300000000004,23.579999999999718,7.834000000000059
6.0150000000000015,22.985444444443477,15.05144444444361,6.235777777777437
6.035000000000001,8.361799999999072,4.941399999999463,2.17519999999981
6.0550000000000015,-1.0278888888892097,-1.980111111111628,0.8203333333332811
6.075000000000001,-0.783571428571327,-8.008857142857366,-0.2545714285714686
6.0950000000000015,1.6841818181819446,-13.455909090909381,-0.6379090909090783
6.115000000000001,2.483916666666671,-16.598416666666765,-0.47116666666665974
6.135000000000002,2.4891111111110877,-18.63766666666678,-0.6545555555556016
6.155000000000001,2.7296000000000755,-19.12939999999999,-0.8645999999999952
6.175000000000002,4.781400000000164,-19.849200000000113,-1.9410000000001633
6.195000000000001,2.6069999999996347,-21.20650000000007,-3.442000000000007
6.215000000000002,-10.93866666666801,-20.29911111111072,-1.621888888888523
6.235000000000001,-18.112499999999415,-13.355499999999623,0.8799999999998854
6.255000000000002,-0.989199999998525,-15.368800000000201,-4.005000000000461
6.275000000000001,9.74433333333367,-16.791888888889023,-7.225222222222377
6.295000000000002,9.830222222222195,-18.662111111111283,-7.068666666666522
6.315000000000001,11.779545454545687,-19.749090909090867,-5.050545454545351
6.335000000000002,16.414200000000378,-16.7243999999996,-4.533999999999973
6.355000000000001,14.786454545454044,-10.763363636363309,-2.2313636363633975
6.375000000000002,3.5823333333322345,-6.816666666666324,2.489333333333743
6.395000000000001,-1.4919999999999813,-3.5595999999998167,3.2263999999998756
6.415000000000002,1.8934285714288668,-0.7051428571426119,0.0763571428569082
6.435000000000001,7.809400000000317,4.696000000000288,-3.557000000000138
6.455000000000001,10.73840000000007,8.698600000000232,-4.322599999999978
6.475000000000001,12.344400000000146,12.433000000000268,-3.3041999999998426
6.495000000000001,17.50777777777831,17.96433333333377,-0.11144444444432056
6.5150000000000015,27.3978571428582,25.271000000000612,-1.6187142857147219
6.535000000000001,30.088666666666256,27.787333333333347,-4.2960000000000225
6.5550000000000015,20.642666666666326,27.962666666666713,0.022000000000404585
6.575000000000001,26.73300000000046,25.866999999999823,-0.61600000000014
6.5950000000000015,29.5959999999998,19.926666666665962,-1.0836666666666224
6.615000000000001,19.03199999999895,10.070999999999348,-0.822799999999993
6.635000000000002,3.348599999999145,2.199799999999569,0.9678000000002212
6.655000000000001,2.03300000000021,-2.349600000000213,2.3502000000000076
6.675000000000002,7.435923076923343,-8.004692307692743,1.1949230769230015
6.695000000000001,9.479000000000044,-15.01560000000037,1.7248000000000812
6.715000000000002,9.226833333333284,-20.18033333333362,1.341499999999892
6.735000000000001,9.711000000000055,-23.382666666666797,-0.9996666666668158
6.755000000000002,10.231999999999958,-25.49400000000016,-3.642000000000211
6.775000000000001,9.064749999999883,-26.443250000000024,-6.2391250000002145
6.795000000000002,3.5352499999989333,-26.07362499999983,-6.780124999999894
6.815000000000001,-10.939750000001709,-21.772999999999303,-3.8919999999996584
6.835000000000002,-21.95733333333358,-12.75924999999942,-2.6219166666667033
6.855000000000001,-14.545999999999243,-13.589400000000245,-6.134400000000298
6.875000000000002,-9.850454545454687,-15.894181818181993,-7.255909090908883
6.895000000000001,-4.161999999998601,-21.861000000000974,-6.022285714285731
6.915000000000002,10.246333333334665,-28.831333333333653,-4.493999999999723
6.935000000000001,24.107000000001158,-26.57079999999958,-4.090100000000103
6.955000000000002,31.214333333333375,-16.851666666665466,-3.076666666666389
6.975000000000001,21.19433333333242,-8.772083333333082,-2.1439166666666756
6.995000000000002,3.744624999998743,-4.007124999999453,-2.3893750000000615
7.0150000000000015,2.3266666666671734,-1.215111111111042,-4.875333333333673
7.035000000000002,7.724666666666987,1.3054444444448745,-6.4971111111110265
7.0550000000000015,8.080333333333307,4.540333333333497,-3.8356666666663415
7.075000000000001,8.976181818181882,5.851636363636417,-0.4225454545453541
7.0950000000000015,10.952500000000093,8.03762500000027,2.5740000000003462
7.115000000000001,11.451200000000126,12.855400000000436,5.6780000000001
7.135000000000002,18.640000000001738,20.39650000000117,2.5504999999989177
7.155000000000001,26.991374999999962,26.881000000000203,-3.793000000000134
7.175000000000002,20.49042857142805,30.88800000000055,-2.045428571428133
7.195000000000001,27.87160000000084,31.91879999999977,-0.8020000000000702
7.215000000000002,31.674999999999613,26.004799999999456,0.22340000000027005
7.235000000000001,21.911249999999388,16.707499999999456,2.218750000000017
7.255000000000002,8.479399999999048,5.422799999999211,3.093500000000143
7.275000000000001,3.4795999999999916,-2.271100000000549,4.913300000000063
7.295000000000002,6.139272727273063,-8.542272727273293,4.097090909090754
7.315000000000001,9.266181818181938,-14.500727272727609,2.0859090909089666
7.335000000000002,9.120555555555377,-19.27877777777819,0.1717777777775938
7.355000000000001,6.175999999999778,-22.80450000000014,-1.4595000000000737
7.375000000000002,3.9757272727272315,-23.558454545454524,-2.438272727272813
7.395000000000001,3.7139999999999063,-23.64300000000007,-3.283333333333444
7.415000000000002,-1.05725000000058,-22.784666666666585,-3.374249999999911
7.435000000000001,-9.985333333334612,-20.93499999999932,-1.4923333333330597
7.455000000000002,-16.710499999999964,-13.753374999999558,-1.3367500000002377
7.475000000000001,-7.201624999998526,-14.863625000000237,-6.849375000000671
7.495000000000002,1.3720000000001897,-16.911400000000224,-10.292200000000092
7.5150000000000015,-1.5860000000001344,-20.065000000000257,-8.915499999999875
7.535000000000002,2.1357000000008006,-26.107900000000402,-5.929499999999682
7.5550000000000015,15.038000000001247,-25.76033333333299,-3.1589999999997587
7.575000000000002,27.00262500000068,-17.820624999998966,-0.5102499999998589
7.5950000000000015,22.193333333332347,-8.340999999999276,-1.2163333333334259
7.615000000000002,10.92199999999913,-0.9023636363630274,-1.1429090909091255
7.635000000000002,6.56477777777782,4.182111111111355,-3.6594444444447833
7.655000000000002,8.424400000000238,6.542800000000212,-6.571800000000128
7.675000000000002,8.059999999999842,8.078909090909178,-5.647818181817919
7.695000000000002,6.61249999999998,8.570999999999982,-0.6709999999996206
7.715000000000002,7.9732500000002,9.448250000000224,4.654125000000571
7.735000000000001,10.227363636363881,13.976090909091322,10.230090909091249
7.755000000000002,21.16590000000118,23.371400000000765,11.744699999999787
7.775000000000001,30.279666666666728,26.210666666666604,2.9843333333323985
7.795000000000002,20.216333333332333,29.36500000000041,-1.7993333333333514
7.815000000000001,22.182000000000684,28.131099999999638,-2.1837999999999846
7.835000000000002,28.110900000000264,21.476999999999403,1.0461000000003873
7.855000000000001,26.262399999999584,12.039399999999262,2.615399999999919
7.875000000000002,14.989999999998934,0.7529999999992154,0.3504999999998545
7.895000000000001,3.843199999999561,-8.035600000000535,-0.5963000000000462
7.915000000000002,3.5372000000001673,-14.622900000000477,-1.8894000000000868
7.935000000000001,5.742090909091008,-19.926636363636693,-2.458000000000016
7.955000000000002,4.90999999999967,-23.624500000000346,-2.633999999999981
7.975000000000001,2.0685833333332004,-25.168666666666695,-2.6620833333333294
7.995000000000002,-0.32345454545467706,-25.051999999999886,-3.2992727272728
8.015,-1.6104545454545534,-23.1951818181818,-3.0465454545454485
8.035000000000002,-6.9800000000011,-20.70639999999963,-1.6585999999997911
8.055000000000001,-18.084600000001046,-15.341799999999274,0.18640000000010531
8.075000000000001,-18.580705882352774,-9.830529411764703,-0.8585882352941777
8.095000000000002,3.044555555558398,-12.495111111111411,-10.306111111112521
8.115000000000002,7.05299999999951,-13.446800000000133,-11.787599999999784
8.135000000000002,2.0645714285712535,-17.23200000000067,-9.702428571428326
8.155000000000001,6.687000000000301,-22.019636363636444,-6.081272727272603
8.175000000000002,15.619562500001134,-21.51537499999964,-4.309749999999747
8.195000000000002,25.565666666666583,-13.277666666665874,-0.11433333333304196
8.215000000000002,11.15566666666513,-8.410333333333142,2.5836666666668764
8.235000000000001,-3.674500000000527,-5.5339999999998035,3.596999999999921
8.255000000000003,-2.215199999999005,-3.380199999999909,-0.6508000000006648
8.275000000000002,5.560500000000479,-0.7139999999996485,-4.929000000000103
8.295000000000002,9.595090909091022,3.758000000000262,-3.121181818181528
8.315000000000001,12.957090909091217,7.722727272727504,1.6969090909093503
8.335000000000003,17.17093333333363,11.880533333333798,4.76340000000026
8.355000000000002,21.200400000000574,20.123600000001,8.029600000000173
8.375000000000002,29.003727272727925,27.258454545454768,2.728181818180864
8.395000000000001,24.073749999998828,26.266000000000023,-5.815750000000214
8.415000000000001,16.895666666666735,28.835000000000015,-4.949000000000037
8.435000000000002,22.58388235294193,26.935117647058533,-7.024764705882616
8.455000000000002,26.194272727272242,17.397818181817385,-4.380090909090552
8.475000000000001,15.339272727271455,7.034363636362693,-0.9926363636361643
8.495000000000001,2.4319999999992423,-1.1383000000004877,-0.2234000000000259
8.515000000000002,-0.43899999999991474,-7.133090909091434,-1.8753636363638215
8.535000000000002,1.6504615384618044,-12.26500000000052,-2.751692307692317
8.555000000000001,3.685333333333739,-16.497000000000966,-2.669333333333296
8.575000000000001,4.6989999999999945,-21.090500000000112,-1.9429999999999648
8.595000000000002,3.7112727272725445,-23.379636363636497,-1.4103636363636236
8.615000000000002,2.3283333333332936,-23.714999999999957,-1.869333333333433
8.635000000000002,1.7208461538461166,-22.846153846153808,-2.512769230769245
8.655000000000001,-2.6576000000004796,-20.083799999999748,-2.5309999999999597
8.675000000000002,-15.704666666667944,-12.442333333332403,1.1186666666671397
8.695000000000002,-19.476666666666226,-4.971333333332962,2.4699999999997972
8.715000000000002,-8.542666666665738,-6.963666666666834,-3.81466666666721
8.735000000000001,-4.8115000000002475,-8.352750000000087,-7.365250000000058
8.755000000000003,-3.414363636362949,-11.86581818181892,-8.587545454545747
8.775000000000002,4.156923076923923,-18.26084615384675,-10.701538461538552
8.795000000000002,10.258333333333612,-20.18466666666658,-10.06599999999994
8.815000000000001,12.550750000000125,-17.075499999999693,-6.647249999999557
8.835000000000003,11.557999999999675,-12.15466666666587,-0.5576666666656822
8.855000000000002,6.71027272727177,-8.371909090908593,4.398090909091396
8.875000000000002,-0.9809166666668732,-3.195499999999763,6.050416666666618
8.895000000000001,0.5218181818186305,0.6874545454548373,1.7730909090903642
8.915000000000003,6.218363636364202,4.180090909091291,-3.7979090909096365
8.935000000000002,7.621749999999881,6.616000000000288,-5.420624999999827
8.955000000000002,8.402454545454757,8.164272727272786,-1.5719090909086457
8.975000000000001,11.903333333333652,10.313333333333608,4.800666666667215
8.995000000000001,19.604666666666947,16.936000000000217,9.411000000000024
9.015000000000002,31.237230769231452,21.134999999999984,3.9667692307685183
9.035000000000002,25.855999999997916,23.384500000000997,-0.456000000000151
9.055000000000001,20.749000000000198,28.37684615384622,-2.193384615384711
9.075000000000001,30.379000000000225,25.0196666666665,-3.1746666666666608
9.095000000000002,26.794538461537318,15.303692307691424,-1.4168461538459494
9.115000000000002,7.274090909089851,4.557272727272171,0.1279090909091381
9.135000000000002,-1.1020000000004155,-2.3166666666673246,0.6440000000000237
9.155000000000001,-1.0501999999999092,-9.22300000000033,0.3155999999999752
9.175000000000002,0.6954545454546951,-14.166818181818591,0.07409090909089287
9.195000000000002,2.491250000000125,-18.33125000000028,-0.4272500000000514
9.215000000000002,3.640461538461605,-21.395076923077152,-1.4024615384616355
9.235000000000001,3.3741538461538334,-23.321461538461556,-2.360384615384629
9.255000000000003,2.2779230769229937,-23.778923076923057,-3.281538461538597
9.275000000000002,1.253249999999901,-22.71724999999991,-4.047249999999985
9.295000000000002,-3.890454545455127,-19.535545454545158,-2.849545454545319
9.315000000000001,-17.74300000000046,-12.589999999999748,1.9190000000001672
9.335000000000003,-21.8445999999998,-7.398699999999248,1.9552999999995575
9.355000000000002,-12.916666666665504,-8.674000000000209,-3.962666666667336
9.375000000000002,-5.453899999999633,-9.077600000000055,-6.351999999999977
9.395000000000001,-0.7741111111107561,-14.5171111111116,-8.907777777778008
9.415000000000003,5.242500000000687,-19.965500000000397,-10.191500000000037
9.435000000000002,14.865571428572945,-21.919857142856888,-10.549857142857206
9.455000000000002,17.83389999999996,-17.262099999999386,-8.30479999999956
9.475000000000001,12.592999999999321,-13.37930769230741,-2.3724615384608962
9.495000000000003,3.438999999998955,-9.961999999999456,3.8647500000005888
9.515000000000002,2.3744000000004246,-5.812699999999653,3.5221999999996223
9.535000000000002,6.751583333333674,-2.6689999999995937,-0.18083333333361928
9.555000000000001,10.041666666666972,2.288333333333764,-1.890333333333477
9.575000000000003,11.23999999999992,5.798000000000391,-3.5288750000002227
9.595000000000002,8.723181818181562,7.621181818182003,-2.726818181817949
9.615000000000002,10.373769230769778,11.049769230769641,2.2302307692311927
9.635000000000002,24.315250000001168,18.511250000000604,2.800249999999798
9.655000000000001,31.610625000000013,22.30962500000002,-0.6023750000000869
9.675000000000002,21.647499999998395,24.08075000000043,1.8641250000005738
9.695000000000002,20.842000000000485,25.341777777777896,3.6657777777779206
9.715000000000002,27.756125000000907,22.915499999999405,3.879374999999924
9.735000000000001,23.527833333332808,16.293999999999638,2.926833333333319
9.755000000000003,5.954333333330945,9.00622222222135,3.590777777777904
9.775000000000002,-3.9010909090915993,4.014090909090271,4.649000000000075
9.795000000000002,-3.6181111111108875,-1.4832222222228233,3.2017777777775396
9.815000000000001,-1.5114999999997831,-4.849900000000246,1.6664999999999242
9.835000000000003,1.7970000000011581,-8.169666666668133,1.8596666666668784
9.855000000000002,4.444875000000346,-11.91475000000046,2.3252500000000373
9.875000000000002,7.07388888888909,-14.81766666666685,1.632222222222138
9.895000000000001,10.1520000000001,-17.944625000000133,-0.8173750000001155
9.915000000000003,7.863999999998466,-20.035666666666987,-2.709000000000221
9.935000000000002,-6.884333333335289,-18.061166666666228,1.1251666666673779
9.955000000000002,-21.210200000000754,-10.446399999999324,5.464400000000122
9.975000000000001,-12.562799999999351,-5.854800000000062,-3.5706000000004736
9.995000000000003,8.00380000000311,-6.209500000000059,-14.355000000001594
10.015000000000002,6.198799999998158,-7.469800000000193,-16.46219999999943
10.035000000000002,-5.115500000001277,-10.643500000000872,-8.404999999998395
10.055000000000001,-1.4489999999990095,-17.324000000000012,2.3070000000003077
10.075000000000003,11.202000000001764,-15.962222222221797,4.262444444444408
10.095000000000002,14.325571428570743,-11.935714285713672,0.6374285714278944
10.115000000000002,-0.8558000000019481,-9.61609999999983,0.05930000000008706
10.135000000000002,-11.651000000000725,-8.471666666666529,0.509666666666655
10.155000000000003,-11.373799999998495,-7.777599999999772,0.059399999999849934
10.175000000000002,-3.243599999998957,-5.900999999999689,-1.3944000000002394
10.195000000000002,2.08716666666715,-2.5389999999995867,-1.9199999999999506
10.215000000000002,6.311454545454996,1.0313636363639993,-0.7509999999998643
10.235000000000003,10.416900000000394,4.657900000000395,-0.3905999999999894
10.255000000000003,11.267000000000854,7.50500000000419,0.557000000000803
10.275000000000002,24.920000000001068,20.517000000000017,-4.788000000000653
10.295000000000002,32.85688888888909,22.384888888889364,-9.712666666666806
10.315000000000001,22.914111111110756,27.003000000000092,-1.804888888888586
10.335000000000003,19.944600000000143,28.075200000000137,2.7362000000006415
10.355000000000002,19.98659090909091,26.64281818181805,2.507772727272684
10.375000000000002,5.164799999999242,18.06959999999964,1.657400000000047
10.395000000000001,-5.6390000000003075,10.89399999999958,5.271000000000431
10.415000000000003,-7.630230769230858,6.87438461538405,8.59653846153877
10.435000000000002,-4.408666666665722,2.0204999999990183,7.457166666666154
10.455000000000002,0.2110000000002077,-2.661000000000261,4.25599999999981
10.475000000000001,2.322444444444497,-5.634000000000089,2.089999999999935
10.495000000000003,5.09872727272762,-8.272000000000354,0.20899999999975072
10.515000000000002,8.0591000000003,-11.899700000000433,-2.231600000000248
10.535000000000002,8.906999999999782,-15.750000000000078,-3.5059999999999274
10.555000000000001,2.2139999999990803,-16.774999999999956,-0.47399999999943165
10.575000000000003,-10.77850000000302,-15.461699999999514,7.209500000001699
10.595000000000002,-20.071749999999593,-3.53162499999792,6.962999999998881
10.615000000000002,4.026000000000991,-5.127000000000146,-8.559000000000628
10.635000000000002,12.282285714285692,-6.872285714285818,-15.002285714285946
10.655000000000003,2.2852857142830767,-8.41842857142926,-9.954142857140166
10.675000000000002,-2.58229999999993,-14.73200000000066,1.3796000000009636
10.695000000000002,5.136888888890237,-16.031111111111063,5.354555555555751
10.715000000000002,12.85599999999973,-13.631999999999813,3.342999999999826
10.735000000000003,3.689999999997495,-10.51799999999969,1.453000000000025
10.755000000000003,-10.827111111112902,-8.461888888888591,1.6632222222222597
10.775000000000002,-13.008727272726935,-6.659363636363518,0.9563636363634841
10.795000000000002,-4.668999999999018,-4.745699999999669,-2.3236000000004005
10.815000000000003,3.133000000000704,-0.4339999999994214,-4.713999999999884
10.835000000000003,7.751000000000199,3.8660000000002728,-3.5949999999999145
10.855000000000002,9.82091666666686,7.143166666667073,-2.6875833333332446
10.875000000000002,12.603000000000621,15.518000000000757,-2.8340000000001937
10.895000000000003,21.508000000001097,22.584000000000334,-5.310000000000095
10.915000000000003,25.18999999999955,25.56916666666741,-3.732999999999062
10.935000000000002,16.62699999999928,31.32081818181869,5.187636363637237
10.955000000000002,22.798454545455193,32.347272727272646,7.073181818181731
10.975000000000001,28.442166666666676,26.390499999999626,3.234666666666487
10.995000000000003,16.840333333331394,17.126499999998785,0.4473333333330458
11.015000000000002,-0.5533636363652148,6.947636363635417,-1.2126363636364528
11.035000000000002,-5.743999999999789,-0.17900000000033361,0.24799999999997624
11.055000000000001,-1.0859999999995413,-5.864000000000475,-0.4350000000000117
11.075000000000003,2.860545454545785,-10.845272727273287,-0.34372727272723463
11.095000000000002,2.511999999999894,-15.054000000000157,0.019999999999989207
11.115000000000002,1.6180000000000618,-16.89000000000007,-0.16800000000003007
11.135000000000002,2.959000000000117,-17.964000000000105,-0.8070000000000747
11.155000000000003,3.892888888888932,-19.36344444444465,-1.6452222222223212
11.175000000000002,-1.191090909091757,-19.181363636363468,-1.0023636363634854
11.195000000000002,-13.206000000000545,-16.260999999999687,4.104000000000216
11.215000000000002,-18.120999999999242,-9.699999999999939,5.247999999999457
11.235000000000003,-9.13563636363522,-11.181636363636805,-1.7730909090918683
11.255000000000003,-1.8564545454537447,-10.977545454545387,-5.308090909090982
11.275000000000002,4.754700000000767,-14.506800000000533,-7.206400000000343
11.295000000000002,10.431800000000512,-18.37570000000037,-8.186999999999928
11.315000000000003,13.352000000000498,-17.443999999999118,-5.268999999999513
11.335000000000003,16.836000000000066,-11.7129999999996,-2.3649999999999616
11.355000000000002,13.910999999998982,-6.836999999999763,-2.494999999999944
11.375000000000002,2.2790909090901446,-3.8612727272725107,-1.1851818181816798
11.395000000000003,-3.533444444444559,0.6823333333338584,0.24355555555557792
11.415000000000003,3.965500000001054,3.7925000000004028,-2.130100000000312
11.435000000000002,11.107000000000088,8.568000000000303,-3.2589999999998662
11.455000000000002,10.876999999999887,11.744909090909278,-1.4729090909089533
11.475000000000003,8.346300000000083,15.164800000000833,2.1933000000006957
11.495000000000003,10.8800000000021,21.743000000001956,6.2900000000001945
11.515000000000002,23.49500000000066,30.58400000000017,4.9929999999995225
11.535000000000002,26.431444444444125,31.55888888888884,-0.22033333333362393
11.555000000000003,17.68433333333364,32.03566666666634,-1.471916666667386
11.575000000000003,20.75227272727331,29.08745454545402,-6.369454545455224
11.595000000000002,24.356999999999818,21.708999999999197,-9.214999999999968
11.615000000000002,18.41969999999927,9.556899999999253,-7.5515999999997705
11.635000000000002,7.784999999999544,-0.9440000000006038,-3.599999999999677
11.655000000000003,3.9755833333334327,-8.838833333334168,0.12258333333350974
11.675000000000002,5.073000000000143,-14.773000000000392,1.004999999999975
11.695000000000002,6.852000000000028,-19.170000000000307,0.29299999999990267
11.715000000000002,6.550666666666567,-23.710666666666814,-0.7480833333333311
11.735000000000003,4.202799999999636,-25.639100000000145,-0.5289999999999492
11.755000000000003,0.8795999999999052,-24.976199999999718,-0.27510000000011203
11.775000000000002,0.5669333333333268,-23.32313333333316,-1.1311333333334457
11.795000000000002,-4.874416666667338,-19.289166666666382,-1.0403333333332405
11.815000000000003,-18.481000000001988,-13.735999999999073,1.2590000000004877
11.835000000000003,-27.135125000000485,-9.316249999999643,3.2566250000000743
11.855000000000002,-15.374249999998838,-11.969750000000193,-2.0922500000005284
11.875000000000002,-5.651299999999295,-14.092700000000303,-5.0677000000001735
11.895000000000003,2.6010000000011977,-20.006000000000903,-8.723000000000077
11.915000000000003,10.44880000000122,-24.090666666666383,-7.063666666666316
11.935000000000002,25.188692307694115,-19.791153846153,-5.490692307692361
11.955000000000002,32.74466666666585,-11.442333333332895,-5.763833333333137
11.975000000000003,15.564899999997108,-5.8719999999994625,-1.1686999999991774
11.995000000000003,-1.5786363636377567,-1.9109090909086623,4.421636363636755
12.015000000000002,0.2115000000007936,-0.22399999999992148,-0.02720000000082834
12.035000000000002,6.697375000000698,2.6621250000006054,-4.988375000000459
12.055000000000003,6.948500000000076,7.34066666666706,-3.322166666666167
12.075000000000003,9.087666666667086,9.815833333333508,0.12808333333358818
12.095000000000002,9.867999999999446,11.633000000000344,2.311000000000516
12.115000000000002,4.613200000000259,17.88250000000068,9.779200000000298
12.135000000000003,13.426000000003834,29.164000000001877,10.593999999998108
12.155000000000003,29.76599999999999,35.70900000000032,0.430999999998986
12.175000000000002,25.94099999999976,36.98700000000002,-3.136999999999985
12.195000000000002,27.365000000000787,36.190999999999434,-4.672000000000538
12.215000000000002,33.741999999999784,28.380999999999002,-9.650000000000126
12.235000000000003,28.024777777776507,14.910888888886895,-10.254333333333262
12.255000000000003,14.013099999998662,-1.7003000000017674,-7.477599999999392
12.275000000000002,8.110799999999818,-12.327900000001165,-3.7988999999996502
12.295000000000002,7.475249999999988,-18.84491666666724,-1.81466666666649
12.315000000000003,8.17846153846148,-23.283076923077285,-0.4803846153845204
12.335000000000003,6.966166666666478,-26.06783333333345,0.38600000000002666
12.355000000000002,5.026999999999746,-26.471999999999998,0.36799999999991473
12.375000000000002,2.8739999999999384,-25.93299999999989,-1.0520000000001613
12.395000000000003,1.4989999999987744,-25.081999999999788,-2.8740000000002017
12.415000000000003,-7.52578571428712,-23.168999999999528,-1.9669285714280431
12.435000000000002,-19.818000000000286,-17.742999999999377,2.4700000000000517
12.455000000000002,-16.842818181817147,-13.055181818181548,0.5990909090904206
12.475000000000003,-1.0824545454543597,-15.469454545454667,-9.36309090909135
12.495000000000003,-4.639000000000206,-15.502000000000796,-7.703999999998668
12.515000000000002,0.25125000000168823,-22.045666666667625,-4.341083333333316
12.535000000000002,14.299000000000676,-26.741153846153686,-3.9699230769231417
12.555000000000003,28.67450000000087,-20.916999999998847,-5.320833333333237
12.575000000000003,29.69699999999747,-10.584999999998312,-3.3699999999993517
12.595000000000002,15.776999999998743,-3.5079999999994356,-0.11899999999986166
12.615000000000002,5.85199999999974,1.5198461538463615,-0.39238461538474373
12.635000000000003,2.612000000000475,5.633000000000767,-2.816000000000382
12.655000000000003,5.76646153846216,9.315307692308213,-4.7904615384618445
12.675000000000002,9.04700000000012,12.139000000000124,-4.68299999999946
12.695000000000002,10.142800000000083,12.76260000000001,-0.33439999999971604
12.715000000000003,10.992230769230769,12.766307692307773,4.015076923077546
12.735000000000003,9.152000000000541,15.991000000001252,7.82800000000037
12.755000000000003,15.512000000001471,24.678000000000832,7.78199999999925
12.775000000000002,28.167199999999724,29.666300000000202,-1.6144000000008027
12.795000000000003,23.482499999999717,32.990166666666916,-3.244833333333221
12.815000000000003,26.498461538462383,32.44269230769173,-4.209923076923339
12.835000000000003,30.71145454545362,23.036999999998372,-5.058818181817729
12.855000000000002,18.601199999998034,9.221999999998445,-0.6297999999996056
12.875000000000002,5.776444444443933,-1.40800000000067,0.5363333333331473
12.895000000000003,1.8190000000000657,-9.191000000001235,-2.138000000000596
12.915000000000003,2.49336363636374,-16.29063636363701,-5.233545454545629
12.935000000000002,3.1759999999999318,-21.178000000000512,-6.484000000000105
12.955000000000002,2.334083333333233,-25.030750000000257,-7.273666666666719
12.975000000000003,1.1309999999996976,-24.572999999999933,-5.5459999999998155
12.995000000000003,-0.34500000000024544,-23.89499999999984,-4.787999999999966
13.015000000000002,-1.2278181818182252,-22.883545454545327,-4.6081818181818
13.035000000000002,-3.3187000000002573,-19.790099999999697,-3.0488999999997732
13.055000000000003,-8.673000000002967,-14.972999999999276,0.1640000000002025
13.075000000000003,-30.860000000004355,-10.519999999998024,1.695000000000983
13.095000000000002,-31.566692307687426,-6.35584615384759,5.6382307692299225
13.115000000000002,4.442727272728815,-16.45545454545506,-4.871545454546656
13.135000000000003,8.191899999997661,-19.56859999999984,-11.567099999999597
13.155000000000003,-5.220999999999878,-20.277000000001706,-8.539999999999528
13.175000000000002,5.131800000002745,-28.04900000000002,-6.804600000000147
13.195000000000002,27.78777777777931,-24.753777777776925,-8.472888888888887
13.215000000000003,40.02040000000099,-13.667999999998184,-6.717599999999482
13.235000000000003,24.61590909090614,-1.5078181818177347,-1.0250909090903964
13.255000000000003,3.9437999999987157,2.315200000000445,1.647499999999618
13.275000000000002,1.4149000000007501,3.953300000000103,-2.9525000000008172
13.295000000000003,5.161000000000083,5.375000000000428,-6.4519999999996145
13.315000000000003,4.7659999999999405,7.232000000000041,-3.306399999999478
13.335000000000003,5.602400000000638,7.988900000000296,1.0153000000005534
13.355000000000002,8.749000000000068,10.003000000000476,3.781000000000371
13.375000000000004,9.503200000000133,14.903200000000815,6.828600000000408
13.395000000000003,18.57011111111293,24.87866666666786,5.936999999998881
13.415000000000003,27.178000000000182,30.160000000000437,-0.1410000000004409
13.435000000000002,25.501909090908658,31.05627272727255,-2.122999999999993
13.455000000000004,23.080363636363508,28.292727272726356,-0.283272727272314
13.475000000000003,22.038099999999673,22.61979999999888,1.525300000000354
13.495000000000003,18.732999999998587,14.871999999998103,3.0239999999997518
13.515000000000002,9.979090909089972,4.888363636362754,1.1512727272725223
13.535000000000002,4.324833333333295,-1.7833333333339234,-0.4211666666668469
13.555000000000003,5.37263636363666,-7.805909090909733,-2.410909090909312
13.575000000000003,7.773454545454726,-13.126545454546038,-3.9928181818182926
13.595000000000002,8.667599999999917,-17.799000000000472,-4.71560000000001
13.615000000000002,7.806999999999833,-20.856000000000183,-4.732999999999944
13.635000000000003,5.7551538461538145,-22.023153846153793,-3.7540769230767626
13.655000000000003,6.763500000000466,-22.177500000000016,-3.5992500000002168
13.675000000000002,8.980399999999445,-22.863100000000145,-5.263700000000184
13.695000000000002,0.5165454545444089,-22.04890909090885,-4.760545454545132
13.715000000000003,-19.23260000000321,-15.985199999997914,2.1616000000012106
13.735000000000003,-28.717599999998903,-7.727800000000341,5.647799999999419
13.755000000000003,-16.48546153846069,-10.616769230769364,-1.221307692308218
13.775000000000002,-10.012454545454084,-12.18054545454565,-5.684454545454933
13.795000000000003,-4.804999999999051,-17.650250000001005,-9.20100000000033
13.815000000000003,1.6505555555570526,-23.5898888888896,-10.516666666666595
13.835000000000003,10.749800000000638,-26.114699999999903,-9.859999999999978
13.855000000000002,17.356000000000414,-23.443599999999172,-8.450999999999533
13.875000000000004,17.10049999999947,-18.505499999999245,-4.565249999999205
13.895000000000003,6.409333333331836,-12.643777777776865,4.093222222223129
13.915000000000003,1.7847272727281092,-7.079272727272089,6.772818181817524
13.935000000000002,9.859000000001073,-2.3739999999993335,0.7099999999991895
13.955000000000004,19.113727272727566,4.853636363637437,-6.97172727272767
13.975000000000003,16.664777777776624,9.908777777778205,-6.719333333332937
13.995000000000003,10.49699999999972,11.259000000000114,-4.267999999999169
14.015000000000002,10.334250000000337,12.429750000000224,1.4940000000005262
14.035000000000004,16.806250000001462,17.12425000000117,6.778250000000399
14.055000000000003,27.35850000000132,23.667750000000368,6.453499999999258
14.075000000000003,31.488933333333502,25.12206666666678,2.558799999999566
14.095000000000002,25.057999999999797,28.257000000000144,0.10574999999987694
14.115000000000002,27.394636363637055,27.42981818181757,-2.254272727273007
14.135000000000003,29.901272727271422,18.68090909090733,-3.7578181818179894
14.155000000000003,15.812099999997278,7.990899999998616,-1.7211999999996912
14.175000000000002,5.24449999999941,1.885874999999606,-1.1343750000000115
14.195000000000002,0.44629999999997283,-6.510800000000597,-3.242400000000107
14.215000000000003,0.5589090909091896,-11.931272727273623,-3.449999999999802
14.235000000000003,1.5117500000001916,-16.46000000000057,-2.2717499999998196
14.255000000000003,2.6771000000000336,-19.782000000000444,-1.1014999999998414
14.275000000000002,2.3473333333332165,-22.302777777777976,0.035000000000080536
14.295000000000003,1.6349999999998133,-23.326000000000185,0.2950000000001091
14.315000000000003,1.249777777777899,-23.999111111111095,1.6678888888892383
14.335000000000003,0.9062222222212903,-23.550777777777636,3.051333333333278
14.355000000000002,-9.49590909091101,-21.616909090908504,3.5720000000003482
14.375000000000004,-26.8292500000019,-14.141624999997944,6.57062499999993
14.395000000000003,-26.447333333331393,-7.5733333333335935,2.43899999999894
14.415000000000003,-4.96863636363411,-10.26345454545481,-8.289181818182852
14.435000000000002,7.66399999999993,-13.153250000000277,-15.482750000000124
14.455000000000004,3.4806999999990476,-16.319700000000616,-12.42749999999857
14.475000000000003,1.818125000001875,-20.60725000000056,-4.294249999999609
14.495000000000003,17.083300000001493,-20.685099999999405,-3.74270000000008
14.515000000000002,27.10029999999978,-12.654099999999172,-2.1264999999997625
14.535000000000004,18.02679999999663,-5.960399999998961,1.165600000000905
14.555000000000003,4.99339999999925,-1.5017999999996032,3.2757999999997214
14.575000000000003,2.5117272727275473,1.1818181818184914,-0.5003636363644213
14.595000000000002,3.764999999999945,2.8450000000001343,-4.4410000000001935
14.615000000000004,1.9414545454541652,3.923818181818338,-3.8369999999992364
14.635000000000003,1.6964444444452287,4.6701111111113205,-0.0031111111106036093
14.655000000000003,5.5427500000005425,6.299000000000538,1.8397500000004083
14.675000000000002,8.652875000000439,10.148375000000627,4.0283125000002915
14.695000000000004,17.834666666669513,22.949888888891397,4.725555555554667
14.715000000000003,29.177500000001086,30.032750000000096,-0.3641250000013651
14.735000000000003,28.958874999998834,31.510250000000525,-4.682249999999998
14.755000000000003,26.12600000000046,32.618555555555076,-6.091666666667082
14.775000000000002,28.80799999999975,27.113555555553834,-8.73622222222253
14.795000000000003,21.973399999996968,14.85979999999763,-9.344199999999347
14.815000000000003,6.266699999998015,3.8794999999984574,-4.760899999999121
14.835000000000003,0.37809999999998184,-3.8822000000007044,-1.1399999999998007
14.855000000000002,0.566454545454543,-10.754454545455147,0.36627272727283666
14.875000000000004,0.760600000000022,-16.685200000000822,1.625000000000171
14.895000000000003,0.7561818181817935,-20.49927272727313,2.1819090909091337
14.915000000000003,0.1573076923075044,-22.579538461538526,1.931153846153755
14.935000000000002,-3.0530909090912313,-22.640090909090812,-0.10209090909118712
14.955000000000004,-3.653199999999718,-21.571999999999758,-2.363200000000386
14.975000000000003,-2.6243124999998675,-20.50681249999984,-3.5086875000001116
14.995000000000003,-5.7373636363645275,-17.757999999999793,-3.0543636363632447
15.015000000000002,-17.12830000000115,-14.860299999999636,3.6441000000009334
15.035000000000004,-24.274363636362907,-9.917181818180708,12.519272727273327
15.055000000000003,-12.016499999996519,-10.17250000000116,7.28324999999735
15.075000000000003,5.206750000001042,-14.798000000000199,-8.434250000001935
15.095000000000002,6.5227857142853205,-15.592857142857142,-17.211571428571467
15.115000000000004,2.7368181818186885,-16.608272727273075,-14.407636363635627
15.135000000000003,9.309363636365136,-17.260181818181636,-10.519909090908474
15.155000000000003,19.878272727274272,-13.606818181817104,-6.542545454545093
15.175000000000002,23.00966666666654,-8.880333333332795,-5.956000000000066
15.195000000000004,7.687333333331761,-2.649999999999533,-6.826333333333377
15.215000000000003,1.0558181818179384,-1.0974545454546398,-8.003545454545682
15.235000000000003,1.5800000000004228,-1.3927999999999625,-7.477199999999551
15.255000000000003,5.6840000000006325,-1.294750000000045,-3.4859999999993563
15.275000000000004,8.590000000000465,-1.0719999999997762,0.6272500000009977
15.295000000000003,10.397200000000499,0.12500000000038886,3.913800000000451
15.315000000000003,13.320333333333993,2.9041111111118894,6.951888888889628
15.335000000000003,19.92366666666791,10.248000000001248,9.896666666666443
15.355000000000004,29.231333333335375,18.50388888889001,5.0452222222201755
15.375000000000004,32.71168750000001,21.19650000000021,-1.1663750000007296
15.395000000000003,21.098000000000173,26.682333333333972,1.9723333333335475
15.415000000000003,27.827666666667803,29.159999999999627,2.27633333333346
15.435000000000002,29.046999999998594,23.47499999999911,6.489666666667622
15.455000000000004,15.520555555552265,17.298333333332174,13.364666666667633
15.475000000000003,5.782999999999631,12.128799999998872,13.125099999998675
15.495000000000003,4.829666666666576,5.367666666665875,5.227333333332537
15.515000000000002,5.093400000000159,-1.192000000000802,-0.07880000000051657
15.535000000000004,6.273666666666773,-7.164000000000854,-3.0360000000002922
15.555000000000003,7.247181818182138,-12.327818181818811,-4.431818181818292
15.575000000000003,8.92847368421079,-15.051894736842474,-5.023000000000094
15.595000000000002,11.845249999999917,-20.97700000000064,-7.16100000000026
15.615000000000004,9.249285714285088,-24.77585714285737,-8.365999999999909
15.635000000000003,1.8114999999986174,-24.95283333333303,-5.952333333332726
15.655000000000003,-15.673666666669021,-20.392333333332804,2.8236666666677728
15.675000000000002,-27.2229999999989,-12.158999999999205,6.516999999999238
15.695000000000004,-9.598272727269077,-11.968636363636874,-4.448000000002341
15.715000000000003,5.598166666667239,-13.665333333333512,-14.848000000000823
15.735000000000003,2.0240909090894386,-14.612727272727504,-14.059181818180514
15.755000000000003,-4.6919999999999344,-17.694250000000668,-5.704999999998835
15.775000000000004,-0.8605294117637432,-20.305882352941467,-1.7590588235290667
15.795000000000003,17.62680000000153,-18.279599999999046,-2.540000000000112
15.815000000000003,16.297545454543435,-11.555272727271742,-1.0862727272720043
15.835000000000003,3.445666666665348,-7.058333333332864,3.338333333333761
15.855000000000004,-1.4928181818178534,-3.3520909090903253,3.8776363636357107
15.875000000000004,1.5637692307700433,-0.6959230769225813,-0.06753846153934884
15.895000000000003,8.852200000000634,3.4050000000004492,-5.501200000000342
15.915000000000003,7.56399999999908,5.484000000000263,-5.550999999999665
15.935000000000004,1.8122499999997712,7.157875000000098,-3.5419999999997525
15.955000000000004,3.521750000000414,7.3942500000000235,-1.8489999999997133
15.975000000000003,12.779428571431,13.152428571430912,4.650428571429373
15.995000000000003,26.199000000001675,24.791000000000878,3.730666666665707
16.015000000000004,33.55799999999937,29.055000000000756,-5.369600000001446
16.035000000000004,29.248333333332827,32.86888888888954,-9.13166666666729
16.055000000000003,31.787666666667835,32.22233333333199,-10.949000000000092
16.075000000000003,33.51899999999993,25.26059999999861,-10.378199999999785
16.095000000000002,18.577857142855247,9.864428571427306,-5.277714285713851
16.115000000000002,2.94374999999855,-0.8145000000012796,-2.1499999999997708
16.135,-2.5213333333334274,-7.971333333333684,-1.2319999999999658
16.155000000000005,-3.269176470588343,-11.515352941177104,-0.7490588235293081
16.175000000000004,-3.2399411764705173,-15.083411764706293,0.25652941176484956
16.195000000000004,-1.6454615384614129,-18.359153846154136,0.7202307692307556
16.215000000000003,-0.5193999999997873,-19.993400000000218,0.6513999999999599
16.235000000000003,0.27700000000016306,-20.968000000000096,0.18789999999991464
16.255000000000003,0.8160000000000435,-21.39900000000005,-0.170437500000041
16.275000000000002,-0.587875000000468,-21.04899999999978,-0.7268749999999511
16.295,-5.908666666667269,-19.026666666666475,0.3813333333335107
16.315000000000005,-17.959272727275668,-15.580363636362746,4.905818181819404
16.335000000000004,-31.161416666666085,-9.50966666666603,11.298833333333743
16.355000000000004,-14.06324999999308,-13.162125000001692,3.258874999995646
16.375000000000004,7.521000000001493,-17.205500000000228,-13.73630000000217
16.395000000000003,5.932333333332252,-17.94983333333325,-19.144583333332665
16.415000000000003,3.735181818182668,-19.901363636363985,-10.737363636363092
16.435000000000002,22.19500000000184,-20.22899999999964,-6.840499999999979
16.455000000000002,34.692333333333316,-13.504333333332642,-6.106666666666518
16.475000000000005,27.135999999994976,-5.878999999998755,-3.5949999999992848
16.495000000000005,8.314599999998014,-1.5403999999996665,-0.7225999999997366
16.515000000000004,4.245900000000334,-0.5396999999999313,-0.6791000000002374
16.535000000000004,4.78949999999971,0.41375000000048456,-0.383124999999374
16.555000000000003,3.791272727272751,2.3688181818185163,2.206090909091271
16.575000000000003,4.392857142857213,3.713000000000083,3.2727142857143265
16.595000000000002,6.084727272727361,6.58272727272751,2.9288181818181567
16.615000000000002,7.106636363636452,10.430818181818577,3.0260909090909642
16.635000000000005,12.110000000002504,17.848083333335634,3.362083333333099
16.655000000000005,22.73170000000235,26.242200000001382,0.7467999999990732
16.675000000000004,28.860705882353926,29.001647058823742,-1.8020000000004455
16.695000000000004,26.30566666666658,29.467999999999996,0.01208333333345274
16.715000000000003,27.99336363636403,27.713818181817402,-0.459909090909365
16.735000000000003,26.779499999999462,20.850916666665796,-0.9186666666665608
16.755000000000003,19.602692307691356,11.557692307691287,0.8078461538463861
16.775000000000002,11.421222222221708,3.470666666666179,1.8935555555555803
16.795,4.6989999999995415,-3.3215000000005235,1.8694999999999653
16.815000000000005,1.0544545454539376,-8.066000000000976,1.6963636363636265
16.835000000000004,-0.6475833333334868,-11.59375000000062,1.380916666666528
16.855000000000004,-0.7179999999995346,-13.36300000000069,0.8739999999998238
16.875000000000004,0.5917058823531418,-15.15394117647084,0.19805882352928061
16.895000000000003,0.55324999999997,-16.91575000000012,-1.0260000000001002
16.915000000000003,0.49090000000001377,-17.880100000000123,-2.1937000000002396
16.935000000000002,-0.034500000000110664,-17.995499999999918,-4.056000000000122
16.955000000000002,-2.5310000000001307,-16.129124999999902,-4.48162499999998
16.975000000000005,-7.12350000000074,-13.305999999999589,-3.4126666666664685
16.995000000000005,-21.26005882353091,-5.193352941175073,-1.2331764705884194
17.015000000000004,-23.83123076922955,4.196000000000711,-6.897230769232291
17.035000000000004,-12.743666666664913,2.8464444444439323,-11.466444444444347
17.055000000000003,-3.8521111111095028,-0.8988888888896704,-9.531333333332853
17.075000000000003,2.5616666666663335,-9.320333333333807,-1.729333333331608
17.095000000000002,-0.20050000000039814,-9.702999999999715,6.226000000000613
17.115000000000002,0.4825000000004057,-6.349999999999646,6.466499999999789
17.135000000000005,6.497500000000848,-3.096499999999588,3.179999999999411
17.155000000000005,6.706999999999196,-0.009999999998775655,4.653500000001579
17.175000000000004,3.209999999997474,3.792000000001577,7.715999999999932
17.195000000000004,0.3100000000005636,4.255666666666563,4.3869999999991105
17.215000000000003,3.585000000000418,4.689500000000027,1.8815000000000168
17.235000000000003,4.211500000000241,5.923000000000641,1.4530000000001144
17.255000000000003,4.6139999999999475,4.952499999999802,2.5395000000002517
17.275000000000002,3.4988823529409316,4.36435294117641,4.061117647059086
17.295000000000005,0.17030769230749432,3.445384615384533,5.13776923076908
17.315000000000005,-0.6080000000002419,2.68099999999985,4.013499999999718
17.335000000000004,-2.07100000000047,2.398599999999921,2.9463999999997186
17.355000000000004,-3.6237272727274887,2.0160909090908214,2.4299090909090313
17.375000000000004,-3.991000000000026,1.5253333333332417,1.8464999999998786
17.395000000000003,-3.1349999999999203,2.042400000000071,-2.7864000000005813
17.415000000000003,-4.594333333333608,3.1675555555555226,-3.925111111110816
17.435000000000002,-5.343000000000033,3.3166000000000384,-1.8331999999998485
17.455000000000002,-4.248499999999772,2.3779999999998815,-0.6959999999998885
17.475000000000005,-2.8805882352938954,2.3802941176471615,0.16594117647075612
17.495000000000005,-3.2682500000000276,3.5556249999999694,-0.12462500000006717
17.515000000000004,-2.1717999999995063,3.482000000000052,-0.43580000000004376
17.535000000000004,-0.7943333333328458,3.695999999999829,0.4116666666670429
17.555000000000003,1.407545454545417,2.8298181818181063,2.5351818181820005
17.575000000000003,0.469999999999968,2.31050000000035,1.7124999999995472
17.595000000000002,-1.1212000000002962,3.3305999999999463,0.8937999999999567
17.615000000000002,-1.8715999999999875,1.954599999999897,1.4078000000001296
17.635000000000005,-0.2528888888873717,1.1776666666664022,1.071888888888331
17.655000000000005,1.4271111111102892,0.33288888888860924,0.6577777777775324
17.675000000000004,1.4610000000004797,0.6240000000005587,0.7770000000001643
17.695000000000004,1.7667999999998902,1.6155999999999775,-0.1076000000002248
17.715000000000003,0.41149999999963094,1.608000000000025,-1.3020000000001688
17.735000000000003,-0.6373333333333993,1.96700000000009,-1.361333333333223
17.755000000000003,-0.6123999999999784,2.1596000000000117,-0.8415999999999492
17.775000000000002,-0.4708749999999763,2.335125000000039,-0.9177500000000551
17.795000000000005,-0.3846666666666746,2.551833333333399,-1.4484166666667706
17.815000000000005,-0.4866000000000154,2.592799999999937,-1.5923999999999872
17.835000000000004,-0.479799999999994,2.357399999999937,-1.3485999999999059
17.855000000000004,-0.3133529411764192,2.2934705882352997,-0.8897647058822866
17.875000000000004,0.1742500000002054,2.268249999999912,-0.4249999999997291
17.895000000000003,0.7620000000001108,1.9314999999999392,0.2935000000001375
17.915000000000003,0.6004999999999557,1.8270000000000033,0.5654999999999959
17.935000000000002,0.25649999999994205,1.8083749999999925,0.34199999999993075
17.955000000000002,-0.4910000000000151,1.6789999999999936,-0.6033333333333502
17.975000000000005,-1.00492307692311,1.424538461538446,-0.7043846153845876
17.995000000000005,-1.3590000000000237,1.3919999999999477,-0.4430000000001042
18.015000000000004,-1.3372999999997612,1.494700000000165,-0.9514000000001497
18.035000000000004,-0.5267692307692904,1.4416923076922397,-1.325615384615316
18.055000000000003,-1.024841269841247,1.5599206349205927,-0.810492063492067
18.075000000000003,-0.9043121693121491,1.3363227513227138,-0.8287989417989449
18.095000000000002,-0.7837830687830512,1.1127248677248351,-0.8471058201058228
18.115000000000002,-0.6632539682539533,0.8891269841269563,-0.8654126984127007
18.135000000000005,-0.542724867724834,0.6655291005290379,-0.8837195767195819
18.155000000000005,-0.42219576719573604,0.4419312169311591,-0.9020264550264597
18.175000000000004,-0.3016666666666381,0.21833333333328042,-0.9203333333333377
18.195000000000004,-0.18113756613754017,-0.005264550264598489,-0.9386402116402156
18.215000000000003,-0.06060846560844224,-0.22886243386247718,-0.9569470899470935
18.235000000000003,0.05992063492065558,-0.45246031746035587,-0.9752539682539714
18.255000000000003,0.05166666666664614,-0.4119999999999491,-0.8766666666665881
18.275000000000002,0.1540000000000477,-0.37699999999998857,-0.4849999999998807
18.295000000000005,0.782666666666491,-0.5683333333335978,0.6336666666667071
18.315000000000005,0.5579090909090265,-0.8677272727272113,1.2696363636366002
18.335000000000004,-0.13100000000032863,-0.6864999999999223,1.3553749999998705
18.355000000000004,-0.8281052631580201,-0.5740526315789315,1.0121052631578271
18.375000000000004,1.354750000000798,-1.1186250000000284,-0.5068750000003588
18.395000000000003,0.14466666666599437,-0.6141111111109787,0.1535555555558249
18.415000000000003,-1.3852500000000054,-0.6445000000000123,0.4566875000000243
18.435000000000002,-1.4602500000000038,-0.8145000000000084,0.7929375000000168
18.455000000000005,-1.151812499999874,-1.1110625000000978,1.3785625000001929
18.475000000000005,4.194000000000545,0.49812903225784866,0.0008064516130081301
18.495000000000005,5.347999999986219,-0.5059999999968239,0.32099999999967316
18.515000000000004,1.0698000000001902,-0.18620000000011683,-0.4644000000002804
18.535000000000004,1.9491111111113215,-0.6877777777779536,-0.8356666666665893
18.555000000000003,2.5312000000001444,-1.6468000000003458,-0.4050000000001045
18.575000000000003,-0.4716000000002304,0.6274000000002262,-1.2705999999999649
18.595000000000002,-1.7278000000001195,0.7137999999999647,-0.6147999999999149
18.615000000000002,-0.9559999999999659,0.3703999999999962,-0.3167999999998986
18.635000000000005,-0.7526666666666035,1.2864444444445382,-0.9945555555559924
18.655000000000005,-0.5922000000000517,-0.3132000000004347,-1.731399999999984
18.675000000000004,-0.6993333333333376,-0.8413333333333246,-0.5459999999996507
18.695000000000004,-0.20816666666653832,-0.55908333333332,1.0870833333335073
18.715000000000003,1.4662000000002384,-0.132199999999942,0.2509999999994841
18.735000000000003,1.7661999999999562,-0.4369000000000304,-1.4133000000001759
18.755000000000003,1.4347999999999888,-0.5513999999999877,-1.8709999999999751
18.775000000000002,1.8909230769231404,-0.658923076923111,-0.5825384615383657
18.795000000000005,2.3260000000001706,-0.9129999999999737,-0.034999999999975134
18.815000000000005,2.7840909090909056,-0.8354545454545577,0.31772727272746776
18.835000000000004,1.8338999999996355,-0.5299999999998593,1.2015000000001035
18.855000000000004,0.43889999999995194,-0.15870000000002774,1.3095999999999444
18.875000000000004,0.7610000000001287,-0.039999999999888985,0.6289999999998179
18.895000000000003,1.2067142857144364,0.24642857142860913,0.3738571428571411
18.915000000000003,1.3521999999999856,0.31680000000000513,0.618400000000021
18.935000000000002,1.0202222222221984,0.3670000000000071,0.7750000000000048
18.955000000000005,1.1776000000000706,0.1735999999999438,0.6323999999999492
18.975000000000005,0.9508888888887637,0.13677777777779723,0.2595555555554382
18.995000000000005,0.8029473684210157,0.006210526315786531,-0.0676315789473854
19.015000000000004,0.6902222222221981,-0.2174444444444576,0.13244444444455233
19.035000000000004,0.518272727272715,-0.09336363636364575,0.4611818181818358
19.055000000000003,0.4699999999999622,-0.18772727272727885,0.42972727272726624
19.075000000000003,0.16930769230765697,-0.27884615384616784,0.39261538461538026
19.095000000000002,-0.13400000000000584,-0.3924705882353001,0.11811764705879066
19.115000000000006,-0.034999999999898265,-0.33363636363635996,-0.3049090909091612
19.135000000000005,0.34820000000008655,-0.35720000000000696,-0.26579999999996073
19.155000000000005,0.5664285714286602,-0.45514285714291514,-0.14971428571420625
19.175000000000004,0.5239999999999757,-0.47442857142856276,0.06000000000000812
19.195000000000004,0.6725454545454959,-0.5014545454545493,-0.030636363636378023
19.215000000000003,0.7810909090909208,-0.4392727272727399,-0.076
19.235000000000003,0.7009999999999385,-0.5704999999999817,-0.3455000000000006
19.255000000000003,0.44899999999998697,-0.3526666666666485,-0.11199999999995738
19.275000000000002,0.3307142857142768,-0.24214285714285932,0.15985714285714678
19.295000000000005,0.497000000000095,-0.33318181818185394,0.06599999999997286
19.315000000000005,0.878666666666883,-0.2226666666666035,0.08600000000001658
19.335000000000004,0.847999999999977,-0.12300000000001554,0.21600000000000844
19.355000000000004,0.5612499999999704,-0.1324999999999929,0.4675833333334001
19.375000000000004,0.6084999999999966,-0.30199999999999244,0.7450000000001278
19.395000000000003,0.6493333333336337,-0.43766666666679976,-0.08966666666683287
19.415000000000003,1.546705882353013,-0.48117647058818186,-0.2881176470587852
19.435000000000002,1.974999999999786,-0.5070000000001545,-0.1660000000000613
19.455000000000005,0.34459999999944224,-0.48479999999994505,-0.6641000000002257
19.475000000000005,0.5636153846155304,-0.9113846153843916,-0.7632307692308427
19.495000000000005,-0.1483333333337828,0.4460000000002028,-0.5699999999998269
19.515000000000004,-1.0846363636363263,0.3498181818181034,-0.24709090909096282
19.535000000000004,-0.458999999999757,-0.046400000000156885,-0.9616000000003164
19.555000000000003,-0.4915555555556467,-0.0473333333332686,-1.2541111111111227
19.575000000000003,-0.8711428571429047,0.08771428571429246,-1.271714285714294
19.595000000000002,-0.6944999999998933,-0.06340000000003752,-1.359100000000015
19.615000000000006,0.21722222222241588,-0.3304444444444907,-1.2608888888888206
19.635000000000005,0.532636363636395,-0.2515454545454076,-0.716454545454416
19.655000000000005,0.5692307692307907,-7.692307689391442e-05,-0.19530769230759645
19.675000000000004,0.9110000000001044,0.03240000000000128,0.044800000000023876
19.695000000000004,1.1674000000000078,-0.08320000000003368,0.07999999999998507
19.715000000000003,0.7823999999998584,-0.06619999999994843,0.1142000000000081
19.735000000000003,0.5060000000000213,-0.17333333333349596,0.1333333333333444
19.755000000000003,0.44379999999997316,-0.11249999999996396,-0.14280000000002785
19.775000000000006,0.4934444444444685,-0.23855555555559665,-0.2130000000000296
19.795000000000005,0.28845454545445626,-0.02654545454534929,-0.41881818181818675
19.815000000000005,0.3240909090909286,0.01163636363634036,-0.36336363636363866
19.835000000000004,-0.02760000000002217,0.32000000000001705,-0.2093999999999565
19.855000000000004,0.2742727272728013,0.14945454545451958,-0.025999999999923112
19.875000000000004,0.7372352941176908,-0.09829411764707802,0.08635294117647771
19.895000000000003,0.5143999999999054,0.041400000000033244,0.40220000000007633
19.915000000000003,0.5207999999999959,-0.11999999999999646,0.41839999999999683
19.935000000000002,0.37399999999998634,0.059666666666685214,0.4189999999999994
19.955000000000005,0.43027272727276733,0.08254545454545331,0.262090909090832
19.975000000000005,0.19571428571433697,0.18671428571419077,0.14599999999997715
19.995000000000005,0.34209090909089307,-0.015363636363572214,0.15372727272729822
20.015000000000004,0.3578000000000239,0.21520000000001022,0.300500000000054
20.035000000000004,0.4126000000000648,0.08799999999996164,0.3421999999999846
20.055000000000003,0.45762499999998235,0.11087500000000033,0.2826250000000116
20.075000000000003,0.2623076923076757,-0.0033076923077002968,0.3726153846154115
20.095000000000002,0.4786000000000351,-0.15980000000001007,0.6268000000000093
20.115000000000006,0.8022000000000293,-0.40360000000006313,0.79180000000009
20.135000000000005,0.35533333333318484,-0.3516666666666198,1.3806666666668153
20.155000000000005,0.18999999999995706,-0.2639999999999882,1.4789999999999452
20.175000000000004,-0.14520000000004435,-0.23680000000000256,1.1021999999998888
20.195000000000004,0.1300000000000829,-0.35244444444447653,0.3075555555554358
20.215000000000003,0.8475000000001521,-0.3952499999999217,0.058499999999985564
20.235000000000003,0.630333333333098,0.1513333333335161,0.20933333333333135
20.255000000000003,-0.8660000000000854,0.651571428571421,-0.49900000000006495
20.275000000000006,-0.473818181817769,0.054090909090653005,-0.7507272727271261
20.295000000000005,0.3158888888891205,0.29788888888902576,-0.571111111110767
20.315000000000005,0.4908500000000419,0.5091000000000581,0.03895000000017024
20.335000000000004,0.2826000000001586,0.625000000000567,-1.695600000000308
20.355000000000004,-0.8214000000002124,0.2337999999996785,-2.1030000000000935
20.375000000000004,0.23220000000017105,0.09960000000002338,-1.0317999999998189
20.395000000000003,1.0748000000000826,-0.4382000000000791,-0.3748999999999082
20.415000000000003,0.6489999999999194,-0.25199999999994793,0.3885000000000871
20.435000000000006,0.3396666666665917,-0.1953333333333432,0.6468888888889547
20.455000000000005,-0.2723333333335327,-0.057222222222120256,0.6925555555555581
20.475000000000005,0.2134000000001493,-0.058800000000036746,0.11809999999988005
20.495000000000005,0.15539999999985724,-0.16459999999997613,0.19400000000005224
20.515000000000004,-0.612200000000151,0.3426000000000968,0.35840000000003536
20.535000000000004,-0.6817499999999624,0.4052499999999867,0.1914999999999473
20.555000000000003,-0.24999999999989336,0.2898571428571229,-0.06642857142862107
20.575000000000003,0.4857692307692917,0.3610769230768499,-0.28446153846153405
20.595000000000002,0.7738750000000603,-0.22075000000003653,-0.10037499999997786
20.615000000000006,0.7427272727271715,-0.4228181818182184,0.07500000000002711
20.635000000000005,0.005555555555390418,-0.17066666666662128,-0.03777777777788765
20.655000000000005,-0.13010000000001648,-0.17600000000007388,-0.34030000000007216
20.675000000000004,0.042600000000025014,-0.268500000000037,-0.16659999999989428
20.695000000000004,0.3849090909092426,-0.33572727272726205,-0.15300000000003167
20.715000000000003,0.6599999999999752,-0.4247000000000231,-0.07329999999998682
20.735000000000003,0.4769230769230572,-0.28876923076922884,-0.1696923076922997
20.755000000000003,-0.050555555555594905,-0.09399999999999409,-0.1659999999999941
20.775000000000006,-0.29517647058840796,0.3185294117646796,-0.08158823529412298
20.795000000000005,-0.2663684210525309,0.4071578947368631,-0.17557894736851287
20.815000000000005,0.2130000000004512,0.3959999999997715,-0.6700000000001777
20.835000000000004,0.775352941176461,-0.1033529411765425,-0.8941764705882413
20.855000000000004,0.6830934579439177,-0.2398317757009345,-0.30072897196256837
20.875000000000004,0.6455233644859744,-0.23945794392523356,-0.05568224299060942
20.895000000000003,0.6079532710280311,-0.23908411214953265,0.18936448598134953
20.915000000000003,0.5703831775700877,-0.2387102803738317,0.4344112149533084
20.935000000000006,0.5328130841121377,-0.23833644859813072,0.679457943925311
20.955000000000005,0.5460000000010978,-0.04149999999960831,-0.9200000000013163
20.975000000000005,0.8806818181818433,0.17190909090911827,-1.2032727272727344
20.995000000000005,0.14699999999994962,0.06672727272722273,-0.6875454545453866
21.015000000000004,0.19600000000001835,-0.05948387096776145,-0.4903870967741615
21.035000000000004,0.5621666666666378,-0.33833333333334914,0.6090000000000687
21.055000000000003,0.3128888888888813,-0.4348148148148076,0.8224814814814703
21.075000000000003,0.24844444444444064,-0.37407407407407045,0.7284074074074018
21.095000000000006,-0.1799999999999586,-0.2629999999999356,-0.4880000000000263
21.115000000000006,-0.06352941176467546,-0.08182352941171739,-0.5621176470588429
21.135000000000005,0.015499999999987787,0.10725000000001944,-0.8227500000000938
21.155000000000005,0.3659999999999364,0.07599999999998547,-1.0380000000000298
21.175000000000004,-0.08210000000015863,0.03370000000000171,-1.2272000000000614
21.195000000000004,-0.24772727272728118,0.20200000000001292,-1.0018181818181384
21.215000000000003,-0.38418181818186303,0.121818181818137,-0.6615454545453945
21.235000000000003,-0.48933333333334095,0.05566666666666736,-0.5698333333333274
21.255000000000003,-0.5101818181818177,0.14854545454546236,-0.7508181818182071
21.275000000000006,-0.46799999999992825,0.10300000000000284,-1.0230000000000432
21.295000000000005,-0.07799999999993279,0.13000000000000503,-0.8559999999998993
21.315000000000005,0.4681111111113473,-0.09033333333350901,-0.2902222222220551
21.335000000000004,0.7112999999999983,-0.3496000000000364,-0.22220000000003298
21.355000000000004,0.4945999999999612,-0.46580000000001787,-0.004299999999964443
21.375000000000004,0.3074444444444221,-0.0642222222220914,0.2540000000000403
21.395000000000003,-0.46999999999998754,0.06000000000000923,0.8260000000001211
21.415000000000003,-0.23115384615378484,0.085230769230769,1.264692307692337
21.435000000000006,0.41288888888909675,-0.01688888888891915,1.2469999999999586
21.455000000000005,0.6999999999998217,-0.044999999999992185,0.840999999999904
21.475000000000005,0.1217272727270825,0.06236363636369238,0.6387272727272336
21.495000000000005,-0.3190000000000003,0.2890000000000056,0.5750000000000008
21.515000000000004,-0.24622222222217124,0.2946666666666574,0.5326666666666353
21.535000000000004,-0.025090909090877855,0.3163636363636354,0.31154545454542987
21.555000000000003,0.23390909090911144,0.2464545454545331,0.08054545454543521
21.575000000000003,0.30110000000000225,0.03929999999997438,0.046599999999998504
21.595000000000006,0.2629999999999524,-0.07700000000000569,-0.09999999999978755
21.615000000000006,0.005090909090798096,-0.16863636363641227,-0.15463636363656924
21.635000000000005,-0.06500000000003109,-0.014999999999978387,-0.44499999999995854
21.655000000000005,-0.04799999999990733,0.1399999999999494,0.06800000000009297
