time,wx,wy,wz
0.271,0.17,0.06,0.06
0.288,0.17,0.06,0.06
0.305,0.17,0.07,0.06
0.321,0.16,0.09,0.07
0.338,0.16,0.14,0.08
0.355,0.16,0.19,0.09
0.371,0.17,0.25,0.12
0.388,0.19,0.28,0.14
0.405,0.23,0.33,0.15
0.421,0.38,0.5,0.13
0.438,0.5,0.65,0.09
0.455,0.56,0.72,0.06
0.471,0.57,0.71,0.04
0.488,0.45,0.5,-0.05
0.521,0.34,0.36,-0.11
0.538,0.14,0.05,-0.15
0.555,0.07,-0.08,-0.18
0.588,0.06,-0.18,-0.18
0.605,0.12,-0.12,-0.14
0.621,0.17,-0.05,-0.11
0.638,0.17,-0.01,-0.08
0.655,0.17,0.01,-0.03
0.671,0.2,0.05,0.03
0.688,0.25,0.11,0.07
0.705,0.3,0.2,0.07
0.721,0.35,0.31,0.05
0.738,0.41,0.43,0.05
0.755,0.43,0.49,0.07
0.771,0.39,0.47,0.08
0.788,0.31,0.39,0.05
0.805,0.2,0.3,0.02
0.821,0.1,0.21,-0.02
0.838,0.02,0.13,-0.06
0.855,-0.04,0.05,-0.09
0.871,-0.06,-0.02,-0.11
0.888,-0.06,-0.05,-0.1
0.905,-0.02,-0.03,-0.08
0.921,0.03,0.02,-0.06
0.938,0.07,0.09,-0.04
0.955,0.11,0.18,-0.05
0.971,0.15,0.27,-0.05
0.988,0.18,0.36,-0.06
1.005,0.2,0.42,-0.07
1.021,0.19,0.46,-0.11
1.038,0.16,0.47,-0.15
1.055,0.13,0.47,-0.2
1.071,0.1,0.39,-0.25
1.105,0.09,0.33,-0.26
1.121,0.12,0.27,-0.24
1.138,0.17,0.27,-0.24
1.171,0.33,0.31,-0.28
1.188,0.42,0.34,-0.31
1.205,0.5,0.38,-0.32
1.221,0.58,0.41,-0.32
1.238,0.64,0.42,-0.31
1.255,0.68,0.39,-0.32
1.271,0.72,0.35,-0.33
1.288,0.76,0.3,-0.34
1.305,0.81,0.22,-0.37
1.321,0.83,0.13,-0.38
1.338,0.83,0.02,-0.38
1.355,0.82,-0.11,-0.34
1.371,0.75,-0.35,-0.31
1.388,0.58,-0.56,-0.32
1.405,0.49,-0.61,-0.3
1.421,0.37,-0.66,-0.27
1.438,0.34,-0.63,-0.26
1.455,0.37,-0.55,-0.29
1.471,0.45,-0.34,-0.31
1.488,0.53,-0.14,-0.33
1.505,0.58,0.02,-0.29
1.521,0.64,0.16,-0.22
1.538,0.66,0.21,-0.16
1.555,0.64,0.21,-0.12
1.571,0.63,0.22,-0.11
1.588,0.62,0.27,-0.12
1.605,0.62,0.35,-0.15
1.626,0.59,0.53,-0.22
1.655,0.54,0.59,-0.26
1.671,0.42,0.58,-0.29
1.688,0.3,0.54,-0.33
1.705,0.15,0.36,-0.39
1.721,-0.17,-0.19,-0.48
1.755,-0.29,-0.42,-0.53
1.771,0.01,-0.24,-0.53
1.788,0.45,0.37,-0.4
1.808,0.7,0.87,-0.16
1.821,0.68,1.03,0.07
1.838,0.49,1.02,0.25
1.855,0.33,0.9,0.37
1.871,0.28,0.78,0.46
1.888,0.33,0.8,0.5
1.905,0.42,1.04,0.56
1.921,0.52,1.43,0.66
1.938,0.64,1.76,0.76
1.955,0.66,2.01,0.81
1.971,0.66,2.25,0.76
1.988,0.67,2.57,0.63
2.005,0.78,3.01,0.44
2.021,0.99,3.41,0.2
2.038,1.17,3.64,0
2.055,1.19,3.75,-0.12
2.071,1.13,3.92,-0.15
2.088,1.25,4.17,-0.14
2.105,1.5,4.42,-0.08
2.121,1.77,4.53,0
2.138,1.97,4.48,0.14
2.155,2.14,4.31,0.33
2.171,2.37,3.93,0.55
2.188,2.62,3.45,0.78
2.205,2.88,3.02,1.02
2.221,3.1,2.72,1.24
2.238,3.26,2.51,1.38
2.255,3.37,2.36,1.42
2.271,3.39,2.2,1.4
2.288,3.22,2.07,1.36
2.305,2.71,1.8,1.07
2.338,2.39,1.69,0.86
2.355,1.57,1.63,0.41
2.371,1.11,1.6,0.17
2.405,0.21,1.41,-0.13
2.421,-0.22,1.27,-0.16
2.438,-0.67,1.01,-0.17
2.455,-1.1,0.7,-0.13
2.471,-1.45,0.4,-0.09
2.488,-1.67,0.09,-0.12
2.505,-1.86,-0.29,-0.2
2.521,-2.09,-0.71,-0.27
2.538,-2.33,-1.05,-0.32
2.555,-2.53,-1.21,-0.39
2.571,-2.72,-1.25,-0.53
2.588,-2.89,-1.26,-0.72
2.605,-3.09,-1.29,-0.94
2.621,-3.26,-1.38,-1.16
2.638,-3.34,-1.54,-1.37
2.655,-3.34,-1.78,-1.54
2.675,-3.34,-2.06,-1.65
2.688,-3.39,-2.32,-1.71
2.705,-3.47,-2.62,-1.8
2.721,-3.63,-3.01,-1.94
2.738,-3.8,-3.49,-2.12
2.755,-3.96,-3.99,-2.31
2.771,-4.15,-4.37,-2.5
2.788,-4.33,-4.46,-2.61
2.805,-4.23,-4.28,-2.65
2.821,-4.12,-3.9,-2.6
2.838,-4.05,-3.4,-2.52
2.855,-3.98,-2.91,-2.48
2.871,-3.87,-2.58,-2.6
2.888,-3.62,-2.37,-2.85
2.905,-3.25,-2.19,-3.14
2.921,-2.83,-1.99,-3.35
2.938,-2.41,-1.77,-3.42
2.955,-1.53,-1.3,-3.19
2.988,-1.09,-1.14,-2.94
3.005,-0.33,-0.89,-2.24
3.021,-0.04,-0.8,-1.83
3.055,0.3,-0.59,-1.08
3.071,0.46,-0.43,-0.77
3.088,0.6,-0.25,-0.5
3.105,0.71,-0.07,-0.28
3.122,0.78,0.06,-0.08
3.138,0.81,0.12,0.14
3.155,0.84,0.15,0.4
3.171,0.81,0.21,0.71
3.188,0.72,0.38,1.03
3.205,0.54,0.7,1.32
3.221,0.27,1.14,1.54
3.238,-0.04,1.62,1.66
3.255,-0.32,2.09,1.7
3.271,-0.59,2.52,1.69
3.288,-0.84,2.82,1.63
3.305,-0.94,2.98,1.57
3.321,-0.83,2.99,1.54
3.338,-0.63,2.91,1.56
3.355,-0.33,2.8,1.57
3.371,0.1,2.69,1.58
3.388,0.71,2.62,1.65
3.405,1.39,2.46,1.8
3.421,1.88,2.07,1.97
3.438,2.21,1.53,2.12
3.455,2.55,1.07,2.26
3.471,2.86,0.75,2.4
3.488,3.01,0.56,2.5
3.505,2.99,0.51,2.49
3.521,2.91,0.56,2.32
3.538,2.51,0.69,1.7
3.571,2.27,0.89,1.41
3.588,1.84,1.56,1.04
3.605,1.52,1.82,0.88
3.638,1.04,2.01,0.49
3.655,0.9,1.82,0.3
3.672,0.77,1.49,0.18
3.688,0.68,1.13,0.16
3.705,0.59,0.79,0.22
3.726,0.48,0.47,0.31
3.738,0.35,0.17,0.37
3.755,0.24,-0.08,0.35
3.771,0.17,-0.27,0.27
3.788,0.12,-0.37,0.15
3.805,0.09,-0.38,0.03
3.821,0.08,-0.31,-0.06
3.838,0.09,-0.19,-0.11
3.855,0.05,-0.1,-0.1
3.871,-0.01,-0.04,-0.08
3.888,-0.05,-0.03,-0.07
3.905,-0.06,-0.06,-0.05
3.921,-0.07,-0.13,-0.03
3.938,-0.11,-0.23,-0.03
3.955,-0.18,-0.34,-0.06
3.971,-0.26,-0.4,-0.11
3.988,-0.3,-0.39,-0.19
4.048,0.1,0.47,-0.32
4.058,0.21,0.6,-0.24
4.088,0.3,0.66,-0.1
4.105,0.38,0.67,0.1
4.121,0.46,0.65,0.34
4.138,0.5,0.57,0.59
4.155,0.53,0.43,0.81
4.171,0.53,0.25,1
4.189,0.49,-0.1,1.16
4.221,0.32,-0.21,0.97
4.238,0.26,-0.11,0.78
4.255,0.23,0.03,0.57
4.271,0.2,0.18,0.38
4.288,0.14,0.3,0.23
4.305,0.07,0.36,0.16
4.321,-0.02,0.38,0.15
4.338,-0.12,0.33,0.17
4.355,-0.25,0.21,0.19
4.371,-0.36,0.03,0.18
4.389,-0.42,-0.18,0.14
4.405,-0.41,-0.33,0.09
4.421,-0.36,-0.37,0.06
4.438,-0.24,-0.25,0.06
4.456,-0.08,0,0.09
4.471,0.07,0.27,0.09
4.488,0.12,0.35,0.04
4.505,0.02,0.2,-0.11
4.521,-0.14,-0.06,-0.31
4.538,-0.24,-0.3,-0.5
4.555,-0.29,-0.42,-0.63
4.571,-0.33,-0.4,-0.64
4.588,-0.36,-0.28,-0.56
4.605,-0.41,-0.11,-0.43
4.621,-0.45,0.05,-0.28
4.638,-0.44,0.17,-0.14
4.655,-0.41,0.24,-0.03
4.671,-0.34,0.28,0.05
4.688,-0.24,0.27,0.13
4.705,-0.14,0.25,0.22
4.721,-0.06,0.23,0.34
4.738,0.04,0.26,0.49
4.755,0.15,0.32,0.65
4.771,0.08,-0.04,0.78
4.805,-0.09,-0.36,0.72
4.821,-0.19,-0.8,0.47
4.838,-0.3,-0.91,0.32
4.871,-0.62,-0.85,-0.01
4.888,-0.76,-0.73,-0.19
4.905,-0.94,-0.64,-0.36
4.921,-1.16,-0.61,-0.55
4.938,-1.38,-0.61,-0.73
4.955,-1.53,-0.58,-0.91
4.971,-1.59,-0.53,-1.07
4.988,-1.59,-0.49,-1.21
5.005,-1.57,-0.46,-1.33
5.021,-1.52,-0.44,-1.4
5.038,-1.43,-0.4,-1.42
5.055,-1.3,-0.31,-1.41
5.071,-1.11,-0.17,-1.35
5.088,-0.89,-0.03,-1.25
5.105,-0.67,0.08,-1.11
5.121,-0.48,0.16,-0.94
5.138,-0.3,0.2,-0.74
5.155,-0.13,0.24,-0.51
5.171,0.04,0.28,-0.26
5.188,0.19,0.34,0.03
5.205,0.35,0.44,0.36
5.221,0.5,0.53,0.76
5.238,0.62,0.57,1.18
5.255,0.68,0.58,1.61
5.271,0.71,0.63,2.01
5.288,0.73,0.72,2.32
5.305,0.78,0.72,2.44
5.321,0.85,0.63,2.4
5.338,0.93,0.57,2.26
5.355,1.06,0.6,2.01
5.371,1.2,0.7,1.69
5.388,1.33,0.88,1.3
5.405,1.67,1.42,0.49
5.421,1.89,1.6,0.18
5.455,2.24,1.73,0.03
5.471,2.37,1.8,0.23
5.488,2.45,1.87,0.57
5.505,2.48,1.89,0.96
5.521,2.49,1.83,1.33
5.538,2.47,1.69,1.65
5.555,2.41,1.5,1.89
5.571,2.33,1.27,2.05
5.588,2.2,1.01,2.11
5.605,2.02,0.73,2.06
5.621,1.79,0.43,1.87
5.638,1.48,0.11,1.57
5.655,1.09,-0.18,1.21
5.671,0.7,-0.3,0.8
5.688,0.37,-0.24,0.38
5.705,0,-0.23,-0.07
5.721,-0.46,-0.41,-0.54
5.738,-0.96,-0.67,-1.06
5.755,-1.47,-1,-1.7
5.771,-1.86,-1.57,-2.37
5.788,-2.31,-2.53,-2.99
5.805,-3.12,-3.64,-3.47
5.821,-3.91,-4.48,-3.84
5.838,-4.54,-5.19,-4.23
5.855,-5.88,-5.76,-4.52
5.871,-7.25,-5.65,-4.76
5.888,-7,-5.69,-5.83
5.905,-7.44,-5.92,-6.9
5.921,-7.6,-5.47,-7.33
5.938,-7.18,-4.27,-6.61
5.955,-6.78,-2.89,-5.07
5.971,-5.51,-0.84,-3.16
5.988,-3.28,1.17,-1.36
6.005,-0.65,1.05,0.25
6.038,0.39,0.57,0.81
6.055,1.82,0.94,3.37
6.071,1.88,1.77,4.72
6.105,1.91,3.83,5.55
6.121,2.15,4.48,5.5
6.138,2.19,4.52,5.38
6.155,2.41,4.16,5.12
6.171,3.03,3.74,4.76
6.188,3.57,3.3,4.51
6.205,3.86,2.96,4.65
6.221,3.95,2.83,5.28
6.238,3.67,2.86,6.16
6.255,2.87,2.95,6.7
6.271,2.06,3.02,6.45
6.288,1.64,2.78,5.32
6.305,1.56,2.29,3.75
6.321,1.71,1.74,2.42
6.338,1.23,0.78,1.3
6.355,0.33,-0.34,0.21
6.371,-0.69,-1.3,-0.78
6.388,-1.7,-2,-1.56
6.405,-2.95,-2.61,-2.29
6.421,-4.05,-2.65,-3.18
6.438,-4.92,-2.1,-4.29
6.455,-5.06,-1.37,-5.53
6.471,-4.43,-1.13,-6.88
6.488,-3.66,-1.81,-8.15
6.505,-3.12,-3.09,-9.09
6.521,-2.72,-4.3,-9.53
6.538,-2.61,-5.1,-9.53
6.555,-2.77,-5.23,-9.28
6.571,-2.92,-4.56,-8.87
6.588,-2.77,-3.11,-8.16
6.605,-1.79,-0.66,-6.69
6.621,-1.04,1.59,-4.64
6.638,-1.69,1.97,-2.45
6.655,-0.36,0.99,1.8
6.688,0.5,-0.36,6.58
6.705,1.14,0.26,8.5
6.721,1.33,1.36,9.31
6.738,1.16,2.42,8.79
6.755,1.27,2.92,7.36
6.772,1.79,2.81,5.82
6.788,2.68,2.59,4.79
6.805,3.63,2.64,4.7
6.821,3.94,2.7,5.33
6.838,3.73,2.55,6.21
6.859,3.79,2.49,7.01
6.872,3.99,2.29,7.48
6.888,4.08,1.72,7.53
6.905,3.56,0.53,6.8
6.921,2.46,-1.13,5.18
6.938,1.85,-2.01,2.87
6.955,1.41,-2.26,0.37
6.971,-0.04,-2.61,-1.74
6.988,-1.65,-2.61,-3.21
7.005,-3.08,-2.1,-4.2
7.022,-4.12,-1.48,-4.87
7.038,-5.06,-1.22,-5.32
7.055,-5.77,-1.27,-5.7
7.072,-6.1,-1.4,-6.14
7.088,-5.88,-1.56,-6.72
7.105,-5.25,-1.91,-7.38
7.121,-4.69,-2.52,-7.87
7.138,-4.4,-3.12,-7.95
7.155,-4.25,-3.38,-7.63
7.172,-4.05,-3.17,-7.11
7.188,-3.69,-2.51,-6.6
7.205,-2.9,-1.54,-6.13
7.221,-1.55,-0.25,-5.18
7.238,-0.11,1.09,-1.46
7.271,0.03,1.28,0.89
7.289,1.1,1.62,5.94
7.305,0.84,1.53,8.46
7.338,1.2,1.38,11.31
7.355,1.54,1.83,10.59
7.371,2.06,2.5,8.84
7.388,2.92,2.9,6.98
7.405,3.5,2.52,5.31
7.421,3.86,1.79,4.26
7.438,4.44,1.46,3.99
7.455,4.63,1.49,4.28
7.471,3.96,1.54,4.86
7.488,3.42,1.96,5.5
7.505,3.25,2.79,5.97
7.521,2.45,2.92,5.83
7.538,1.1,1.98,4.71
7.555,0.26,0.7,2.74
7.571,0.19,-0.78,0.35
7.588,-0.05,-2.52,-1.87
7.605,-0.7,-3.72,-3.45
7.621,-1.51,-3.97,-4.32
7.638,-2.23,-3.69,-4.62
7.655,-3.17,-3.5,-4.79
7.672,-4.06,-3.25,-5.04
7.688,-4.61,-2.77,-5.44
7.705,-4.82,-2.08,-5.97
7.721,-4.61,-1.34,-6.59
7.738,-4.48,-0.97,-7.18
7.755,-4.49,-0.99,-7.62
7.772,-4.33,-1.15,-7.82
7.788,-4.1,-1.33,-7.8
7.805,-3.8,-1.32,-7.62
7.822,-2.48,-0.69,-6.87
7.855,-1.4,0.03,-5.67
7.871,-0.39,0.84,-3.86
7.888,-0.19,0.87,0.14
7.909,0.25,0.39,2.17
7.922,0.83,-0.4,4.04
7.938,1.19,-1.43,5.85
7.955,1.73,-1.85,7.33
7.972,2.35,-1.5,7.92
7.989,2.54,-0.89,7.61
8.005,2.5,-0.05,6.62
8.021,2.87,0.92,5.35
8.038,3.5,1.71,4.13
8.055,3.81,2.18,3.14
8.072,3.87,2.53,2.68
8.088,3.96,2.97,2.71
8.105,3.89,3.43,3.17
8.122,3.49,3.62,3.93
8.138,3.01,3.53,4.87
8.155,2.64,3.13,5.73
8.172,2.15,2.32,6.01
8.188,1.91,1.35,5.55
8.205,1.75,0.18,4.49
8.222,1.86,-0.87,3.08
8.238,1.66,-1.87,1.58
8.255,1.25,-2.4,0.2
8.272,0.6,-2.38,-0.84
8.288,-0.42,-2.04,-1.55
8.305,-1.7,-1.61,-2.18
8.322,-3.05,-1.26,-2.95
8.338,-4.02,-0.89,-3.84
8.355,-4.46,-0.47,-4.8
8.372,-4.46,-0.28,-5.74
8.388,-4.07,-0.61,-6.5
8.405,-3.55,-1.53,-6.92
8.422,-3.12,-2.66,-7.12
8.438,-2.8,-3.6,-7.25
8.455,-2.84,-4.7,-7.4
8.472,-2.99,-4.66,-7.37
8.505,-2.69,-3.86,-6.97
8.521,-0.29,0.42,-4.17
8.538,-0.38,1.58,-2.21
8.571,0.13,2.22,1.82
8.588,0.51,1.8,3.65
8.605,0.58,1.4,5.34
8.621,0.59,1.43,6.64
8.638,0.59,1.78,7.21
8.655,0.85,2.38,7.1
8.671,1.41,2.93,6.46
8.689,2.22,3.12,5.68
8.705,3.15,2.84,4.97
8.722,4.08,2.36,4.54
8.738,4.88,2.08,4.4
8.755,5.26,2.02,4.43
8.772,5.21,2.04,4.48
8.788,4.78,2.06,4.59
8.805,4.28,2.15,4.75
8.822,3.85,2.36,4.76
8.839,2.86,2.13,4.23
8.855,1.55,1.47,3.24
8.872,0.83,1.16,2.03
8.888,0.16,0.67,0.84
8.906,-0.45,0.05,-0.16
8.922,-0.73,-0.8,-0.9
8.939,-1.17,-2.09,-1.43
8.955,-1.71,-3.29,-1.8
8.972,-2.37,-3.95,-2.13
8.989,-3.08,-3.95,-2.64
9.005,-3.57,-3.38,-3.35
9.022,-3.78,-2.7,-4.21
9.039,-3.81,-2.35,-5.05
9.055,-3.6,-2.68,-6.18
9.088,-3.48,-2.98,-6.42
9.105,-3.48,-3.49,-6.58
9.121,-3.44,-3.58,-6.6
9.155,-2.24,-2.13,-5.76
9.171,-1.31,-0.57,-4.44
9.189,-0.84,0.77,-2.69
9.205,-0.65,1.53,-0.56
9.222,-0.22,1.76,1.59
9.239,0.61,1.57,3.56
9.255,0.98,1.01,5.13
9.272,1.11,0.87,6.34
9.289,1.22,1.14,7.13
9.305,1.39,1.6,7.36
9.322,1.8,1.97,7.11
9.339,2.37,2.06,6.54
9.355,3,2.01,5.86
9.372,3.52,1.92,5.22
9.388,3.86,1.98,4.72
9.405,4.04,2.27,4.39
9.422,4.02,2.66,4.22
9.439,3.69,2.96,4.14
9.455,3.25,3.16,4.14
9.472,2.84,3.27,4.05
9.488,2.38,3.12,3.73
9.505,1.72,2.37,2.93
9.522,0.81,1.02,1.68
9.539,0.17,-0.3,0.26
9.555,-0.04,-1.16,-1.16
9.572,-0.4,-1.92,-2.34
9.589,-0.88,-2.37,-3.16
9.605,-1.45,-2.54,-3.57
9.622,-2.07,-2.54,-3.78
9.639,-3.57,-2.69,-4.3
9.671,-4.14,-2.62,-4.73
9.689,-4.53,-2.24,-5.74
9.705,-4.49,-2.17,-6.2
9.738,-4.38,-2.23,-6.54
9.755,-3.92,-2.62,-6.94
9.771,-3.56,-2.65,-7.06
9.805,-2.34,-2.02,-6.7
9.821,-1.43,-1.25,-5.77
9.838,-0.59,-0.32,-4.17
9.855,-0.2,0.37,-2.2
9.871,0.12,0.95,0.05
9.888,0.44,1.25,2.31
9.905,0.73,1.18,4.34
9.921,0.92,1.01,6.16
9.938,1.17,0.78,7.87
9.955,1.58,0.95,8.91
9.971,2.02,1.5,9.08
9.988,2.37,1.98,8.58
10.005,2.56,2.12,7.7
10.021,2.72,2.02,6.69
10.039,2.98,1.79,5.59
10.055,3.36,1.64,4.54
10.072,3.72,1.65,3.84
10.089,3.89,1.74,3.47
10.105,3.77,1.78,3.39
10.122,3.53,1.62,3.47
10.139,3.36,1.42,3.56
10.155,3.27,1.26,3.42
10.172,2.62,0.34,2.7
10.189,1.81,-1.1,1.33
10.205,1.35,-2.27,-0.45
10.222,0.62,-3.46,-2.18
10.239,-0.6,-4.46,-3.47
10.255,-1.63,-4.44,-4.31
10.272,-2.57,-3.82,-4.73
10.289,-4.36,-3.08,-4.81
10.321,-4.99,-2.96,-4.87
10.338,-5.13,-2.64,-5.61
10.355,-4.8,-2.48,-6.1
10.388,-4.18,-2.31,-6.63
10.405,-3.83,-2.15,-6.63
10.421,-3.43,-1.87,-6.55
10.438,-2.95,-1.49,-6.38
10.455,-2.3,-1.03,-5.99
10.471,-1.47,-0.37,-5.05
10.488,-0.77,0.39,-3.52
10.505,-0.55,0.85,-1.58
10.521,-0.4,1.15,0.58
10.538,-0.07,1.37,2.9
10.555,0.13,1.36,5.19
10.571,0.16,1.37,7.36
10.588,0.18,1.34,9.15
10.606,0.48,0.9,10.3
10.622,1.11,0.8,10.45
10.639,1.73,0.85,9.84
10.656,2.17,0.63,8.88
10.672,2.57,0.29,7.76
10.689,3.15,0.01,6.41
10.706,3.98,0,4.96
10.722,4.38,0.16,3.88
10.739,4.35,0.42,3.2
10.755,4.34,0.92,2.88
10.772,4.28,1.5,2.88
10.789,4.02,1.93,3.02
10.806,3.82,2.22,3.12
10.822,3.17,1.84,2.92
10.839,2.04,0.62,2.21
10.856,1.2,-0.78,1.12
10.872,-0.23,-3.05,-1.38
10.905,-0.99,-3.62,-2.23
10.921,-2.79,-3.23,-2.95
10.938,-3.87,-2.89,-3.21
10.971,-5.21,-2.28,-4.31
10.988,-5.33,-2.11,-5.08
11.006,-5.19,-2.16,-5.91
11.022,-5,-2.44,-6.6
11.039,-4.89,-2.85,-7
11.056,-4.83,-3.19,-7.15
11.078,-4.74,-3.33,-7.13
11.089,-4.55,-3.17,-7.01
11.106,-4.08,-2.68,-6.88
11.123,-3.07,-1.75,-6.45
11.139,-1.53,-0.42,-5.28
11.156,-0.4,0.57,-3.48
11.172,-0.04,1.03,-1.43
11.189,0.55,1.59,0.98
11.206,1.05,1.91,3.48
11.222,0.94,1.88,5.66
11.239,0.91,2.22,7.44
11.255,0.95,2.51,8.52
11.272,0.91,2.27,9.01
11.289,1.02,2.04,8.99
11.306,1.22,1.88,8.4
11.322,1.41,1.55,7.38
11.339,1.63,1.04,6.09
11.356,2.01,0.61,4.71
11.373,2.55,0.47,3.44
11.389,3.01,0.62,2.65
11.406,3.22,0.87,2.33
11.422,3.18,1.16,2.35
11.439,3.07,1.47,2.6
11.456,3.66,2.28,3.19
11.488,3.5,2.28,3.17
11.506,2.01,0.43,1.28
11.522,1.72,-0.33,-0.16
11.555,1.09,-1.23,-1.43
11.571,-0.01,-2.48,-2.87
11.588,-0.73,-2.91,-2.91
11.621,-2.8,-3.73,-2.67
11.638,-4.01,-3.98,-2.67
11.655,-5.39,-3.87,-2.7
11.671,-6.08,-3.59,-2.98
11.688,-6.2,-3.42,-3.51
11.705,-6.33,-3.28,-4.09
11.721,-6.16,-3.04,-5.07
11.738,-5.74,-2.73,-6.41
11.755,-5.5,-2.39,-7.62
11.772,-5.64,-2.07,-8.21
11.788,-5.71,-1.73,-7.86
11.805,-4.68,-0.91,-6.32
11.821,-2.14,0.46,-3.82
11.838,-0.53,1.12,-1.62
11.856,0.05,0.97,0.59
11.872,0.44,0.27,2.63
11.889,0.98,-0.54,4.38
11.906,1.22,-1.28,5.77
11.922,1.22,-1.62,6.87
11.939,1.07,-1.18,7.67
11.956,0.71,-0.04,8.03
11.972,0.19,1.15,7.88
11.989,-0.24,1.98,7.31
12.006,-0.46,2.29,6.48
12.022,-0.37,2.13,5.49
12.039,-0.13,1.63,4.46
12.056,0.1,0.96,3.51
12.073,0.3,0.27,2.78
12.089,0.89,-0.12,2.31
12.106,1.74,-0.34,2.09
12.138,1.74,-0.52,2.22
12.156,2.23,-0.18,2.15
12.172,1.58,-0.68,1.49
12.19,0.85,-1.57,0.47
12.206,0.19,-2.5,-0.66
12.223,-0.77,-3.39,-1.51
12.239,-1.95,-4.1,-2.09
12.256,-2.94,-4.27,-2.33
12.273,-3.99,-3.97,-2.23
12.289,-5.09,-3.42,-1.96
12.306,-6.16,-3.05,-1.75
12.323,-7.16,-3.04,-1.64
12.339,-7.86,-3.22,-1.71
12.356,-8.24,-3.36,-1.99
12.372,-8.12,-3.27,-2.51
12.389,-7.65,-3.06,-3.15
12.406,-7.04,-2.85,-3.87
12.423,-6.62,-2.72,-4.61
12.439,-6.44,-2.67,-5.24
12.456,-6.21,-2.59,-5.63
12.472,-5.53,-2.31,-5.58
12.489,-4.35,-1.8,-5.06
12.506,-3.01,-1.06,-4.14
12.522,-1.74,-0.35,-2.93
12.539,-0.83,-0.1,-1.59
12.556,-0.18,-0.24,-0.27
12.572,0.66,-0.4,1.21
12.589,1.38,-0.54,2.88
12.606,1.53,-0.49,4.56
12.622,1.17,0.01,6.14
12.639,0.62,0.78,7.36
12.656,0.08,1.42,8.07
12.673,-0.34,1.78,8.22
12.689,-0.53,1.54,6.99
12.721,-0.27,1.17,5.94
12.738,0.04,0.83,4.83
12.755,0.33,0.41,3.06
12.788,0.55,0.43,2.67
12.805,0.73,0.76,2.83
12.821,0.68,0.93,3.16
12.855,1.29,1.57,3.64
12.871,1.01,1.36,3.14
12.888,0.54,0.89,2.18
12.905,0.05,0.19,0.9
12.921,-0.53,-0.57,-0.43
12.938,-1.31,-1.31,-1.6
12.955,-2.23,-1.84,-2.52
12.971,-3.07,-2.02,-3.13
12.988,-3.86,-1.95,-3.43
13.005,-4.56,-1.69,-3.46
13.021,-5.16,-1.37,-3.41
13.038,-5.63,-1.24,-3.49
13.055,-5.88,-1.39,-3.77
13.071,-5.88,-1.74,-4.19
13.088,-5.71,-2.18,-4.66
13.106,-5.48,-2.61,-5.12
13.123,-5.28,-3,-5.52
13.139,-5.06,-3.19,-5.92
13.156,-4.84,-3.11,-6.42
13.178,-4.51,-2.31,-7.33
13.205,-3.68,-1.31,-7.07
13.221,-2.68,-0.23,-6.02
13.238,-2.1,0.25,-4.62
13.255,-1.46,0.46,-3.09
13.271,-0.65,0.54,-1.56
13.288,0.26,0.42,0.06
13.305,0.85,-0.1,1.68
13.321,1.05,-0.81,3.19
13.338,1.14,-1.42,5.79
13.371,1.13,-1.26,6.66
13.388,0.71,-0.52,7.12
13.405,0.17,-0.04,6.62
13.438,-0.38,0.65,4.76
13.455,-0.18,0.95,3.71
13.471,0.05,1.22,2.81
13.488,0.23,1.33,2.16
13.505,0.44,1.33,1.79
13.521,0.86,1.39,1.78
13.538,1.47,1.48,2.18
13.555,2.01,1.41,2.85
13.571,2.27,1.08,3.46
13.588,2.32,0.6,3.82
13.605,2.4,0.14,3.89
13.621,2.5,-0.36,3.6
13.638,2.4,-0.84,2.96
13.655,2.31,-1.1,2.19
13.673,2.27,-1.23,1.37
13.689,2.17,-1.3,0.69
13.706,1.94,-1.29,0.28
13.722,1.62,-1.17,0.13
13.739,1.16,-0.97,0.15
13.756,0.6,-0.75,0.2
13.772,-0.01,-0.5,0.17
13.789,-0.67,-0.32,0.01
13.806,-1.44,-0.26,-0.29
13.822,-2.25,-0.18,-0.69
13.839,-3,0,-1.17
13.856,-3.56,0.26,-1.7
13.872,-3.87,0.56,-2.24
13.889,-3.92,0.84,-2.76
13.906,-3.75,0.93,-3.26
13.922,-3.27,-0.2,-4.33
13.955,-3.03,-1.42,-4.91
13.971,-2.57,-2.47,-5.26
13.988,-1.51,-3.28,-4.54
14.021,-1.24,-3.57,-4
14.038,-0.39,-4.25,-3.33
14.055,-0.11,-5.04,-3.28
14.088,0.44,-6.2,-3.2
14.105,0.58,-6.35,-3.02
14.121,0.64,-6.25,-2.75
14.138,0.64,-5.93,-2.43
14.155,0.59,-5.49,-2.12
14.171,0.51,-5,-1.86
14.188,0.44,-4.55,-1.64
14.205,0.44,-4.19,-1.45
14.225,0.5,-3.92,-1.27
14.239,0.56,-3.69,-1.12
14.256,0.62,-3.41,-1
14.273,0.69,-3.08,-0.9
14.289,0.72,-2.75,-0.79
14.306,0.64,-2.45,-0.7
14.322,0.47,-2.13,-0.54
14.339,0.31,-1.71,-0.32
14.356,0.25,-1.12,-0.01
14.373,0.28,-0.4,0.36
14.389,0.2,0.13,0.73
14.406,-0.02,0.37,1.06
14.422,-0.31,0.35,1.29
14.439,-0.49,0.25,1.41
14.456,-0.35,0.29,1.37
14.473,0.05,0.43,1.12
14.489,0.45,0.39,0.73
14.506,0.71,0.1,0.29
14.522,0.91,-0.25,-0.13
14.539,1.06,-0.54,-0.47
14.556,1.15,-0.7,-0.74
14.572,0.97,-0.59,-0.96
14.605,0.7,-0.4,-0.92
14.621,0.01,-0.06,-0.8
14.638,-0.28,-0.01,-0.75
14.671,-0.62,-0.11,-0.62
14.688,-0.63,-0.21,-0.51
14.705,-0.53,-0.35,-0.37
14.721,-0.42,-0.54,-0.23
14.738,-0.29,-0.77,-0.09
14.755,-0.12,-0.96,0.03
14.771,0.12,-1.06,0.13
14.788,0.43,-1.02,0.18
14.805,0.81,-0.82,0.19
14.821,1.31,-0.53,0.2
14.838,1.76,-0.32,0.22
14.855,2.04,-0.25,0.28
14.871,2.22,-0.28,0.4
14.888,2.35,-0.34,0.57
14.905,2.41,-0.44,0.78
14.921,2.32,-0.59,0.99
14.939,2.07,-0.72,1.17
14.955,1.73,-0.74,1.29
14.972,1.34,-0.58,1.31
14.989,0.93,-0.27,1.23
15.006,0.51,0.11,1.07
15.022,0.16,0.5,0.85
15.039,-0.09,0.84,0.61
15.056,-0.28,1.11,0.41
15.072,-0.46,1.3,0.28
15.089,-0.61,1.44,0.24
15.106,-0.72,1.55,0.26
15.122,-0.78,1.63,0.34
15.139,-0.78,1.67,0.47
15.155,-0.68,1.61,0.77
15.188,-0.57,1.54,0.92
15.205,-0.4,1.5,1.06
15.221,-0.03,1.49,1.32
15.255,0.15,1.49,1.46
15.276,0.39,1.53,1.69
15.289,0.46,1.57,1.78
15.306,0.48,1.6,1.82
15.322,0.48,1.6,1.79
15.339,0.47,1.56,1.71
15.356,0.46,1.48,1.57
15.372,0.43,1.34,1.41
15.389,0.34,1.16,1.24
15.406,0.23,0.99,1.05
15.422,0.11,0.86,0.86
15.439,-0.01,0.75,0.67
15.456,-0.15,0.63,0.5
15.472,-0.33,0.49,0.37
15.489,-0.53,0.36,0.29
15.506,-0.72,0.27,0.25
15.522,-0.88,0.2,0.24
15.539,-1.01,0.15,0.28
15.555,-1.12,0.08,0.35
15.572,-1.22,0.01,0.45
15.589,-1.28,-0.06,0.57
15.606,-1.29,-0.11,0.71
15.622,-1.27,-0.14,0.85
15.639,-1.22,-0.16,0.98
15.655,-1.12,-0.18,1.1
15.672,-0.99,-0.22,1.19
15.689,-0.84,-0.29,1.27
15.706,-0.68,-0.42,1.32
15.722,-0.51,-0.56,1.34
15.739,-0.17,-0.83,1.24
15.771,-0.01,-0.93,1.12
15.788,0.14,-0.99,0.94
15.805,0.37,-0.95,0.53
15.838,0.4,-0.89,0.33
15.855,0.28,-0.74,0
15.871,0.17,-0.6,-0.12
15.905,-0.06,-0.18,-0.26
15.921,-0.18,0.03,-0.28
15.938,-0.27,0.19,-0.27
15.956,-0.33,0.3,-0.24
15.972,-0.34,0.4,-0.19
15.989,-0.26,0.5,-0.14
16.006,-0.1,0.57,-0.07
16.022,0.09,0.54,0.01
16.039,0.26,0.35,0.1
16.056,0.4,0.06,0.22
16.072,0.52,-0.22,0.36
16.089,0.62,-0.45,0.5
16.105,0.7,-0.58,0.61
16.122,0.73,-0.64,0.67
16.139,0.7,-0.63,0.66
16.156,0.64,-0.58,0.56
16.172,0.61,-0.52,0.39
16.189,0.6,-0.45,0.2
16.205,0.6,-0.42,0.03
16.222,0.58,-0.4,-0.09
16.239,0.5,-0.35,-0.15
16.256,0.38,-0.23,-0.15
16.272,0.22,-0.04,-0.08
16.289,0.04,0.22,0.03
16.305,-0.15,0.49,0.15
16.328,-0.51,0.99,0.27
16.355,-0.6,1.21,0.26
16.371,-0.63,1.37,0.2
16.388,-0.62,1.46,0.12
16.405,-0.58,1.5,0.06
16.421,-0.51,1.5,0.02
16.438,-0.36,1.46,0.01
16.455,-0.26,1.45,0.01
16.488,-0.13,1.43,0
16.505,0.13,1.35,-0.02
16.521,0.26,1.28,-0.05
16.538,0.39,1.21,-0.06
16.555,0.52,1.19,-0.08
16.571,0.63,1.22,-0.1
16.588,0.69,1.28,-0.13
16.605,0.69,1.33,-0.17
16.621,0.62,1.36,-0.23
16.638,0.52,1.38,-0.31
16.655,0.42,1.45,-0.4
16.672,0.39,1.61,-0.5
16.689,0.44,1.8,-0.59
16.705,0.56,1.96,-0.66
16.722,0.67,2.01,-0.66
16.739,0.73,1.96,-0.61
16.755,0.75,1.87,-0.52
16.772,0.8,1.82,-0.4
16.789,0.9,1.85,-0.27
16.805,0.99,1.91,-0.13
16.822,1.02,1.96,0
16.839,1.08,1.99,0.06
16.855,1.21,1.9,-0.02
16.872,1.34,1.67,-0.2
16.889,1.36,1.44,-0.35
16.906,1.38,1.33,-0.45
16.922,1.48,1.32,-0.49
16.939,1.59,1.32,-0.53
16.955,1.67,1.26,-0.54
16.972,1.84,1.08,-0.61
17.005,1.95,0.87,-0.7
17.021,2.04,0.6,-0.8
17.038,2.21,0.12,-0.85
17.071,2.22,0.01,-0.78
17.088,2.17,0.13,-0.5
17.105,2.1,0.33,-0.31
17.138,1.88,0.84,0.01
17.155,1.79,1.15,0.15
17.171,1.7,1.49,0.29
17.188,1.61,1.82,0.43
17.205,1.55,2.11,0.6
17.221,1.5,2.32,0.81
17.238,1.42,2.44,1.07
17.255,1.3,2.47,1.36
17.271,1.16,2.39,1.67
17.288,1.02,2.22,1.97
17.305,0.89,1.96,2.23
17.321,0.75,1.63,2.4
17.338,0.65,1.25,2.46
17.355,0.64,0.87,2.41
17.371,0.68,0.55,2.26
17.388,0.82,0.38,2.04
17.405,0.94,0.28,1.77
17.422,1.01,0.2,1.44
17.439,1.05,0.12,1.09
17.455,1.03,0.04,0.73
17.472,0.95,-0.09,0.37
17.489,0.82,-0.23,0.02
17.506,0.69,-0.35,-0.33
17.522,0.57,-0.45,-0.67
17.539,0.46,-0.53,-0.97
17.555,0.32,-0.58,-1.21
17.572,0.16,-0.65,-1.42
17.589,-0.02,-0.72,-1.58
17.606,-0.24,-0.82,-1.71
17.622,-0.72,-1,-1.82
17.655,-0.94,-1.05,-1.83
17.671,-1.33,-1.12,-1.84
17.688,-1.48,-1.13,-1.88
17.721,-1.57,-1.01,-1.93
17.738,-1.52,-0.87,-1.92
17.755,-1.42,-0.74,-1.95
17.771,-1.21,-0.69,-2.01
17.788,-0.88,-0.75,-2.18
17.805,-0.45,-1,-2.41
17.821,-0.04,-1.4,-2.7
17.838,0.33,-1.86,-3.01
17.855,0.68,-2.28,-3.33
17.871,1.1,-2.61,-3.59
17.888,1.54,-2.84,-3.78
17.905,1.89,-3.06,-3.9
17.922,2.11,-3.26,-3.95
17.939,2.29,-3.44,-3.96
17.955,2.46,-3.61,-3.92
17.972,2.61,-3.77,-3.8
17.989,2.67,-3.91,-3.63
18.005,2.63,-4.01,-3.43
18.022,2.55,-3.99,-3.17
18.039,2.41,-3.83,-2.88
18.055,2.18,-3.55,-2.58
18.072,1.86,-3.21,-2.29
18.089,1.51,-2.82,-1.99
18.105,1.14,-2.41,-1.7
18.122,0.74,-1.97,-1.36
18.139,0.35,-1.46,-0.95
18.155,0.12,-0.89,-0.51
18.172,-0.02,-0.37,-0.09
18.189,-0.16,-0.04,0.27
18.205,-0.27,0.07,0.59
18.222,-0.35,0.02,0.86
18.239,-0.45,-0.11,1.09
18.255,-0.83,-0.18,1.07
18.272,-0.92,-0.01,0.72
18.305,-0.82,0.23,0.19
18.321,-0.34,0.45,-1.14
18.338,-0.12,0.33,-1.8
18.371,0.28,-0.1,-2.86
18.388,0.42,-0.26,-3.24
18.405,0.54,-0.29,-3.49
18.421,0.6,-0.19,-3.63
18.438,0.56,-0.06,-3.7
18.455,0.38,0.01,-3.72
18.474,0.11,0.02,-3.69
18.489,-0.23,0.04,-3.59
18.505,-0.62,0.06,-3.44
18.522,-1.02,0.11,-3.21
18.539,-1.41,0.18,-2.76
18.555,-1.38,0.22,-1.88
18.572,-1.31,0.3,-1.28
18.589,-1.06,0.39,-1.04
18.605,-0.81,0.34,-1.02
18.622,-0.59,0.13,-1.01
18.639,-0.55,-0.16,-0.94
18.655,-0.44,-0.36,-0.91
18.672,-0.12,-0.32,-0.88
18.69,0.19,-0.23,-0.7
18.705,0.11,-0.28,-0.58
18.722,0.07,-0.23,-0.56
18.739,0.04,-0.16,-0.54
18.756,-0.1,-0.09,-0.53
18.772,-0.36,-0.03,-0.59
18.789,-0.67,-0.09,-0.74
18.805,-0.91,-0.08,-0.84
18.822,-1.07,0.01,-0.96
18.839,-1.14,0.04,-1.05
18.855,-0.9,-0.2,-0.72
18.888,-0.7,-0.26,-0.47
18.905,-0.37,-0.43,-0.13
18.921,-0.35,-0.39,-0.09
18.955,-0.55,-0.25,-0.11
18.971,-0.69,-0.28,-0.08
18.988,-0.79,-0.38,0.02
19.005,-0.85,-0.52,0.14
19.021,-0.82,-0.64,0.25
19.038,-0.69,-0.72,0.33
19.055,-0.49,-0.73,0.39
19.071,-0.25,-0.67,0.42
19.088,-0.05,-0.65,0.41
19.105,0.12,-0.69,0.38
19.122,0.28,-0.69,0.33
19.138,0.42,-0.63,0.29
19.155,0.57,-0.52,0.26
19.171,0.7,-0.45,0.2
19.188,0.82,-0.48,0.15
19.205,0.9,-0.6,0.08
19.221,0.97,-0.71,0.07
19.238,1.05,-0.8,0.12
19.255,1.12,-0.91,0.18
19.271,1.19,-1,0.25
19.288,1.21,-1.01,0.33
19.305,1.18,-0.92,0.44
19.321,1.12,-0.67,0.54
19.338,1.05,-0.39,0.6
19.355,0.93,-0.21,0.61
19.371,0.76,-0.08,0.59
19.389,0.62,0.04,0.57
19.405,0.52,0.12,0.53
19.422,0.44,0.2,0.49
19.439,-0.03,0.67,0.47
19.472,-0.01,0.54,0.69
19.488,0.06,0.24,1.04
19.505,0.45,-0.46,1.44
19.538,0.59,-0.61,1.36
19.555,0.71,-0.65,1.07
19.571,0.77,-0.69,0.97
19.605,0.69,-0.08,0.71
19.621,0.53,0.27,0.61
19.638,0.5,0.37,0.53
19.655,0.48,0.46,0.6
19.672,0.42,0.65,0.81
19.688,0.24,0.88,0.97
19.705,0.16,1.26,1.05
19.721,0.14,1.48,0.95
19.738,0.08,1.44,0.81
19.755,-0.01,1,0.66
19.772,-0.13,0.26,0.52
19.788,-0.22,-0.36,0.4
19.805,-0.27,-0.49,0.33
19.821,-0.33,-0.39,0.45
19.838,-0.5,-0.32,0.57
19.855,-0.57,-0.19,0.73
19.871,-0.54,-0.17,0.73
19.889,-0.48,0.08,0.61
19.905,-0.28,0.18,0.47
19.922,-0.22,0.42,0.72
19.939,-0.4,0.57,1.14
19.955,-0.52,0.55,1.43
19.972,-0.62,0.11,1.57
19.988,-0.64,0.1,1.54
20.005,-0.29,-0.08,1.29
20.022,-0.02,-0.42,1.04
20.038,0.09,-0.64,0.86
20.055,0.3,-0.56,0.85
20.072,0.54,-0.34,1
20.089,0.76,0.03,1.16
20.122,0.85,0.05,1.07
20.138,1.02,0,0.65
20.155,0.94,-0.09,0.51
20.188,0.52,-0.27,0.48
20.205,0.2,-0.34,0.41
20.222,-0.07,-0.42,0.34
20.238,-0.25,-0.47,0.38
20.255,-0.42,-0.4,0.46
20.271,-0.56,-0.35,0.47
20.288,-0.65,-0.33,0.48
20.305,-0.69,-0.27,0.51
20.321,-0.68,-0.15,0.52
20.338,-0.61,-0.03,0.5
20.355,-0.54,0.07,0.48
20.372,-0.41,0.14,0.47
20.388,-0.2,0.21,0.49
20.405,0.09,0.2,0.54
20.422,0.36,0.15,0.61
20.438,0.57,0.16,0.74
20.455,0.75,0.2,1.02
20.472,0.9,0.34,1.49
20.488,1.02,0.53,1.96
20.505,1.04,0.6,2.24
20.522,0.97,0.55,2.35
20.543,0.83,0.16,2.37
20.571,0.77,0,2.3
20.588,0.75,-0.07,2.24
20.605,0.81,-0.07,2.24
20.621,0.88,-0.18,2.15
20.638,0.93,-0.19,2.03
20.655,0.92,-0.04,1.94
20.671,0.79,0.05,1.84
20.688,0.54,-0.05,1.55
20.705,0.35,-0.05,1.22
20.721,0.27,0.05,0.84
20.738,0.06,-0.03,0.31
20.771,0.04,-0.1,0.25
20.788,0.16,-0.19,0.56
20.805,0.14,-0.19,0.61
20.838,-0.01,-0.07,0.56
20.855,-0.11,-0.02,0.5
20.871,-0.22,0.05,0.42
20.889,-0.33,0.09,0.33
20.905,-0.37,0.14,0.23
20.922,-0.38,0.15,0.17
20.938,-0.35,0.14,0.11
20.955,-0.29,0.09,0.09
20.972,-0.21,0.02,0.09
20.988,-0.13,-0.06,0.09
21.005,-0.08,-0.09,0.07
21.025,-0.06,-0.09,0.04
21.038,-0.05,-0.14,0.05
21.055,-0.04,-0.15,0.05
21.072,-0.03,-0.16,0.04
21.089,-0.03,-0.11,0.04
21.116,0.01,-0.02,0.08
21.133,0.04,-0.01,0.09
21.15,0.09,-0.02,0.12
21.166,0.13,-0.09,0.13
21.183,0.17,-0.14,0.11
21.2,0.25,-0.13,0.09
21.217,0.28,-0.09,0.06
21.234,0.24,0,0.05
21.25,0.15,0.09,0.02
21.267,0.04,0.19,-0.06
21.284,-0.1,0.36,-0.12
21.3,-0.33,0.46,-0.23
21.317,-0.59,0.5,-0.31
21.334,-0.84,0.54,-0.38
21.351,-1.07,0.48,-0.46
21.368,-1.16,0.36,-0.66
21.385,-1.14,0.07,-0.95
21.401,-0.98,-0.4,-1.34
21.418,0.07,0.36,-1.67
21.435,1.6,1.44,-1.83
21.451,1.74,0.58,-1.9
21.483,1.46,0.28,-1.68
21.501,1.29,0.35,-1.08
21.518,0.94,-0.43,-0.65
21.55,0.64,-0.82,-0.53
21.568,0.74,-0.18,-1.16
21.593,0.67,-0.07,-1.29
21.601,0.52,0,-1.21
21.618,0.38,0.31,-1.07
21.635,0.23,0.67,-0.97
21.651,0.14,0.93,-0.92
21.668,0.08,1,-0.9
21.685,0.07,0.94,-0.92
21.701,0.1,0.79,-0.92
21.718,0.21,0.58,-0.9
21.735,0.35,0.31,-0.91
21.751,0.49,0.26,-0.95
21.768,0.57,0.28,-0.99
21.784,0.54,-0.05,-0.97
21.801,0.55,-0.29,-0.88
21.818,0.66,-0.29,-0.78
21.835,0.75,-0.09,-0.67
21.852,0.69,0.12,-0.58
21.868,0.49,0.17,-0.53
21.885,0.36,0.4,-0.54
21.901,0.18,0.49,-0.54
21.918,0.02,0.46,-0.57
21.935,-0.1,0.41,-0.6
21.951,-0.2,0.33,-0.59
21.968,-0.32,0.26,-0.54
21.985,-0.48,0.29,-0.52
22.001,-0.6,0.43,-0.58
22.018,-0.59,0.63,-0.7
22.035,-0.52,0.74,-0.81
22.051,-0.49,0.74,-0.86
22.068,-0.48,0.72,-0.78
22.085,-0.41,0.93,-0.68
22.101,-0.35,1.01,-0.78
22.133,-0.31,1.02,-0.93
22.149,-0.27,0.99,-1.03
22.166,-0.08,0.88,-1
22.199,0.14,0.66,-0.77
22.216,0.24,0.47,-0.62
22.233,0.32,0.25,-0.45
22.266,0.36,-0.14,-0.03
22.283,0.34,-0.28,0.17
22.3,0.32,-0.39,0.35
22.316,0.32,-0.46,0.56
22.333,0.31,-0.47,0.75
22.35,0.32,-0.43,0.92
22.366,0.31,-0.45,1.06
22.383,0.29,-0.53,1.15
22.4,0.25,-0.63,1.18
22.416,0.21,-0.69,1.18
22.435,0.17,-0.67,1.15
22.452,0.12,-0.63,1.12
22.469,0.06,-0.58,1.07
22.485,0.03,-0.5,1.01
22.501,0.01,-0.41,0.94
22.518,0.01,-0.35,0.85
22.535,0.05,-0.31,0.73
22.552,0.09,-0.34,0.6
22.568,0.15,-0.39,0.48
22.585,0.21,-0.42,0.4
22.602,0.26,-0.45,0.34
22.618,0.28,-0.47,0.31
22.641,0.26,-0.45,0.24
22.666,0.23,-0.41,0.18
22.683,0.19,-0.37,0.11
22.699,0.14,-0.24,0.04
22.716,0.1,-0.14,-0.07
22.732,0.03,-0.07,-0.21
22.749,-0.1,0.13,-0.37
22.782,-0.18,0.26,-0.41
22.8,-0.34,0.53,-0.48
22.816,-0.39,0.6,-0.59
22.85,-0.37,0.56,-0.8
22.866,-0.31,0.57,-0.86
22.883,-0.23,0.58,-0.93
22.899,-0.14,0.56,-0.98
22.916,-0.11,0.56,-1.03
22.933,-0.11,0.58,-1.1
22.95,-0.09,0.66,-1.19
22.966,-0.1,0.75,-1.26
22.986,-0.17,0.74,-1.27
23.002,-0.35,0.59,-1.24
23.018,-0.61,0.4,-1.25
23.035,-0.81,0.32,-1.33
23.052,-0.78,0.47,-1.47
23.068,-0.53,0.8,-1.64
23.085,-0.24,1.12,-1.78
23.102,-0.11,1.22,-1.87
23.118,-0.19,1.11,-1.86
23.135,-0.37,0.98,-1.77
23.152,-0.53,0.88,-1.62
23.168,-0.61,0.85,-1.46
23.185,-0.63,0.93,-1.24
23.202,-0.59,0.95,-1.01
23.219,-0.5,0.9,-0.8
23.235,-0.41,0.84,-0.59
23.251,-0.33,0.83,-0.39
23.268,-0.19,0.9,-0.09
23.3,-0.11,0.9,0
23.316,-0.05,0.82,-0.04
23.333,-0.22,0.49,-0.31
23.366,-0.4,0.3,-0.5
23.383,-0.73,0.02,-0.92
23.4,-0.85,0,-1.12
23.433,-0.83,0.34,-1.44
23.449,-0.63,0.67,-1.54
23.466,-0.41,0.95,-1.59
23.483,-0.28,1.08,-1.57
23.499,-0.24,1.05,-1.55
23.516,-0.22,0.85,-1.59
23.536,-0.25,0.6,-1.66
23.552,-0.26,0.44,-1.66
23.568,-0.22,0.44,-1.57
23.585,-0.13,0.57,-1.39
23.602,-0.05,0.76,-1.19
23.618,0,0.94,-0.93
23.635,0.03,1.09,-0.6
23.652,0.08,1.26,-0.26
23.668,0.22,1.45,0.03
23.685,0.37,1.6,0.24
23.702,0.54,1.65,0.39
23.718,0.7,1.63,0.48
23.735,0.81,1.58,0.43
23.751,0.91,1.53,0.3
23.768,1.06,1.49,0.11
23.784,1.27,1.5,-0.12
23.801,1.51,1.62,-0.4
23.818,1.77,1.78,-0.68
23.834,1.99,1.89,-0.95
23.851,2.12,1.88,-1.22
23.868,2.16,1.79,-1.45
23.885,2.03,1.61,-1.57
23.901,1.96,1.48,-1.65
23.918,1.93,1.37,-1.72
23.95,1.87,1.28,-1.71
23.966,1.8,1.13,-1.67
23.983,1.64,0.68,-1.52
24.015,1.53,0.49,-1.38
24.036,1.15,0.24,-0.95
24.052,0.88,0.09,-0.76
24.069,0.6,0.02,-0.63
24.085,0.32,-0.08,-0.57
24.102,0.08,-0.16,-0.59
24.119,-0.09,-0.22,-0.67
24.136,-0.19,-0.27,-0.79
24.152,-0.21,-0.3,-0.94
24.169,-0.18,-0.25,-1.1
24.185,-0.12,-0.14,-1.25
24.202,-0.04,0.03,-1.37
24.219,0.04,0.22,-1.42
24.235,0.09,0.43,-1.4
24.252,0.09,0.62,-1.3
24.268,0.07,0.79,-1.15
24.285,0.08,0.86,-0.87
24.301,0.08,0.82,-0.59
24.318,0.08,0.74,-0.39
24.334,0.06,0.64,-0.25
24.351,0.02,0.5,-0.16
24.368,0,0.31,-0.13
24.385,0,0.07,-0.14
24.401,-0.01,-0.14,-0.2
24.418,-0.03,-0.29,-0.29
24.435,-0.04,-0.38,-0.4
24.452,-0.04,-0.43,-0.5
24.468,-0.02,-0.43,-0.59
24.485,0.03,-0.38,-0.66
24.502,0.16,-0.24,-0.72
24.533,0.19,-0.14,-0.7
24.553,0.2,0.06,-0.57
24.569,0.17,0.12,-0.47
24.6,0.1,0.13,-0.38
24.616,-0.08,0.08,-0.25
24.633,-0.16,0.02,-0.2
24.666,-0.33,-0.13,-0.18
24.683,-0.41,-0.21,-0.2
24.699,-0.45,-0.25,-0.27
24.716,-0.41,-0.25,-0.39
24.733,-0.29,-0.2,-0.42
24.749,-0.19,-0.17,-0.39
24.768,-0.18,-0.1,-0.21
24.785,-0.22,-0.18,0.04
24.801,-0.21,-0.34,0.36
24.818,-0.16,-0.46,0.67
24.835,-0.07,-0.55,0.89
24.851,0.04,-0.54,1.04
24.868,0.13,-0.48,1.15
24.885,0.16,-0.35,1.2
24.901,0.16,-0.16,1.19
24.918,0.18,0.06,1.11
24.935,0.25,0.25,1.02
24.951,0.3,0.4,0.96
24.968,0.32,0.49,0.93
24.985,0.33,0.56,0.9
25.001,0.3,0.57,0.87
25.018,0.26,0.49,0.8
25.035,0.24,0.33,0.72
25.051,0.23,0.2,0.5
25.068,0.28,0.16,0.14
25.085,0.36,0.15,-0.16
25.101,0.22,0.11,-0.26
25.118,0.13,0.12,-0.18
25.135,0.06,0.18,-0.11
25.151,-0.01,0.27,-0.08
25.183,-0.04,0.25,-0.07
25.2,-0.05,0.23,-0.13
25.215,-0.13,0.26,-0.19
25.249,-0.18,0.26,-0.2
25.265,-0.15,0.2,-0.14
25.282,-0.11,0.13,-0.1
25.315,-0.03,0,-0.05
25.332,-0.01,-0.01,-0.04
25.352,0.02,0.04,-0.05
25.37,0.01,0.08,-0.07
25.386,-0.02,0.11,-0.1
25.402,-0.03,0.1,-0.12
25.418,-0.04,0.08,-0.14
25.435,-0.02,0.04,-0.15
25.465,0.06,0.06,-0.15
25.484,0.07,0.06,-0.15
25.5,0.09,0.02,-0.13
25.517,0.08,-0.04,-0.11
25.534,0.07,-0.12,-0.08
25.55,0.06,-0.15,-0.05
25.567,0.04,-0.13,-0.02
25.584,0.04,-0.07,-0.01
25.601,0.04,-0.03,-0.02
25.618,0.03,-0.01,-0.03
25.634,0.02,0,-0.03
25.651,0.03,0,-0.02
25.668,0.02,0.01,-0.01
25.684,0.03,0.01,-0.01
25.701,0.03,0,0
25.718,0.03,0.01,0
25.734,0.04,-0.01,-0.01
25.757,0.04,-0.01,-0.02
25.782,0.04,-0.01,-0.04
25.801,0.07,-0.03,-0.07
25.832,0.07,-0.07,-0.08
25.851,0.04,-0.13,-0.08
25.868,0.04,-0.15,-0.1
25.884,0.05,-0.18,-0.13
25.901,0.07,-0.22,-0.15
25.918,0.1,-0.26,-0.15
25.934,0.09,-0.29,-0.13
25.951,0.07,-0.32,-0.13
25.968,0.05,-0.33,-0.12
25.984,0.04,-0.3,-0.1
26.001,0.04,-0.28,-0.06
26.018,0.03,-0.28,-0.03
26.034,0.01,-0.27,-0.02
26.051,0.01,-0.23,0
26.068,-0.01,-0.21,0.02
26.084,-0.01,-0.17,0.02
26.101,0,-0.11,0.02
26.118,0.03,0.03,0
26.138,0.11,0.25,-0.03
26.153,0.13,0.35,-0.01
26.167,0.18,0.4,0.01
26.184,0.3,0.51,0.03
26.201,0.52,0.72,-0.08
26.217,0.81,0.96,-0.22
26.234,0.86,1.34,-0.3
26.251,0.74,1.88,-0.34
26.267,0.71,2.49,-0.37
26.284,0.98,3.01,-0.39
26.301,1.5,3.37,-0.41
26.317,1.98,3.53,-0.39
26.334,2.25,3.57,-0.36
26.351,2.45,3.6,-0.35
26.368,2.8,3.53,-0.35
26.384,3.22,3.16,-0.04
26.416,3.39,3.1,0.35
26.433,3.66,3,0.85
26.449,3.98,2.38,1.86
26.483,4.27,2.12,2.28
26.499,4.46,1.36,2.6
26.516,4.42,0.97,2.55
26.549,4.16,0.64,2.29
26.566,3.77,0.64,2.06
26.583,3.31,0.79,1.66
26.602,2.87,1.02,1.1
26.618,2.39,1.16,0.37
26.635,1.67,1.08,-0.47
26.651,0.74,0.78,-1.37
26.668,-0.19,0.31,-2.32
26.685,-1.32,-0.22,-3.18
26.701,-2.81,-0.63,-3.82
26.718,-4.19,-0.91,-4.08
26.734,-4.98,-1.34,-4.1
26.751,-5.64,-2.06,-4.31
26.768,-6.3,-2.96,-4.76
26.785,-6.83,-3.89,-5.33
26.807,-7.28,-4.68,-5.9
26.817,-7.5,-5.09,-6.33
26.834,-7.27,-4.87,-6.34
26.851,-6.86,-4.14,-5.88
26.867,-6.39,-3.13,-5.11
26.884,-5.91,-2.07,-4.28
26.901,-5.27,-1.19,-3.59
26.917,-4.65,-0.66,-3.14
26.934,-3.88,-0.16,-2.85
26.951,-2.85,0.36,-2.39
26.967,-0.94,1.01,-0.53
26.999,-0.14,0.99,0.75
27.018,0.76,0.96,3.34
27.034,1.42,1.28,4.49
27.066,1.98,1.74,5.48
27.085,2.27,2.94,6.55
27.102,2.66,3.47,6.55
27.118,3.07,3.73,6.39
27.135,3.53,3.69,6.11
27.152,4.15,3.36,5.84
27.168,4.62,2.63,5.78
27.184,4.6,1.67,6
27.201,4.63,1.23,6.41
27.218,4.39,1.69,6.75
27.234,3.72,2.29,6.41
27.251,3.57,2.61,5.23
27.267,4.16,2.88,3.92
27.284,4.75,2.69,2.78
27.3,4.12,1.45,1.32
27.317,2.47,-0.74,-0.45
27.334,0.87,-2.76,-1.95
27.35,-0.72,-3.92,-3.12
27.367,-2.6,-4.02,-4.03
27.384,-4.12,-3.03,-4.67
27.401,-5.13,-1.91,-5.5
27.418,-5.43,-1.37,-6.65
27.434,-5.23,-1.47,-7.99
27.45,-4.86,-2.09,-9.23
27.468,-4.58,-3.08,-10.07
27.484,-4.4,-3.95,-10.37
27.501,-4.27,-4.2,-10.22
27.517,-4.17,-3.88,-9.73
27.534,-3.88,-3.17,-8.94
27.551,-3.27,-2.27,-8
27.567,-2.47,-1.44,-6.98
27.584,-1.39,-0.73,-5.76
27.601,-0.42,-0.24,-4.15
27.618,-0.38,-0.23,-0.29
27.649,0.1,-0.13,1.76
27.665,0.49,-0.22,3.72
27.683,2.1,0.57,7.76
27.716,2.22,1.54,9.54
27.733,1.54,3.31,9.95
27.749,2.11,3.5,8.58
27.783,3.27,2.59,5.87
27.803,4.2,2.54,5.69
27.819,4.54,2.53,6.31
27.835,4.26,2.33,7.38
27.852,3.96,2.34,8.43
27.868,3.67,2.39,9
27.884,3.33,1.96,8.77
27.901,2.99,1.37,7.68
27.917,2.07,0.86,5.58
27.934,0.94,0.53,2.8
27.951,0.83,0.76,-0.08
27.967,-0.2,0.22,-2.5
27.984,-1.54,-0.43,-4.21
28.001,-2.11,-0.45,-5.29
28.017,-2.51,-0.36,-6.08
28.034,-2.67,-0.42,-6.69
28.051,-2.7,-0.79,-7.19
28.067,-2.78,-1.49,-7.59
28.085,-2.81,-2.28,-7.87
28.101,-2.72,-3,-8.01
28.118,-2.7,-3.56,-7.93
28.134,-2.85,-3.95,-7.7
28.151,-3.24,-4.25,-7.44
28.168,-3.75,-4.36,-7.22
28.184,-4,-4.08,-7.07
28.201,-3.09,-2.35,-6.85
28.233,-2.16,-1.24,-6.09
28.249,-1.04,0.15,-4.3
28.266,-0.33,1.91,0.04
28.299,0.05,1.95,2.04
28.316,1.52,1.18,5.93
28.333,2.07,0.8,8.13
28.366,1.97,1.04,11.13
28.383,1.99,1.74,10.7
28.399,2.11,2.13,9.13
28.419,2.39,2.19,7.27
28.435,2.88,1.97,5.67
28.451,3.4,1.71,4.6
28.468,3.7,1.54,4.15
28.485,3.73,1.52,4.25
28.502,3.75,1.72,4.75
28.518,3.63,1.99,5.43
28.535,3.27,2.24,6.03
28.552,2.78,2.48,6.31
28.567,2.26,2.53,6.07
28.584,1.84,2.26,5.22
28.601,1.35,1.82,3.85
28.617,0.59,1.15,2
28.634,-0.17,0.22,-0.03
28.651,-0.27,-0.51,-1.91
28.668,-1,-1.44,-3.41
28.684,-1.88,-2.12,-4.42
28.701,-2.39,-2.27,-5.17
28.717,-2.68,-2.31,-5.78
28.734,-2.87,-2.53,-6.23
28.751,-2.97,-2.81,-6.53
28.767,-3.04,-3.02,-6.73
28.784,-3.14,-3.06,-6.96
28.801,-3.16,-2.93,-7.27
28.817,-2.96,-2.85,-7.6
28.834,-2.86,-2.94,-7.82
28.851,-3.07,-3.45,-7.89
28.883,-3.18,-3.52,-7.71
28.899,-3.22,-3.28,-7.4
28.918,-2.63,-1.8,-6.57
28.934,-1.75,-0.71,-5.47
28.951,-0.87,0.31,-3.43
28.967,-0.56,1.08,-0.96
28.985,-0.28,1.76,1.74
29.001,0.51,2.17,4.47
29.018,1.15,1.98,6.91
29.034,1.43,1.51,8.93
29.051,1.69,1.25,10.49
29.068,1.89,1.22,11.15
29.084,1.71,1.53,10.6
29.101,1.41,2.03,9.1
29.117,1.61,2.22,7.23
29.134,2.04,1.95,5.47
29.151,2.24,1.44,4.26
29.168,2.36,1.03,3.79
29.185,2.6,1,4.03
29.201,2.88,1.26,4.68
29.218,2.67,1.4,5.39
29.234,2.49,1.56,5.92
29.251,2.56,1.81,6.02
29.268,2.45,1.8,5.57
29.285,2.2,1.42,4.6
29.301,2.13,0.86,3.16
29.317,1.69,0.19,1.35
29.334,0.71,-0.57,-0.69
29.351,0.36,-1.06,-2.73
29.368,-0.12,-1.99,-4.48
29.384,-1.13,-2.97,-5.76
29.401,-1.78,-3.18,-6.56
29.417,-2.25,-3.03,-6.92
29.434,-3.19,-2.51,-6.99
29.465,-3.6,-2.32,-7.03
29.482,-3.83,-2.28,-7.21
29.498,-3.76,-2.28,-7.5
29.515,-3.44,-2.32,-7.84
29.532,-3,-2.38,-8.11
29.548,-2.67,-2.55,-8.24
29.565,-2.54,-2.76,-8.08
29.585,-2.35,-2.42,-7.79
29.602,-1.88,-1.8,-7.32
29.618,-1.19,-0.98,-6.5
29.635,-0.55,0.05,-5.14
29.652,-0.33,1.01,-3.26
29.668,-0.3,1.74,-1.07
29.684,0.09,2.05,1.4
29.701,0.5,1.73,3.78
29.718,0.74,1.05,5.87
29.734,0.79,0.41,8
29.751,1.07,0.57,10.12
29.768,1.15,1.08,11.69
29.785,1.15,1.6,12.17
29.801,1.35,1.88,11.53
29.818,1.44,1.9,10.09
29.834,1.47,1.63,8.18
29.851,1.6,1.15,6.17
29.868,1.68,0.7,4.5
29.884,2.04,0.72,3.48
29.901,2.22,1,3.17
29.918,1.99,1.38,3.49
29.935,1.65,1.95,4.26
29.951,1.25,2.39,5.08
29.968,0.83,2.41,5.51
29.984,0.78,2.04,5.29
30.001,0.95,1.31,4.32
30.018,0.98,-0.89,0.33
30.049,0.97,-1.92,-2.01
30.066,0.65,-2.69,-4.04
30.085,-1.18,-3,-6.63
30.116,-1.87,-2.49,-7.2
30.132,-2.31,-2.09,-7.47
30.152,-2.4,-1.95,-7.45
30.168,-2.23,-2.15,-7.4
30.185,-1.99,-2.4,-7.39
30.201,-1.72,-2.63,-7.4
30.218,-1.5,-2.94,-7.41
30.235,-1.47,-3.3,-7.39
30.251,-1.63,-3.6,-7.35
30.268,-1.84,-3.7,-7.28
30.285,-1.92,-3.39,-7.06
30.301,-1.76,-2.69,-6.5
30.318,-1.55,-1.75,-5.5
30.335,-1.35,-0.85,-4.04
30.351,-1.13,0.1,-2.14
30.368,-0.7,1.07,-0.01
30.385,-0.22,1.65,2.16
30.401,0.28,1.81,4.41
30.418,0.56,1.74,6.69
30.435,0.59,1.7,8.88
30.451,0.85,1.42,10.76
30.468,1.3,1.37,11.69
30.484,1.56,1.55,11.41
30.501,1.55,1.76,10.29
30.518,1.69,1.97,8.68
30.534,2.34,2.13,6.9
30.551,2.76,1.82,5.26
30.568,2.94,1.37,4.13
30.584,3.19,1.24,3.59
30.601,3.32,1.44,3.58
30.618,3.15,1.86,4
30.634,2.73,2.32,4.68
30.651,2.2,2.64,5.34
30.668,1.27,2.59,5.34
30.699,1.18,2,4.35
30.718,1.23,-0.73,0.87
30.735,1.42,-2.32,-0.96
30.766,1.35,-4.01,-2.48
30.782,0.04,-5.59,-4.01
30.799,-0.73,-5.31,-4.22
30.832,-2.3,-5.15,-4.56
30.849,-2.95,-4.84,-5.02
30.866,-3.41,-4.15,-5.71
30.882,-3.73,-3.3,-6.46
30.898,-3.9,-2.69,-7.13
30.915,-4.18,-2.43,-7.53
30.933,-3.95,-2.59,-7.9
30.949,-3.57,-3.01,-8.13
30.966,-3.21,-3.51,-8.22
30.982,-2.77,-3.82,-8.2
30.998,-2.41,-3.86,-7.97
31.015,-2.05,-3.42,-7.2
31.032,-1.36,-2.31,-5.73
31.048,-0.9,-1.04,-3.6
31.065,-0.82,0.25,-1.01
31.083,-0.64,1.68,1.71
31.102,-0.44,2.66,4.36
31.118,-0.22,2.9,6.81
31.135,0,2.89,9.15
31.151,0.03,2.89,11.09
31.168,-0.01,2.88,12.08
31.185,-0.1,2.9,11.72
31.201,-0.04,2.91,10.33
31.218,0.42,2.73,8.59
31.235,1.17,2.35,6.82
31.251,2.26,1.18,4.06
31.283,2.71,0.59,3.32
31.299,3.37,0.41,3.05
31.316,3.67,0.52,3.19
31.332,3.6,0.87,3.62
31.349,3.53,1.43,4.11
31.366,2.99,1.87,4.33
31.383,2.67,1.58,3.71
31.416,1.68,-0.7,0.98
31.432,0.9,-2.42,-0.61
31.449,0.49,-3.57,-2.03
31.466,-0.43,-4.39,-3.11
31.482,-1.46,-4.54,-3.74
31.499,-2.43,-4.28,-4.06
31.516,-3.5,-4.12,-4.19
31.533,-4.32,-3.93,-4.35
31.549,-4.73,-3.44,-4.63
31.566,-4.9,-2.7,-5.01
31.582,-4.86,-1.97,-5.44
31.602,-4.7,-1.53,-5.82
31.618,-4.56,-1.53,-6.05
31.635,-4.29,-1.81,-6.2
31.651,-3.96,-2.17,-6.25
31.668,-3.72,-2.48,-6.11
31.685,-3.54,-2.58,-5.82
31.701,-3.17,-2.22,-5.37
31.718,-2.53,-1.44,-4.67
31.735,-1.83,-0.51,-3.61
31.751,-1.42,0.31,-2.22
31.768,-1.1,1.16,-0.53
31.785,-0.28,2.07,1.41
31.801,0.46,2.48,3.5
31.818,0.69,2.36,5.55
31.835,0.5,2.19,7.49
31.851,0.39,1.92,8.98
31.868,0.5,1.48,9.66
31.884,0.55,1.21,9.44
31.901,0.79,1.06,7.46
31.933,1.25,0.83,6.31
31.949,1.67,0.5,5.3
31.966,2.21,0.08,4.14
31.999,2.32,0.24,4
32.016,2.14,1.02,4.44
32.033,1.96,1.34,4.79
32.066,1.57,1.34,4.71
32.083,1.67,1.07,3.88
32.099,1.7,0.4,2.47
32.116,1.46,-0.77,0.75
32.132,1.12,-2.11,-1.14
32.152,0.72,-3.09,-3.06
32.168,-0.14,-3.54,-4.71
32.185,-1.26,-3.28,-6.05
32.201,-2.2,-2.32,-7.05
32.218,-2.93,-1.25,-7.62
32.234,-3.48,-0.55,-7.77
32.251,-3.65,-0.38,-7.61
32.268,-3.39,-0.64,-7.31
32.285,-2.7,-1.16,-6.99
32.301,-1.94,-1.67,-6.6
32.318,-1.28,-2.19,-6.2
32.334,-0.8,-2.67,-5.88
32.351,-0.64,-3.04,-5.67
32.368,-0.84,-3.27,-5.49
32.384,-1.12,-3.2,-5.34
32.401,-1.28,-2.89,-5.19
32.418,-1.28,-2.36,-4.86
32.435,-1.17,-1.6,-4.21
32.451,-0.92,-0.63,-3.17
32.468,-0.72,0.35,-1.71
32.485,-0.6,2.09,2.14
32.516,-0.37,2.61,4.27
32.533,-0.38,2.59,6.4
32.549,-0.49,2.22,8.24
32.566,-0.43,1.71,9.38
32.583,-0.15,1.33,9.6
32.599,0.81,0.97,7.95
32.616,1.37,0.64,6.77
32.649,2.28,-0.38,4.53
32.666,2.65,-0.69,3.7
32.683,3.15,-0.57,3.12
32.699,3.42,-0.22,2.76
32.716,3.21,0.12,2.61
32.733,2.97,0.6,2.62
32.749,2.84,1.09,2.65
32.766,2.56,1.3,2.64
32.783,2.3,1.3,2.48
32.799,2.1,1.37,1.96
32.816,1.67,1.21,1
32.835,1.06,0.53,-0.19
32.852,0.64,-0.21,-1.55
32.868,0.29,-0.89,-2.8
32.885,-0.21,-1.7,-3.77
32.901,-0.73,-2.35,-4.39
32.918,-1.27,-2.84,-4.63
32.935,-1.71,-3.14,-4.63
32.952,-2.03,-3.22,-4.54
32.968,-2.25,-3.08,-4.48
32.985,-2.34,-2.8,-4.49
33.002,-2.33,-2.49,-4.59
33.018,-2.31,-2.19,-4.73
33.035,-2.34,-2.11,-4.83
33.052,-2.32,-2.18,-4.84
33.068,-2.23,-2.53,-4.73
33.104,-2.14,-2.57,-4.6
33.115,-1.99,-2.42,-4.41
33.133,-1.76,-2.13,-4.15
33.149,-1.34,-1.67,-3.73
33.166,-0.82,-1.08,-3.03
33.183,-0.36,-0.41,-1.97
33.199,0.48,1,1.17
33.233,1.01,1.5,3.06
33.249,1.04,1.25,6.67
33.266,1,1.24,7.93
33.299,0.75,1.32,8.48
33.316,0.74,1.33,7.91
33.333,0.95,1.38,6.99
33.349,1.24,1.43,5.97
33.366,1.53,1.41,4.99
33.386,1.75,1.26,4.2
33.402,1.89,1.06,3.68
33.418,2.08,0.99,3.39
33.435,2.24,0.99,3.29
33.452,2.25,1.05,3.35
33.468,2.1,1.16,3.5
33.485,1.78,1.22,3.55
33.501,1.47,1.22,3.35
33.518,1.27,1.15,2.73
33.535,1.11,0.85,1.64
33.551,0.97,0.14,0.34
33.568,0.9,-0.88,-1.06
33.585,0.88,-1.88,-2.47
33.601,0.59,-2.7,-3.62
33.618,0.09,-3.24,-4.32
33.635,-0.29,-3.45,-4.55
33.651,-0.68,-3.45,-4.52
33.668,-1.27,-3.36,-4.44
33.685,-1.87,-3.1,-4.51
33.702,-2.23,-2.72,-4.69
33.718,-2.54,-2.24,-5.2
33.748,-2.63,-2.33,-5.46
33.766,-2.77,-2.54,-5.67
33.783,-3.19,-2.9,-5.78
33.816,-3.34,-2.93,-5.71
33.833,-3.03,-2.53,-5.48
33.849,-2.36,-1.82,-5.22
33.882,-0.26,0.74,-2.95
33.899,0.03,1.58,-1.01
33.916,0.09,2.17,1.24
33.933,0.52,2.74,3.71
33.949,0.69,2.89,6.03
33.966,0.64,2.78,8.01
33.983,0.38,2.65,9.34
33.999,0.16,2.66,9.77
34.016,0.36,2.74,9.35
34.033,0.92,2.62,8.39
34.049,1.43,2.26,7.29
34.066,1.71,1.76,6.16
34.085,2.02,1.27,5.03
34.101,2.46,0.91,4.13
34.118,2.83,0.72,3.56
34.135,3.1,0.73,3.35
34.152,3.16,0.86,3.48
34.168,3.02,1.1,3.85
34.185,2.78,1.4,4.32
34.201,2.37,1.53,4.56
34.218,1.97,1.34,4.22
34.235,1.76,0.83,3.12
34.251,1.49,-0.12,1.41
34.268,1.32,-1.36,-0.55
34.285,1.38,-2.51,-2.53
34.301,-0.08,-4.46,-5.19
34.333,-0.66,-4.4,-5.52
34.349,-1.49,-4.12,-5.34
34.366,-2.55,-3.82,-4.98
34.383,-3.4,-3.43,-4.61
34.399,-3.98,-3.11,-4.4
34.416,-4.3,-2.91,-4.4
34.433,-4.16,-2.69,-4.75
34.466,-4,-2.71,-4.99
34.483,-4.13,-3.05,-5.2
34.499,-4.18,-3.06,-5.2
34.533,-3.45,-2.13,-4.91
34.548,-2.44,-1.16,-4.28
34.565,-1.46,-0.09,-3.2
34.586,-1.07,0.8,-1.77
34.602,-0.64,1.63,-0.02
34.619,0.1,2.31,1.92
34.635,0.67,2.36,3.81
34.652,0.99,2.03,5.61
34.668,1.23,1.76,7.29
34.685,1.4,1.7,8.58
34.701,1.37,1.88,9.18
34.718,1.43,2.2,8.96
34.735,1.77,2.37,8.14
34.752,2.12,2.25,6.99
34.768,2.35,1.92,5.73
34.785,2.65,1.57,4.53
34.802,3.16,1.3,3.56
34.818,3.56,1.1,2.92
34.835,3.65,0.96,2.66
34.852,3.69,1.07,2.76
34.868,3.76,1.53,3.13
34.885,3.57,1.99,3.63
34.901,3.05,2.2,4.01
34.918,2.57,2.17,3.94
34.935,2.14,1.64,3.14
34.951,0.82,-1.34,-0.08
34.983,0.69,-2.56,-1.79
34.999,0.08,-3.73,-3.13
35.016,-1.39,-4.61,-4.38
35.049,-2.16,-4.52,-4.51
35.066,-3.43,-3.68,-4.61
35.083,-3.78,-3.14,-4.69
35.116,-4.13,-2.32,-5.16
35.132,-4.04,-2.07,-5.52
35.149,-3.87,-2.03,-5.89
35.166,-3.78,-2.15,-6.21
35.183,-3.8,-2.32,-6.43
35.199,-3.82,-2.36,-6.55
35.215,-3.71,-2.14,-6.52
35.235,-3.41,-1.6,-6.25
35.251,-2.88,-0.59,-5.64
35.268,-2.23,0.71,-4.57
35.285,-1.87,1.75,-3.12
35.302,-1.72,2.46,-1.44
35.318,-1.27,2.83,0.44
35.335,-0.74,2.49,2.24
35.351,-0.37,1.76,3.97
35.368,-0.18,1.11,5.69
35.385,-0.16,0.67,7.22
35.402,-0.1,0.41,8.34
35.418,0.36,0.26,8.85
35.435,1.22,0.23,8.77
35.452,2.14,0.16,8.28
35.468,2.85,-0.12,7.61
35.485,3.36,-0.51,6.81
35.502,3.81,-0.74,5.84
35.518,4.45,-0.61,4.76
35.535,4.95,0,3.32
35.566,4.84,0.47,3.05
35.583,4.66,0.95,3
35.599,4.22,1.26,3.09
35.615,3.58,1.4,3.21
35.635,1.66,0.75,2.37
35.652,0.72,-0.35,1.16
35.668,0.37,-1.37,-0.42
35.685,-0.21,-2.66,-2.07
35.702,-0.98,-3.65,-3.47
35.719,-1.73,-3.96,-4.34
35.735,-2.52,-3.8,-4.7
35.752,-3.29,-3.48,-4.67
35.768,-4.03,-3.15,-4.48
35.785,-4.54,-2.76,-4.38
35.802,-4.68,-2.36,-4.44
35.818,-4.56,-2.08,-4.61
35.835,-4.31,-1.96,-4.81
35.852,-4.08,-2.03,-5.04
35.869,-3.86,-2.18,-5.24
35.885,-3.71,-2.34,-5.33
35.902,-3.54,-2.36,-5.33
35.918,-3.32,-2.15,-5.24
35.935,-2.99,-1.71,-4.99
35.952,-2.49,-0.97,-4.41
35.968,-1.71,-0.06,-3.46
35.985,-0.92,0.64,-2.08
36.002,-0.35,1.13,-0.37
36.018,0.2,1.56,1.69
36.035,0.64,1.7,3.82
36.052,0.81,1.63,5.88
36.068,0.75,1.64,7.61
36.085,0.54,1.7,8.75
36.102,0.47,1.65,9.04
36.118,0.66,1.42,8.57
36.135,1.07,1.09,7.71
36.152,1.57,0.73,6.65
36.168,2.57,0.09,4.7
36.185,2.94,-0.04,4.1
36.215,3.22,0.22,3.74
36.233,3.41,0.83,3.62
36.249,3.39,2.03,3.82
36.282,3.23,2.16,3.84
36.299,3.02,1.4,2.72
36.315,2.83,0.47,1.37
36.349,2.01,-1.9,-1.85
36.365,1.51,-2.8,-3.27
36.382,0.74,-3.54,-4.24
36.399,-0.16,-3.98,-4.64
36.415,-0.96,-4.04,-4.51
36.432,-1.89,-4.06,-4.15
36.449,-2.88,-4.07,-3.91
36.466,-3.64,-4,-3.9
36.483,-4.61,-3.44,-3.86
36.499,-5.03,-2.53,-4.07
36.519,-4.61,-2.17,-4.58
36.535,-4.58,-2.27,-5.01
36.552,-4.45,-2.42,-5.28
36.568,-4.1,-2.47,-5.39
36.585,-3.87,-2.6,-5.33
36.602,-3.7,-2.68,-5.16
36.618,-3.43,-2.58,-4.91
36.635,-2.87,-2.19,-4.56
36.652,-1.91,-1.43,-4
36.669,-0.74,-0.54,-3.05
36.685,0.02,0.13,-1.68
36.702,0.34,0.49,0.06
36.719,0.92,0.97,2.09
36.735,1.52,1.3,4.29
36.752,1.69,1.41,6.45
36.769,1.27,2.35,9.45
36.799,0.92,3.06,9.79
36.816,0.72,3.38,9.29
36.832,1.1,2.38,6.77
36.866,1.32,1.4,5.35
36.882,2.41,-0.18,3.35
36.899,3.29,-0.17,2.95
36.933,3.35,0.42,3.09
36.949,3.37,1.03,3.38
36.966,3.21,1.54,3.63
36.982,2.9,1.79,3.62
36.998,2.72,1.84,3.08
37.019,2.28,1.29,1.97
37.035,1.57,0.18,0.55
37.052,0.95,-1.1,-1.07
37.069,0.56,-2.07,-2.6
37.085,-0.18,-2.84,-3.75
37.102,-0.87,-3.13,-4.36
37.119,-1.22,-3.03,-4.44
37.135,-1.63,-3.03,-4.18
37.152,-2.31,-3.14,-3.92
37.169,-2.88,-3.06,-3.77
37.185,-3.2,-2.81,-3.8
37.202,-3.37,-2.61,-4
37.219,-3.41,-2.51,-4.26
37.235,-3.46,-2.49,-4.52
37.252,-3.55,-2.51,-4.74
37.269,-3.68,-2.55,-4.92
37.285,-3.77,-2.54,-5.11
37.302,-3.74,-2.5,-5.33
37.323,-3.21,-2.3,-5.51
37.349,-2.32,-1.79,-5.17
37.365,-0.68,-0.68,-4.28
37.382,0.57,0.3,-2.76
37.399,0.87,0.92,-0.78
37.416,0.95,1.52,1.55
37.432,1.08,1.86,3.8
37.449,1.18,1.87,5.68
37.466,1.28,1.94,7.14
37.483,0.85,2.17,8.43
37.516,0.58,2.27,8.11
37.532,1.1,2.35,6.29
37.549,1.63,2.14,5.24
37.582,2.41,1.2,3.27
37.599,2.75,0.64,2.59
37.615,3.13,0.16,2.14
37.636,3.57,-0.1,1.92
37.652,3.87,-0.08,1.94
37.669,3.92,0.04,2.14
37.685,3.88,0.22,2.37
37.702,3.9,0.53,2.5
37.719,3.81,0.8,2.44
37.735,3.25,0.34,2.1
37.752,2.39,-0.74,1.58
37.769,1.46,-1.87,0.75
37.785,0.43,-2.72,-0.18
37.802,-0.72,-3.04,-1.07
37.819,-1.74,-2.76,-1.79
37.835,-2.59,-2.12,-2.4
37.852,-3.18,-1.32,-2.94
37.869,-3.63,-0.73,-3.43
37.886,-3.85,-0.48,-3.88
37.902,-3.77,-0.56,-4.27
37.918,-3.54,-0.93,-4.61
37.935,-3.25,-1.47,-4.88
37.952,-2.94,-2.08,-5.04
37.969,-2.72,-2.71,-5.11
37.986,-2.82,-3.75,-5.05
38.002,-2.97,-3.99,-5.04
38.032,-3.06,-4.06,-5.07
38.049,-2.94,-3.87,-5.16
38.066,-1.16,-1.81,-4.62
38.099,0.09,-0.13,-3.45
38.116,0.47,0.96,-1.84
38.132,0.95,2.47,1.99
38.166,1.24,2.88,3.76
38.182,0.75,3.51,6.34
38.199,0.03,3.73,6.91
38.216,-0.55,3.78,6.94
38.232,-0.67,3.68,6.58
38.249,-0.4,3.39,5.96
38.266,0.07,2.94,5.24
38.282,0.54,2.38,4.52
38.299,0.99,1.8,3.92
38.316,1.5,1.3,3.49
38.333,2.09,0.94,3.24
38.349,2.51,0.71,3.16
38.374,2.67,0.5,3.24
38.385,2.62,0.27,3.41
38.402,2.57,0.2,3.63
38.419,2.62,0.47,3.84
38.436,2.52,0.86,3.85
38.452,1.91,0.94,3.25
38.469,1.16,0.44,2.27
38.486,0.55,-0.2,0.96
38.502,0.17,-0.42,-0.38
38.519,-0.15,-0.33,-1.61
38.536,-0.42,-0.28,-2.6
38.552,-0.81,-0.45,-3.36
38.569,-1.2,-0.62,-3.76
38.586,-2.14,-1.18,-3.93
38.616,-2.38,-1.44,-4.04
38.633,-2.33,-1.62,-4.3
38.649,-2.15,-1.83,-4.68
38.666,-2.01,-2.14,-5.07
38.683,-1.93,-2.55,-5.43
38.699,-1.92,-3.04,-5.73
38.716,-2.12,-4,-6.15
38.749,-2.24,-4.38,-6.2
38.766,-2.22,-4,-5.83
38.782,-1.75,-2.57,-5.18
38.816,-0.27,0.88,-2.31
38.832,-0.05,1.64,-0.38
38.849,0.21,2.11,1.74
38.869,0.64,2.36,3.86
38.886,0.86,2.34,5.71
38.902,0.7,2.25,7.09
38.919,0.36,2.15,7.86
38.936,0.17,1.98,7.95
38.952,0.35,1.96,7.47
38.969,0.92,2.1,6.65
38.986,1.54,2.15,5.66
39.002,2.03,1.95,4.71
39.019,2.51,1.73,3.94
39.036,3.03,1.6,3.42
39.053,3.42,1.51,3.13
39.069,3.6,1.47,3.08
39.086,3.53,1.48,3.17
39.102,3.34,1.47,3.35
39.119,3.13,1.51,3.45
39.136,2.96,1.41,3.36
39.152,2.72,1.01,2.85
39.169,2.29,0.26,1.85
39.186,1.78,-0.62,0.63
39.202,1.31,-1.33,-0.71
39.219,-0.38,-2.96,-2.89
39.236,-1.37,-3.36,-3.61
39.266,-2.21,-3.35,-4.02
39.282,-3.01,-3.24,-4.2
39.299,-4.27,-2.75,-4.35
39.333,-4.56,-2.35,-4.5
39.348,-4.61,-1.96,-4.73
39.37,-4.2,-1.66,-5.29
39.386,-3.94,-1.87,-5.43
39.402,-3.7,-2.18,-5.47
39.424,-3.46,-2.47,-5.48
39.436,-3.18,-2.6,-5.47
39.452,-2.81,-2.52,-5.43
39.469,-2.32,-2.17,-5.31
39.486,-1.67,-1.48,-4.85
39.502,-0.94,-0.55,-3.96
39.519,-0.37,0.45,-2.57
39.536,0.04,1.39,-0.7
39.552,0.39,2.05,1.48
39.569,0.65,2.14,3.71
39.586,0.68,1.91,5.75
39.602,0.4,1.82,7.43
39.619,0.11,1.88,8.64
39.636,-0.07,1.62,9.16
39.653,0.12,1.21,9.1
39.669,0.73,0.94,8.53
39.686,1.51,0.73,7.63
39.702,2.05,0.41,6.63
39.719,2.18,0,5.74
39.736,2.03,-0.37,4.94
39.753,2.09,-0.44,4.15
39.769,2.83,0.15,3.47
39.786,2.93,0.49,3.05
39.803,2.39,0.54,2.91
39.819,1.91,1.22,2.95
39.848,1.44,1.02,2.73
39.87,0.72,0.29,1
39.886,0.48,-0.2,-0.18
39.916,0.27,-0.74,-1.52
39.932,0.03,-1.18,-2.8
39.949,-0.29,-1.63,-4.62
39.982,-0.26,-1.85,-5.16
39.999,-0.6,-2.73,-5.52
40.016,-0.91,-2.9,-5.42
40.049,-1.42,-2.55,-5.37
40.066,-1.64,-2.41,-5.44
40.082,-1.73,-2.32,-5.55
40.099,-1.76,-2.4,-5.61
40.116,-1.81,-2.67,-5.54
40.132,-1.84,-3.04,-5.27
40.149,-1.8,-3.36,-4.94
40.166,-1.63,-3.62,-4.62
40.182,-1.38,-3.7,-4.39
40.199,-0.99,-3.46,-4.21
40.216,-0.44,-2.86,-3.8
40.232,0.35,-1.83,-2.82
40.253,0.88,-0.69,-1.28
40.269,1.05,0.46,0.59
40.286,1.68,2.03,2.57
40.303,2.11,3.2,4.58
40.319,2.04,3.89,6.43
40.336,1.66,4.52,7.84
40.353,0.99,4.87,8.53
40.369,0.43,4.76,8.48
40.386,0.25,4.33,7.82
40.403,0.59,2.97,5.52
40.433,1.12,2.25,4.21
40.449,1.76,1.52,3.04
40.466,2.37,0.9,2.22
40.482,2.91,0.49,1.79
40.503,3.43,0.3,2.07
40.52,3.31,0.47,2.61
40.536,3.1,0.76,3.16
40.553,3.06,1.21,3.61
40.57,3.03,1.56,3.86
40.586,2.59,1.33,3.62
40.603,1.95,0.74,2.87
40.619,1.45,0.03,1.79
40.636,0.89,-0.79,0.73
40.653,0.27,-1.31,-0.11
40.669,-0.31,-1.34,-0.64
40.686,-0.97,-1.26,-0.99
40.703,-1.59,-1.18,-1.25
40.719,-2.26,-1.31,-1.46
40.736,-3.01,-1.59,-1.7
40.753,-3.51,-1.6,-2.05
40.769,-3.72,-1.3,-2.55
40.786,-3.83,-0.99,-3.18
40.803,-3.85,-0.99,-3.84
40.819,-3.77,-1.38,-4.44
40.836,-3.73,-2.05,-4.94
40.853,-3.72,-2.73,-5.36
40.869,-3.73,-3.33,-5.75
40.886,-3.79,-3.87,-6.1
40.903,-3.83,-4.25,-6.42
40.92,-3.75,-4.29,-6.73
40.936,-3.4,-3.64,-6.79
40.953,-2.55,-2.12,-6.18
40.969,-1.59,-0.26,-4.87
40.986,-0.87,1.5,-2.97
41.003,-0.4,2.78,-0.74
41.019,-0.13,3.08,1.51
41.036,0.14,2.05,5.15
41.053,0.23,1.65,6.47
41.083,0.19,1.35,7.23
41.099,0.09,1.48,7.34
41.116,0.1,1.97,6.92
41.132,0.25,2.54,6.15
41.149,0.56,2.96,5.2
41.165,0.95,3.06,4.2
41.182,1.51,2.2,2.83
41.215,1.8,1.59,2.52
41.232,2.36,0.93,2.51
41.249,2.29,0.8,2.68
41.283,2.25,0.85,3.03
41.299,2.3,1.04,3.03
41.316,2.18,1.35,2.61
41.332,2,1.44,2.01
41.349,1.64,0.78,1.14
41.365,1.24,-0.36,0.12
41.386,0.59,-1.59,-0.88
41.403,-0.27,-2.36,-1.6
41.42,-1.29,-2.7,-2.08
41.436,-2.2,-2.73,-2.4
41.453,-2.6,-2.39,-2.67
41.47,-2.77,-1.84,-3.02
41.486,-3.06,-1.38,-3.47
41.503,-3.25,-0.95,-4.04
41.52,-3,-0.63,-4.69
41.541,-2.26,-1,-5.74
41.566,-2.04,-1.66,-5.98
41.582,-1.82,-2.21,-6.04
41.599,-1.65,-2.56,-5.97
41.616,-1.61,-2.8,-5.79
41.632,-1.63,-2.97,-5.53
41.649,-1.63,-3.02,-5.29
41.666,-1.51,-2.68,-5
41.682,-1.17,-1.74,-4.46
41.699,-0.64,-0.39,-3.62
41.715,-0.17,0.82,-2.37
41.736,0.57,2,1.4
41.753,0.77,1.5,3.16
41.769,0.83,0.68,4.7
41.786,0.91,0.25,5.95
41.803,0.96,0.33,6.73
41.82,0.86,0.61,6.99
41.836,0.75,0.98,6.82
41.853,0.71,1.59,6.31
41.87,0.75,2.3,5.68
41.886,0.92,2.9,5.04
41.903,1.21,3.17,4.38
41.92,1.64,3.14,3.69
41.936,2.21,2.88,3.03
41.953,2.72,2.42,2.58
41.97,3.01,1.83,2.43
41.987,3.06,1.22,2.45
42.003,3.19,0.8,2.58
42.02,3.75,0.83,2.88
42.036,3.84,1.01,3.15
42.053,3.12,1.15,3.01
42.07,2.2,0.99,2.64
42.086,1.32,0.43,2.09
42.103,0.69,-0.22,1.57
42.119,0.14,-0.88,1.01
42.136,-0.37,-1.57,0.51
42.153,-0.87,-2.26,0.08
42.17,-1.36,-2.75,-0.28
42.186,-1.84,-2.95,-0.6
42.203,-2.27,-2.86,-0.96
42.22,-2.9,-2.01,-1.86
42.249,-3.12,-1.49,-2.35
42.266,-3.26,-1.04,-2.82
42.282,-3.3,-0.72,-3.27
42.299,-3.18,-0.55,-3.66
42.316,-2.93,-0.58,-4
42.332,-2.61,-0.82,-4.24
42.349,-2.34,-1.22,-4.36
42.366,-2.17,-1.79,-4.44
42.382,-2.13,-2.52,-4.51
42.399,-2.15,-3.27,-4.56
42.416,-0.94,-3.18,-3.71
42.449,1.71,-1.22,-0.86
42.465,2.63,-0.53,0.8
42.482,3.31,-0.73,2
42.515,5.29,-2.62,2.98
42.532,5.9,-3.7,3.14
42.551,5.87,-4.4,3.26
42.57,5.21,-4.56,3.39
42.586,3.9,-4.18,3.47
42.603,2.22,-3.48,3.44
42.62,0.34,-2.76,3.2
42.636,-1.5,-2.18,2.73
42.653,-3.06,-1.81,2.06
42.67,-4.19,-1.62,1.34
42.686,-4.82,-1.56,0.68
42.703,-4.99,-1.65,0.15
42.72,-4.78,-1.94,-0.25
42.736,-3.68,-2.39,-0.55
42.753,-0.92,-2.18,-0.66
42.77,0.68,-1.65,-0.64
42.787,0.93,-1.85,-0.58
42.803,0.49,-2.15,-0.37
42.82,0.07,-2.39,-0.09
42.836,0.42,-2.38,0.29
42.853,1.4,-2.02,0.81
42.87,1.66,-1.53,1.91
42.899,1.05,-1.24,2.36
42.916,0.5,-0.84,2.63
42.932,0.24,-0.34,2.7
42.949,0.14,0.12,2.58
42.966,0.06,0.41,2.32
42.982,-0.03,0.5,1.96
42.999,-0.18,0.3,1.29
43.02,-0.29,0.14,0.99
43.037,-0.41,0.02,0.73
43.053,-0.48,-0.09,0.53
43.071,-0.44,-0.16,0.39
43.086,-0.36,-0.27,0.38
43.104,-0.29,-0.33,0.5
43.132,-0.17,-0.12,0.74
43.165,0.14,0.15,0.82
43.182,0.13,-0.29,0.83
43.199,0.07,-0.85,0.82
43.215,0.26,-0.86,0.76
43.237,0.23,-0.46,0.65
43.253,-0.07,-0.12,0.45
43.27,-0.29,0.23,0.31
43.286,-0.42,0.54,0.26
43.303,-0.48,0.76,0.27
43.32,-0.54,0.82,0.29
43.337,-0.57,0.75,0.33
43.353,-0.55,0.59,0.38
43.37,-0.47,0.4,0.38
43.386,-0.38,0.26,0.35
43.403,-0.31,0.17,0.31
43.42,-0.24,0.06,0.27
43.436,-0.19,-0.12,0.24
43.453,-0.16,-0.3,0.25
43.47,-0.13,-0.38,0.28
43.487,-0.13,-0.37,0.3
43.503,-0.14,-0.16,0.43
43.532,-0.13,-0.07,0.48
43.549,-0.1,-0.03,0.53
43.566,-0.06,-0.04,0.6
43.582,-0.06,-0.01,0.59
43.604,-0.1,-0.04,0.58
43.615,-0.11,-0.1,0.54
43.637,-0.07,-0.15,0.39
43.653,-0.06,-0.2,0.37
43.67,-0.03,-0.3,0.38
43.687,0.03,-0.41,0.43
43.703,0.14,-0.48,0.48
43.72,0.2,-0.45,0.53
43.737,0.22,-0.36,0.55
43.753,0.27,-0.33,0.54
43.77,0.34,-0.4,0.54
43.786,0.44,-0.49,0.55
43.803,0.51,-0.48,0.55
43.82,0.5,-0.37,0.47
43.836,0.47,-0.29,0.39
43.853,0.45,-0.27,0.36
43.87,0.43,-0.26,0.39
43.887,0.4,-0.28,0.44
43.903,0.35,-0.3,0.49
43.92,0.26,-0.28,0.51
43.938,0.19,-0.26,0.51
43.953,0.13,-0.28,0.49
43.97,0.08,-0.3,0.44
43.988,0.06,-0.32,0.39
44.004,0.06,-0.34,0.34
44.023,0.04,-0.34,0.29
44.037,0.05,-0.33,0.26
44.054,0.05,-0.29,0.24
44.07,0.03,-0.25,0.24
44.087,-0.01,-0.24,0.24
44.103,-0.05,-0.2,0.25
44.12,-0.06,-0.13,0.25
44.137,-0.07,-0.09,0.25
44.154,-0.09,-0.06,0.24
44.182,-0.09,-0.06,0.23
44.199,-0.07,-0.1,0.22
44.216,-0.02,-0.15,0.2
44.231,0.05,-0.23,0.19
44.254,0.13,-0.36,0.21
44.27,0.12,-0.38,0.24
44.287,0.12,-0.38,0.27
44.303,0.14,-0.38,0.29
44.32,0.2,-0.42,0.29
44.337,0.28,-0.48,0.27
44.353,0.34,-0.56,0.22
44.37,0.36,-0.63,0.2
44.387,0.37,-0.61,0.2
44.403,0.39,-0.51,0.16
44.42,0.4,-0.37,0.06
44.436,0.42,-0.24,-0.02
44.453,0.46,-0.12,-0.04
44.47,0.5,0.02,-0.01
44.487,0.47,0.18,0.06
44.503,0.36,0.31,0.17
44.52,0.2,0.43,0.29
44.537,0.07,0.47,0.41
44.553,0.02,0.42,0.51
44.57,0,0.24,0.58
44.587,-0.01,-0.02,0.6
44.603,-0.04,-0.26,0.6
44.62,-0.08,-0.42,0.58
44.637,-0.16,-0.46,0.54
44.658,-0.33,-0.33,0.42
44.682,-0.36,-0.24,0.36
44.698,-0.3,-0.16,0.33
44.716,-0.16,-0.09,0.34
44.732,0,0,0.38
44.753,0.13,0.17,0.45
44.77,0.22,0.42,0.51
44.787,0.26,0.89,0.54
44.803,0.24,1.01,0.49
44.833,0.26,0.96,0.41
44.849,0.3,0.76,0.32
44.866,0.36,0.23,0.14
44.899,0.34,-0.01,0.05
44.915,0.18,-0.26,-0.06
44.932,0.07,-0.27,-0.09
44.966,-0.13,-0.19,-0.09
44.982,-0.2,-0.12,-0.07
44.999,-0.23,-0.06,-0.03
45.016,-0.21,-0.04,0.02
45.032,-0.17,-0.06,0.05
45.049,-0.17,0.03,0.07
45.066,-0.21,0.22,0.08
45.087,-0.16,0.24,0.03
45.103,-0.01,0.09,-0.04
45.12,0.17,-0.16,-0.07
44.121,-0.07,-0.09,0.25
44.136,-0.08,-0.07,0.24
44.151,-0.09,-0.06,0.24
44.171,-0.09,-0.06,0.23
44.186,-0.07,-0.1,0.22
44.201,-0.02,-0.15,0.2
44.216,0.05,-0.23,0.19
44.236,0.1,-0.31,0.21
44.251,0.13,-0.36,0.21
44.266,0.12,-0.38,0.24
44.281,0.12,-0.38,0.27
44.301,0.14,-0.38,0.29
44.316,0.2,-0.42,0.29
44.331,0.28,-0.48,0.27
44.346,0.34,-0.56,0.22
44.366,0.36,-0.63,0.2
44.381,0.37,-0.61,0.2
44.396,0.39,-0.51,0.16
44.411,0.4,-0.37,0.06
44.431,0.42,-0.24,-0.02
44.446,0.46,-0.12,-0.04
44.461,0.5,0.02,-0.01
44.476,0.47,0.18,0.06
44.496,0.36,0.31,0.17
44.511,0.2,0.43,0.29
44.526,0.07,0.47,0.41
44.541,0.02,0.42,0.51
44.561,0,0.24,0.58
44.576,-0.01,-0.02,0.6
44.591,-0.04,-0.26,0.6
44.606,-0.08,-0.42,0.58
44.626,-0.16,-0.46,0.54
44.641,-0.26,-0.42,0.48
44.655,-0.33,-0.33,0.42
44.67,-0.36,-0.24,0.36
44.69,-0.3,-0.16,0.33
44.705,-0.16,-0.09,0.34
44.72,0,0,0.38
44.735,0.13,0.17,0.45
44.755,0.22,0.42,0.51
