time,ax,ay,az,atotal
0.439,0.25,0.1,-0.02,0.27
0.449,0.28,0.03,0.04,0.29
0.465,0.29,-0.01,0.14,0.32
0.47,0.33,-0.08,0.2,0.4
0.479,0.38,-0.13,0.21,0.45
0.489,0.42,-0.16,0.21,0.5
0.499,0.53,-0.25,0.24,0.63
0.509,0.64,-0.33,0.2,0.75
0.519,0.75,-0.41,0.34,0.92
0.529,0.93,-0.45,0.47,1.14
0.539,0.73,-0.47,0.42,0.96
0.549,0.37,-0.49,0.41,0.74
0.559,0.17,-0.57,0.58,0.83
0.569,0.16,-0.65,0.73,0.99
0.579,0.31,-0.74,0.58,0.99
0.589,0.53,-0.83,0.39,1.06
0.599,0.72,-0.84,0.41,1.18
0.609,0.62,-0.73,0.44,1.05
0.619,0.2,-0.54,0.6,0.84
0.632,-0.02,-0.38,0.6,0.71
0.639,0.01,-0.28,0.3,0.41
0.649,0.1,-0.24,-0.01,0.26
0.659,0.17,-0.22,-0.3,0.41
0.669,0.19,-0.21,-0.63,0.69
0.679,0.26,-0.25,-0.84,0.92
0.689,0.41,-0.28,-0.79,0.93
0.699,0.52,-0.28,-0.63,0.87
0.709,0.54,-0.29,-0.57,0.83
0.719,0.6,-0.28,-0.53,0.85
0.729,0.67,-0.27,-0.79,1.07
0.739,0.67,-0.2,-1.22,1.4
0.749,0.51,-0.13,-1.59,1.67
0.759,0.63,-0.05,-1.68,1.8
0.769,0.68,0,-1.61,1.75
0.779,0.28,0.09,-1.43,1.46
0.789,0.1,0.13,-1,1.01
0.799,0.27,0.09,-0.64,0.7
0.809,0.31,0.07,-0.49,0.58
0.819,0.07,0.16,-0.66,0.69
0.829,-0.09,0.37,-0.97,1.04
0.839,-0.21,0.49,-0.82,0.98
0.849,-0.25,0.66,-0.49,0.86
0.859,-0.22,0.91,-0.37,1.01
0.869,-0.23,1.13,-0.45,1.24
0.879,-0.29,1.19,-0.56,1.35
0.889,-0.24,1.19,-0.5,1.31
0.899,0.03,1.26,-0.42,1.32
0.909,0.38,1.26,-0.52,1.41
0.919,0.48,1.08,-0.48,1.27
0.929,0.49,0.86,-0.48,1.1
0.939,0.52,0.7,-0.64,1.08
0.949,0.57,0.59,-0.69,1.07
0.959,0.64,0.57,-0.57,1.03
0.969,0.96,0.7,-0.3,1.22
0.979,1.34,1,-0.07,1.67
0.989,1.29,1.27,-0.03,1.81
0.999,1.22,1.47,0.1,1.91
1.008,1.21,1.5,0.02,1.93
1.019,1.13,1.29,-0.14,1.72
1.029,1.12,1.06,-0.31,1.57
1.039,1.11,0.91,-0.57,1.54
1.048,1.15,0.81,-0.83,1.63
1.058,1.25,0.73,-1.04,1.79
1.068,1.34,0.74,-1.2,1.95
1.078,1.45,0.8,-1.33,2.13
1.088,1.43,0.86,-1.5,2.24
1.098,1.32,0.94,-1.81,2.43
1.108,1.29,0.97,-2.32,2.82
1.118,1.34,0.76,-2.46,2.91
1.128,1.41,0.31,-2.1,2.55
1.138,1.44,0.02,-1.25,1.91
1.148,1.38,-0.06,-0.97,1.69
1.158,1.36,-0.02,-1.56,2.07
1.168,1.34,0.06,-2.37,2.73
1.178,1.46,0.04,-2.81,3.17
1.188,1.57,-0.1,-2.9,3.3
1.198,1.66,-0.3,-2.86,3.32
1.208,1.76,-0.5,-2.84,3.38
1.218,1.91,-0.71,-2.83,3.48
1.228,2.2,-0.91,-2.96,3.8
1.238,2.48,-1.09,-3.27,4.24
1.248,2.4,-1.23,-3.45,4.38
1.258,2.27,-1.43,-3.17,4.15
1.268,2.07,-1.64,-2.49,3.63
1.282,1.85,-1.8,-1.79,3.14
1.288,1.59,-1.98,-1.43,2.92
1.298,1.29,-2.15,-1.37,2.86
1.308,1.07,-2.27,-1.41,2.88
1.318,0.85,-2.34,-1.35,2.83
1.328,0.54,-2.35,-1.14,2.67
1.338,0.2,-2.31,-0.86,2.48
1.348,-0.2,-2.25,-0.6,2.33
1.358,-0.57,-2.17,-0.41,2.28
1.368,-0.79,-2.17,-0.39,2.34
1.378,-0.86,-2.22,-0.56,2.44
1.388,-0.68,-2.2,-0.67,2.4
1.398,-0.4,-2.1,-0.64,2.23
1.408,-0.23,-1.97,-0.42,2.03
1.418,-0.2,-1.88,0.03,1.89
1.428,-0.11,-1.87,0.64,1.98
1.438,-0.07,-1.83,1.16,2.17
1.448,-0.07,-1.69,1.5,2.26
1.458,-0.01,-1.5,1.65,2.23
1.468,0.07,-1.3,1.77,2.2
1.478,0.29,-1.17,1.92,2.27
1.488,0.66,-1.16,2.04,2.44
1.498,1.03,-1.17,2.19,2.69
1.508,1.53,-1.21,2.1,2.87
1.518,1.97,-1.27,1.86,2.99
1.528,2.32,-1.19,1.75,3.14
1.538,2.69,-1.02,1.91,3.45
1.548,3.04,-0.78,2.34,3.92
1.558,3.44,-0.57,2.85,4.51
1.568,4,-0.44,3.18,5.13
1.578,4.59,-0.32,3.21,5.61
1.588,4.98,-0.14,3,5.82
1.598,5.08,0.02,2.77,5.79
1.608,5.06,0.1,2.51,5.65
1.618,4.88,0.17,2.13,5.33
1.628,4.7,0.26,1.74,5.02
1.638,4.45,0.44,1.56,4.74
1.648,4.01,0.8,1.68,4.42
1.658,3.67,1.12,2.06,4.35
1.668,3.31,1.2,2.34,4.23
1.678,2.77,1.22,2.31,3.81
1.688,2.13,1.29,2.22,3.34
1.697,1.51,1.39,2.08,2.92
1.707,0.97,1.49,2.05,2.71
1.717,0.53,1.6,2.29,2.84
1.727,0.3,1.61,2.73,3.18
1.737,0.2,1.58,3.12,3.51
1.747,0.25,1.56,3.17,3.54
1.757,0.29,1.51,2.8,3.2
1.767,0.16,1.51,2.27,2.73
1.777,-0.06,1.55,1.76,2.35
1.787,-0.27,1.58,1.42,2.14
1.797,-0.52,1.68,1.34,2.21
1.807,-0.81,1.93,1.42,2.53
1.817,-1.06,2.22,1.64,2.96
1.827,-1.28,2.5,1.87,3.37
1.837,-1.57,2.69,1.96,3.68
1.847,-1.87,2.86,2,3.96
1.857,-2.11,3,1.95,4.16
1.867,-2.37,3.17,1.95,4.41
1.877,-2.49,3.42,2.22,4.77
1.887,-2.54,3.67,2.57,5.15
1.897,-2.67,3.86,2.86,5.5
1.907,-2.94,3.98,2.99,5.78
1.917,-3.27,3.96,2.99,5.94
1.927,-3.69,3.9,2.95,6.12
1.937,-4.1,3.88,2.81,6.31
1.947,-4.44,3.93,2.58,6.46
1.957,-4.71,3.9,2.29,6.53
1.967,-4.91,3.73,1.85,6.44
1.977,-5.14,3.42,1.27,6.3
1.987,-5.65,3.2,0.72,6.53
1.997,-6.37,3.09,0.35,7.09
2.007,-6.74,3.17,0.41,7.46
2.017,-6.59,3.5,0.95,7.53
2.027,-6.08,3.84,1.44,7.33
2.037,-5.34,3.97,1.6,6.84
2.047,-4.39,3.84,1.36,5.99
2.057,-2.66,3.35,0.66,4.33
2.067,0.34,2.79,0.16,2.81
2.077,4.58,2.33,0.26,5.14
2.087,9.55,1.51,0.48,9.68
2.097,14.48,-0.03,0.46,14.49
2.107,18.56,-2.26,-0.5,18.71
2.117,21.72,-4.94,-2.75,22.44
2.127,25.12,-7.89,-5.42,26.88
2.137,28.28,-10.25,-7.27,30.94
2.147,30.25,-11.31,-7.73,33.2
2.157,30.35,-11.13,-7.07,33.09
2.167,29.51,-10.33,-4.98,31.67
2.177,27.74,-9.46,-1.39,29.34
2.187,25.47,-8.43,1.24,26.85
2.197,22.14,-7.18,0.64,23.28
2.207,17.93,-6.29,-0.57,19.01
2.217,12.99,-5.17,-0.55,13.99
2.227,7.71,-3.68,-0.18,8.55
2.237,3.36,-2.37,-0.05,4.11
2.247,-0.74,-1.14,-0.39,1.42
2.257,-4.61,-0.06,-0.75,4.67
2.267,-8.43,0.66,-0.84,8.5
2.277,-12.99,0.75,-0.71,13.03
2.287,-17.51,0,-0.37,17.51
2.297,-18.67,-1.27,0.76,18.73
2.307,-17.76,-2.08,1.91,17.99
2.317,-17.13,-1.58,1.81,17.29
2.327,-14.81,0.09,1.59,14.89
2.337,-12.12,1.58,0.87,12.25
2.347,-9.28,2.31,0.37,9.57
2.357,-6.97,2.38,0.07,7.36
2.367,-6.53,2.15,-0.7,6.91
2.377,-6.65,1.6,-1.36,6.97
2.387,-6.33,0.78,-1.32,6.51
2.397,-6.36,-0.1,-0.69,6.4
2.406,-6.83,-1.03,0.21,6.91
2.417,-7.19,-1.93,0.69,7.48
2.426,-7.44,-2.61,0.38,7.9
2.436,-7.91,-3.08,-0.48,8.5
2.446,-8.46,-3.2,-1.14,9.12
2.456,-9.18,-3,-1.1,9.72
2.466,-9.9,-2.47,-0.31,10.21
2.476,-10.5,-1.67,0.82,10.66
2.486,-10.83,-0.74,1.95,11.03
2.496,-10.78,0.14,2.66,11.1
2.506,-10.48,0.88,2.67,10.85
2.516,-10.14,1.42,2.12,10.46
2.526,-9.66,1.72,1.48,9.92
2.536,-9.17,1.75,0.99,9.39
2.546,-8.92,1.65,0.65,9.09
2.556,-9.12,1.52,0.43,9.25
2.566,-9.49,1.24,0.35,9.57
2.576,-9.81,0.91,0.45,9.86
2.586,-10.17,0.64,0.65,10.21
2.596,-10.54,0.41,0.91,10.59
2.606,-10.7,0.24,1,10.75
2.616,-10.51,0.14,0.67,10.53
2.626,-10.18,0.16,0.06,10.18
2.636,-9.52,0.3,-0.44,9.53
2.646,-8.64,0.5,-0.53,8.67
2.656,-7.98,0.63,-0.38,8.02
2.666,-7.33,0.6,-0.09,7.35
2.676,-6.23,0.33,0.12,6.24
2.686,-4.57,-0.09,0,4.57
2.696,-2.41,-0.46,-0.18,2.46
2.706,0.28,-0.62,0.14,0.7
2.716,3.57,-0.49,1.5,3.9
2.726,6.79,0.13,3.67,7.72
2.736,8.99,1.1,5.21,10.45
2.746,10.96,1.93,4.62,12.05
2.756,12.32,2.72,1.73,12.73
2.766,13.69,3.14,-1.66,14.14
2.776,14.8,3.18,-3.68,15.58
2.786,14.86,3.1,-3.7,15.63
2.796,14.66,3.26,-1.5,15.09
2.806,13.84,2.89,1.1,14.18
2.816,12.71,1.8,2.03,13
2.826,12.18,0.64,1.3,12.26
2.836,11.85,-0.2,0.23,11.85
2.846,11.4,-0.86,-0.07,11.43
2.856,10.62,-1.47,0.49,10.73
2.866,9.84,-2.12,1.34,10.15
2.876,8.98,-2.63,1.68,9.5
2.886,8,-2.78,0.99,8.53
2.896,7.17,-2.69,-0.17,7.65
2.906,6.42,-2.44,-1.24,6.98
2.916,5.63,-2,-1.84,6.25
2.926,5,-1.42,-1.91,5.54
2.936,4.35,-0.74,-1.63,4.71
2.946,3.77,-0.08,-1.18,3.95
2.956,3.36,0.47,-0.75,3.47
2.966,2.98,0.96,-0.52,3.17
2.976,2.59,1.39,-0.49,2.98
2.986,2.3,1.65,-0.65,2.9
2.996,1.96,1.72,-0.99,2.79
3.006,1.52,1.62,-1.37,2.61
3.016,1.03,1.38,-1.63,2.37
3.026,0.67,1.05,-1.72,2.13
3.036,0.3,0.69,-1.69,1.85
3.046,-0.12,0.35,-1.52,1.57
3.056,-0.47,0.05,-1.16,1.26
3.065,-0.72,-0.24,-0.63,0.99
3.076,-0.75,-0.56,-0.1,0.94
3.085,-0.78,-0.87,0.23,1.19
3.096,-0.95,-1.09,0.28,1.47
3.105,-1,-1.25,0.15,1.6
3.115,-0.81,-1.35,-0.13,1.58
3.125,-0.67,-1.32,-0.41,1.53
3.135,-0.65,-1.18,-0.54,1.45
3.145,-0.66,-1.06,-0.4,1.31
3.155,-0.68,-0.98,0.04,1.2
3.165,-0.8,-0.91,0.52,1.32
3.175,-1.12,-0.76,0.79,1.57
3.185,-1.46,-0.59,0.85,1.79
3.195,-1.53,-0.45,0.87,1.82
3.205,-1.32,-0.38,0.97,1.68
3.215,-1.07,-0.34,1.15,1.61
3.225,-0.91,-0.32,1.35,1.66
3.235,-0.87,-0.35,1.52,1.79
3.245,-0.84,-0.47,1.57,1.84
3.255,-0.89,-0.57,1.43,1.78
3.265,-1.15,-0.57,1.16,1.73
3.275,-1.52,-0.43,0.99,1.86
3.285,-1.88,-0.2,1.15,2.21
3.295,-2.21,0.1,1.58,2.72
3.305,-2.64,0.45,2.02,3.35
3.315,-3.21,0.84,2.36,4.07
3.325,-3.88,1.3,2.53,4.81
3.335,-4.59,1.86,2.57,5.58
3.345,-5.18,2.45,2.61,6.29
3.355,-5.69,3,2.66,6.97
3.365,-6.38,3.56,2.7,7.79
3.375,-7.17,4.1,2.7,8.69
3.385,-7.94,4.56,2.65,9.53
3.395,-8.58,4.88,2.53,10.19
3.405,-8.94,5.01,2.41,10.53
3.415,-9.04,4.97,2.3,10.57
3.425,-9.06,4.89,2.15,10.52
3.435,-9.03,4.74,1.97,10.38
3.445,-8.65,4.51,1.89,9.94
3.455,-7.87,4.23,1.82,9.12
3.465,-7.28,3.99,1.56,8.45
3.475,-6.88,3.84,1.14,7.96
3.485,-6.24,3.67,0.69,7.27
3.495,-5.45,3.46,0.24,6.46
3.505,-4.29,3.28,-0.09,5.4
3.515,-3.03,3.13,-0.29,4.37
3.525,-1.8,3.09,-0.5,3.61
3.535,-0.44,2.93,-0.82,3.07
3.545,1.03,2.59,-1.12,3
3.555,2.93,1.99,-1.02,3.68
3.565,5.12,1.07,-0.7,5.28
3.575,7.83,-0.09,-0.18,7.84
3.585,10.81,-1.59,-0.06,10.93
3.595,13.31,-3.35,-0.68,13.74
3.605,14.94,-5.09,-2.22,15.94
3.615,16.5,-6.56,-3.89,18.18
3.625,18.39,-7.67,-4.84,20.5
3.635,20.27,-8.67,-5.04,22.62
3.645,22.04,-9.62,-4.58,24.49
3.655,23.9,-10.44,-3.57,26.32
3.665,25.13,-10.94,-3.17,27.59
3.675,25.38,-10.83,-3.64,27.84
3.685,25.21,-10.29,-4.31,27.57
3.695,24.57,-9.53,-4.68,26.76
3.705,23.58,-8.62,-4.24,25.47
3.715,22.24,-7.8,-3.06,23.77
3.725,20.23,-7.25,-1.69,21.55
3.735,17.7,-6.85,-0.45,18.99
3.745,15.07,-6.43,0.72,16.4
3.755,12.02,-5.81,1.72,13.47
3.764,8.66,-4.95,2.46,10.27
3.774,5.14,-3.93,2.72,7.02
3.784,1.7,-2.81,2.65,4.22
3.794,-1.52,-1.8,2.37,3.34
3.805,-4.65,-1.05,1.64,5.04
3.814,-7.82,-0.41,0.5,7.85
3.824,-10.38,-0.07,-0.25,10.38
3.834,-11.01,-0.33,0.17,11.02
3.844,-10.01,-1.32,1.37,10.19
3.854,-8.71,-2.69,1.6,9.26
3.864,-7.9,-3.63,-0.01,8.7
3.874,-7.89,-4.27,-1.99,9.19
3.884,-8.92,-5.02,-3.22,10.73
3.894,-12,-5.63,-3.73,13.77
3.904,-15.59,-5.23,-2.99,16.72
3.914,-18.39,-4.13,-1.64,18.92
3.924,-19.5,-3.03,-0.2,19.73
3.934,-19.47,-1.96,0.57,19.57
3.944,-18.54,-1.34,0.82,18.6
3.954,-17.26,-1.33,0.82,17.33
3.964,-16.03,-1.83,0.57,16.14
3.974,-14.9,-2.61,0.32,15.13
3.984,-13.97,-3.43,0.18,14.38
3.994,-13.36,-4.09,0.12,13.97
4.004,-12.86,-4.52,0.03,13.63
4.014,-12.37,-4.75,-0.24,13.26
4.024,-12.04,-4.84,-0.67,12.99
4.034,-11.82,-4.82,-1.12,12.81
4.044,-11.59,-4.74,-1.4,12.6
4.054,-11.39,-4.59,-1.5,12.37
4.064,-11.25,-4.33,-1.36,12.13
4.074,-11.11,-4.02,-1.1,11.87
4.084,-10.92,-3.65,-0.77,11.53
4.094,-10.65,-3.28,-0.5,11.16
4.104,-10.31,-3.01,-0.34,10.74
4.114,-9.93,-2.8,-0.38,10.33
4.124,-9.73,-2.6,-0.69,10.09
4.134,-9.63,-2.5,-1.09,10.01
4.144,-9.36,-2.5,-1.44,9.79
4.154,-9.06,-2.57,-1.78,9.59
4.164,-8.69,-2.63,-2.11,9.32
4.174,-8.06,-2.62,-2.39,8.8
4.184,-7.14,-2.43,-2.62,7.99
4.194,-6.11,-2.14,-2.79,7.05
4.204,-5,-1.87,-2.95,6.1
4.214,-3.61,-1.75,-3.04,5.03
4.224,-2.08,-1.82,-3.15,4.19
4.234,-0.55,-2.01,-3.3,3.9
4.244,1.71,-2.04,-2.66,3.77
4.254,4.96,-1.74,-0.71,5.3
4.264,8.55,-0.95,2.75,9.04
4.274,11.58,0.36,6.23,13.15
4.284,14.02,1.55,7.59,16.01
4.294,16.22,2,5.77,17.34
4.304,18.11,1.78,2.67,18.39
4.314,19.24,1.36,0.07,19.29
4.324,19.78,1.21,-1.4,19.86
4.334,19.12,1.89,-2.13,19.34
4.344,17.34,2.61,-2.44,17.71
4.354,15.32,3.01,-2.32,15.79
4.364,13.61,3.28,-1.61,14.09
4.374,12.05,3.49,-0.49,12.55
4.384,10.61,3.4,0.68,11.16
4.394,9.28,3.03,1.61,9.89
4.404,8.09,2.61,2.06,8.74
4.413,7,2.25,2.03,7.63
4.423,6.03,2.01,1.66,6.57
4.433,5.3,1.77,1.16,5.7
4.444,4.54,1.33,0.46,4.76
4.454,3.82,0.8,-0.31,3.91
4.463,3.11,0.37,-0.97,3.28
4.473,2.46,0.09,-1.51,2.89
4.483,1.85,-0.03,-1.86,2.62
4.493,1.3,0,-2,2.39
4.503,0.92,0.14,-1.97,2.18
4.513,0.45,0.37,-1.86,1.95
4.523,-0.12,0.65,-1.71,1.83
4.533,-0.63,0.91,-1.41,1.79
4.543,-1.02,1.13,-1.04,1.85
4.553,-1.34,1.28,-0.76,2
4.563,-1.8,1.33,-0.58,2.32
4.573,-2.24,1.27,-0.39,2.6
4.583,-2.54,1.13,-0.21,2.78
4.593,-2.64,0.89,-0.13,2.79
4.603,-2.5,0.62,-0.28,2.59
4.613,-2.49,0.48,-0.54,2.59
4.623,-2.62,0.38,-0.67,2.73
4.633,-2.71,0.28,-0.6,2.79
4.643,-2.78,0.16,-0.31,2.8
4.653,-2.76,0.06,0.09,2.76
4.663,-2.56,-0.09,0.42,2.59
4.673,-2.36,-0.24,0.56,2.44
4.683,-2.22,-0.24,0.55,2.3
4.693,-1.87,-0.13,0.52,1.95
4.703,-1.5,0,0.48,1.57
4.713,-1.15,0.14,0.48,1.25
4.723,-0.65,0.31,0.53,0.89
4.733,-0.24,0.5,0.46,0.72
4.743,-0.25,0.71,0.32,0.82
4.753,-0.31,0.81,0.33,0.93
4.763,-0.2,0.77,0.56,0.97
4.773,-0.09,0.56,0.74,0.94
4.783,0.18,0.24,0.68,0.74
4.793,0.39,-0.08,0.3,0.5
4.803,0.39,-0.29,-0.2,0.53
4.813,0.42,-0.45,-0.5,0.79
4.823,0.53,-0.64,-0.5,0.97
4.833,0.67,-0.81,-0.29,1.09
4.843,0.79,-0.94,-0.07,1.23
4.853,0.86,-0.99,0.01,1.31
4.863,0.91,-1.03,-0.12,1.38
4.873,0.86,-0.94,-0.39,1.33
4.883,0.85,-0.78,-0.57,1.29
4.893,0.93,-0.59,-0.64,1.28
4.903,1.03,-0.33,-0.69,1.28
4.913,0.97,0.02,-0.73,1.21
4.923,0.73,0.39,-0.71,1.1
4.933,0.39,0.76,-0.57,1.03
4.943,0.05,1.1,-0.3,1.14
4.953,-0.26,1.43,0.02,1.45
4.963,-0.63,1.74,0.3,1.88
4.973,-1.05,2.08,0.49,2.38
4.983,-1.47,2.41,0.59,2.89
4.993,-1.81,2.74,0.67,3.35
5.003,-2.06,3.02,0.71,3.73
5.013,-2.35,3.26,0.74,4.08
5.023,-2.72,3.47,0.74,4.47
5.033,-3.08,3.66,0.73,4.83
5.043,-3.56,3.74,0.7,5.21
5.053,-4.13,3.74,0.6,5.61
5.063,-4.77,3.67,0.44,6.03
5.073,-5.39,3.53,0.31,6.45
5.082,-5.88,3.32,0.28,6.75
5.093,-6.22,3.11,0.28,6.96
5.102,-6.58,2.9,0.26,7.2
5.112,-6.97,2.72,0.25,7.49
5.122,-7.22,2.55,0.35,7.67
5.132,-7.13,2.36,0.6,7.53
5.143,-6.7,2.16,0.82,7.09
5.152,-6.3,2.05,0.82,6.68
5.162,-5.81,2.06,0.65,6.2
5.172,-5.07,2.12,0.39,5.51
5.182,-4.11,2.16,0.11,4.65
5.192,-2.67,2.13,-0.12,3.42
5.202,-0.96,1.98,-0.36,2.23
5.212,1.12,1.67,-0.3,2.03
5.222,3.72,1.17,0.17,3.9
5.232,6.64,0.47,0.98,6.73
5.242,9.92,-0.43,1.78,10.09
5.252,13.3,-1.6,1.89,13.53
5.263,16.16,-3.16,0.67,16.48
5.273,18.33,-4.92,-1.62,19.05
5.282,20.22,-6.86,-3.69,21.67
5.292,21.81,-9.01,-4.64,24.05
5.303,23.14,-10.98,-4.14,25.94
5.312,23.96,-12.28,-2.73,27.06
5.322,24.45,-12.53,-1.67,27.52
5.332,24.82,-11.88,-1.59,27.56
5.342,24.69,-10.7,-2.24,27
5.352,23.42,-9.12,-2.86,25.3
5.362,20.89,-7.54,-2.78,22.39
5.372,18.08,-6.2,-1.76,19.19
5.382,15.12,-5.02,-0.27,15.94
5.392,12.13,-4.04,1.3,12.85
5.402,9.07,-3.28,2.49,9.96
5.412,5.73,-2.59,2.88,6.92
5.422,2.36,-2,2.41,3.92
5.432,-1.25,-1.29,1.53,2.36
5.442,-5.59,-0.47,0.37,5.62
5.452,-10.57,0.2,-0.97,10.62
5.462,-15.89,0.66,-2.02,16.04
5.472,-19.75,0.7,-1.58,19.82
5.482,-20.52,-0.08,1.48,20.57
5.492,-18.97,-0.73,5.62,19.8
5.502,-17.13,-0.29,7.53,18.72
5.512,-15.67,0.88,6.2,16.87
5.522,-13.39,1.94,3.86,14.07
5.532,-10.81,2.51,2.07,11.29
5.542,-9.06,2.82,0.93,9.54
5.552,-8.16,2.91,0.34,8.67
5.562,-7.89,2.87,0.23,8.4
5.572,-7.83,2.72,0.61,8.31
5.582,-7.48,2.29,1.48,7.96
5.592,-7.01,1.6,2.54,7.62
5.602,-6.66,0.75,3.19,7.43
5.612,-6.41,-0.11,2.99,7.07
5.622,-6.42,-0.9,1.95,6.77
5.632,-6.95,-1.52,0.58,7.14
5.642,-7.83,-1.89,-0.59,8.07
5.652,-8.74,-1.87,-1.28,9.03
5.662,-9.62,-1.64,-1.23,9.83
5.672,-10.3,-1.33,-0.39,10.39
5.682,-10.8,-0.77,0.99,10.88
5.692,-11.16,-0.05,2.43,11.42
5.702,-11.32,0.67,3.45,11.85
5.712,-11.23,1.28,3.76,11.91
5.722,-11,1.68,3.36,11.62
5.731,-10.93,1.86,2.44,11.35
5.742,-10.97,1.85,1.51,11.23
5.751,-10.83,1.75,0.87,11
5.762,-10.7,1.64,0.54,10.84
5.771,-10.9,1.56,0.36,11.02
5.781,-11.43,1.54,0.4,11.54
5.791,-11.81,1.53,0.75,11.94
5.801,-11.98,1.57,1.29,12.15
5.811,-11.77,1.64,1.75,12.02
5.821,-11.13,1.67,1.82,11.4
5.831,-10.28,1.65,1.36,10.5
5.842,-9.35,1.54,0.69,9.5
5.851,-8.39,1.34,0.06,8.49
5.861,-7.19,1.01,-0.32,7.27
5.872,-5.75,0.52,-0.29,5.78
5.881,-3.64,-0.24,0.27,3.65
5.891,-0.06,-1.18,1.58,1.98
5.901,4.88,-1.98,3.17,6.14
5.911,9.88,-2.3,4.28,11.01
5.922,13.18,-1.96,3.89,13.87
5.931,15.69,-1.53,2.1,15.9
5.941,17.17,-0.91,0.11,17.19
5.952,17.38,0.01,-1.57,17.45
5.962,16.42,0.49,-3.02,16.7
5.971,14.77,0.21,-4.07,15.32
5.981,13.17,-0.23,-4.41,13.89
5.991,12,-0.77,-4.22,12.74
6.002,11.68,-1.58,-3.6,12.32
6.011,11.42,-2.27,-2.79,11.97
6.021,11.15,-2.7,-1.96,11.64
6.031,11.05,-2.98,-1.2,11.5
6.041,10.72,-3.2,-0.61,11.2
6.051,10.28,-3.38,-0.13,10.82
6.061,10.08,-3.56,0.74,10.71
6.071,9.89,-3.51,1.43,10.59
6.081,9.17,-3.18,1.03,9.76
6.091,8.28,-2.68,-0.03,8.7
6.101,7.44,-2.13,-0.91,7.79
6.111,6.87,-1.57,-1.38,7.18
6.121,6.47,-1.05,-1.56,6.74
6.131,6.13,-0.55,-1.62,6.37
6.141,5.98,-0.13,-1.59,6.19
6.151,5.61,0.21,-1.6,5.83
6.161,4.86,0.45,-1.61,5.14
6.171,4.2,0.57,-1.53,4.51
6.181,3.52,0.64,-1.52,3.89
6.191,2.61,0.69,-1.62,3.15
6.201,1.55,0.71,-1.86,2.52
6.211,0.69,0.68,-2.14,2.35
6.221,0.1,0.61,-2.44,2.52
6.231,-0.34,0.53,-2.75,2.82
6.241,-0.72,0.44,-2.98,3.09
6.251,-1.02,0.35,-3.05,3.24
6.261,-1.26,0.26,-2.97,3.24
6.271,-1.49,0.2,-2.7,3.09
6.281,-1.74,0.19,-2.24,2.84
6.291,-2.04,0.2,-1.54,2.56
6.301,-2.46,0.19,-0.11,2.47
6.311,-2.98,0.2,1.88,3.53
6.321,-3.55,0.21,3.4,4.92
6.331,-4.07,0.24,3.65,5.47
6.341,-4.36,0.28,2.62,5.1
6.351,-4.4,0.31,1.16,4.56
6.361,-4.28,0.32,0,4.29
6.371,-4.2,0.33,-0.7,4.27
6.381,-4.22,0.39,-1.04,4.37
6.391,-4.35,0.48,-1,4.49
6.401,-4.33,0.56,-0.54,4.4
6.411,-4.19,0.6,0.26,4.24
6.421,-4.11,0.67,1.16,4.33
6.431,-3.99,0.75,1.86,4.47
6.44,-3.69,0.78,2.16,4.35
6.45,-3.25,0.7,1.96,3.86
6.46,-2.79,0.57,1.38,3.17
6.47,-2.38,0.38,0.69,2.5
6.48,-1.97,0.21,0.16,1.99
6.49,-1.6,0.1,-0.05,1.6
6.5,-1.18,-0.02,-0.02,1.18
6.51,-0.61,-0.17,0.28,0.69
6.52,0.18,-0.38,0.7,0.81
6.53,0.92,-0.63,0.98,1.49
6.54,1.35,-0.92,0.95,1.89
6.55,1.46,-1.22,0.51,1.97
6.56,1.41,-1.45,-0.07,2.02
6.57,1.31,-1.61,-0.56,2.15
6.58,1.14,-1.7,-0.86,2.22
6.59,0.93,-1.72,-0.95,2.17
6.6,0.66,-1.68,-0.84,1.99
6.61,0.36,-1.58,-0.63,1.74
6.62,0.23,-1.41,-0.38,1.48
6.63,0.07,-1.15,-0.23,1.17
6.64,-0.17,-0.83,-0.18,0.86
6.65,-0.25,-0.5,-0.05,0.56
6.66,-0.3,-0.18,0.12,0.37
6.67,-0.35,0.1,0.28,0.46
6.68,-0.33,0.36,0.4,0.63
6.69,-0.22,0.54,0.41,0.72
6.7,-0.03,0.68,0.29,0.74
6.71,0.17,0.75,0.06,0.77
6.72,0.3,0.78,-0.24,0.87
6.73,0.37,0.82,-0.5,1.03
6.74,0.48,0.8,-0.64,1.13
6.75,0.48,0.77,-0.68,1.13
6.76,0.4,0.74,-0.59,1.03
6.77,0.32,0.73,-0.39,0.89
6.78,0.29,0.74,-0.15,0.8
6.79,0.25,0.75,0.03,0.79
6.8,0.17,0.77,0.08,0.79
6.81,0.11,0.81,0.04,0.82
6.82,0.24,0.86,0.01,0.89
6.83,0.51,0.94,0,1.07
6.84,0.76,1.06,0.01,1.3
6.85,0.91,1.19,0.03,1.5
6.86,0.96,1.32,0.05,1.64
6.87,0.95,1.43,0.13,1.72
6.88,0.82,1.57,0.18,1.78
6.89,0.66,1.7,0.28,1.84
6.9,0.63,1.78,0.47,1.94
6.91,0.69,1.77,0.65,2.01
6.92,0.74,1.72,0.71,2
6.93,0.66,1.62,0.62,1.86
6.94,0.54,1.52,0.46,1.68
6.95,0.51,1.37,0.32,1.5
6.96,0.5,1.23,0.15,1.34
6.97,0.45,1.14,0.06,1.23
6.98,0.42,1.09,0.17,1.18
6.99,0.4,1.03,0.45,1.19
7,0.38,0.97,0.79,1.3
7.01,0.39,0.93,1.01,1.42
7.02,0.4,0.93,0.98,1.41
7.03,0.46,0.96,0.76,1.3
7.04,0.49,1,0.5,1.22
7.05,0.47,1.05,0.27,1.18
7.06,0.43,1.09,0.16,1.18
7.07,0.3,1.13,0.09,1.17
7.08,0.12,1.12,0.09,1.13
7.09,-0.06,1.08,0.15,1.09
7.1,-0.2,1.01,0.24,1.06
7.11,-0.26,0.88,0.32,0.97
7.12,-0.33,0.71,0.33,0.85
7.13,-0.4,0.53,0.22,0.7
7.14,-0.39,0.36,0.08,0.53
7.149,-0.39,0.22,-0.11,0.46
7.159,-0.39,0.11,-0.27,0.48
7.17,-0.37,0.03,-0.37,0.53
7.179,-0.41,0.01,-0.43,0.6
7.19,-0.48,0.03,-0.46,0.66
7.199,-0.51,0.07,-0.42,0.67
7.209,-0.58,0.13,-0.38,0.71
7.219,-0.75,0.21,-0.35,0.85
7.229,-0.94,0.29,-0.31,1.03
7.239,-1.15,0.34,-0.27,1.23
7.249,-1.48,0.45,-0.24,1.56
7.259,-1.86,0.62,-0.16,1.97
7.269,-2.31,0.83,-0.1,2.46
7.279,-2.81,1.09,0,3.01
7.289,-3.25,1.35,0.15,3.52
7.299,-3.53,1.55,0.33,3.87
7.309,-3.79,1.66,0.33,4.15
7.319,-4.21,1.65,0.11,4.52
7.329,-4.66,1.59,-0.23,4.93
7.339,-5.13,1.54,-0.58,5.39
7.349,-5.55,1.49,-0.87,5.81
7.359,-6,1.48,-1.06,6.27
7.369,-6.5,1.47,-1.18,6.76
7.379,-6.87,1.44,-1.17,7.11
7.389,-7.05,1.37,-0.95,7.24
7.399,-7.05,1.35,-0.64,7.2
7.409,-7.04,1.35,-0.42,7.18
7.419,-6.91,1.41,-0.32,7.06
7.429,-6.42,1.51,-0.32,6.6
7.439,-5.44,1.59,-0.42,5.69
7.449,-3.77,1.6,-0.45,4.12
7.459,-1.55,1.52,-0.39,2.21
7.469,1.09,1.32,-0.39,1.76
7.479,3.73,1.13,-0.52,3.93
7.489,5.88,0.96,-0.77,6.01
7.499,7.52,0.74,-1.07,7.63
7.509,9.38,0.37,-1.02,9.45
7.519,11.05,-0.22,-0.67,11.08
7.529,11.51,-1.18,-0.35,11.57
7.539,11.56,-2.63,-0.13,11.85
7.549,12.06,-4.42,-0.16,12.85
7.559,12.88,-6.01,-0.61,14.22
7.569,14.21,-7.05,-0.89,15.88
7.579,16.19,-7.65,-0.57,17.91
7.589,18.91,-7.92,0.38,20.51
7.599,21.3,-8.08,1.02,22.8
7.609,22.23,-8.37,0.26,23.75
7.619,22.76,-8.87,-1.22,24.45
7.629,22.62,-9.25,-2.27,24.54
7.639,21.29,-9.12,-2.49,23.29
7.649,20,-8.72,-1.8,21.89
7.659,18.79,-8.15,-0.68,20.49
7.669,16.78,-7.35,0.27,18.32
7.679,14.4,-6.54,0.95,15.84
7.689,12.21,-5.81,1.5,13.6
7.699,9.99,-5.09,2.1,11.41
7.709,7.48,-4.22,2.59,8.97
7.719,4.63,-3.16,2.69,6.22
7.729,1.48,-1.97,2.47,3.49
7.739,-1.92,-0.65,2.02,2.86
7.749,-5.99,0.72,1.2,6.15
7.759,-11.25,1.95,-0.22,11.42
7.769,-17.46,2.85,-2.04,17.81
7.779,-22.14,3.13,-3,22.56
7.789,-22.46,2.47,-1.83,22.67
7.798,-19.84,1.42,2.58,20.06
7.809,-17.7,1.19,8.18,19.54
7.818,-16.27,2.09,10.26,19.35
7.829,-14.05,3.15,7.8,16.37
7.838,-10.96,3.63,4.1,12.26
7.848,-8.61,3.7,1.46,9.48
7.858,-7.78,3.65,-0.2,8.59
7.868,-8.02,3.62,-1.37,8.9
7.878,-7.99,3.32,-1.97,8.88
7.888,-7.44,2.82,-1.83,8.17
7.898,-6.75,2.28,-1.42,7.27
7.908,-6.37,1.74,-1.12,6.7
7.918,-6.3,1.14,-0.88,6.46
7.928,-6.5,0.5,-0.47,6.54
7.938,-7.17,-0.15,0.21,7.18
7.948,-8.2,-0.81,0.98,8.29
7.958,-9.54,-1.36,1.57,9.77
7.968,-10.83,-1.59,1.73,11.09
7.978,-11.63,-1.48,1.57,11.83
7.988,-11.91,-1.11,1.36,12.03
7.998,-11.8,-0.55,1.37,11.89
8.008,-11.39,0.1,1.61,11.51
8.018,-10.86,0.68,1.95,11.06
8.028,-10.44,1.18,2.27,10.75
8.038,-10.15,1.54,2.49,10.56
8.048,-9.99,1.73,2.54,10.45
8.058,-10.03,1.75,2.38,10.45
8.068,-10.29,1.65,2.03,10.61
8.078,-10.6,1.44,1.63,10.82
8.088,-10.72,1.17,1.38,10.87
8.098,-10.69,0.88,1.33,10.8
8.108,-10.54,0.63,1.45,10.66
8.118,-10.23,0.47,1.74,10.39
8.128,-9.7,0.36,2.1,9.93
8.138,-9.08,0.26,2.24,9.36
8.148,-8.43,0.1,1.97,8.66
8.158,-7.74,-0.18,1.36,7.86
8.168,-6.8,-0.52,0.81,6.87
8.178,-5.42,-0.96,0.64,5.54
8.188,-3.27,-1.46,1.05,3.74
8.198,0.38,-1.95,2.2,2.96
8.208,5.19,-2.21,3.34,6.56
8.218,9.37,-2.1,3.66,10.28
8.228,12.73,-1.72,3.05,13.2
8.238,16.48,-1.23,2.17,16.67
8.248,18.96,-0.53,1.06,19
8.258,19.53,0.04,-0.53,19.53
8.268,19.7,-0.09,-2,19.8
8.278,18.92,-0.45,-3.41,19.23
8.288,15.83,-0.59,-5.1,16.64
8.298,12.18,-0.89,-6.33,13.75
8.308,9.46,-1.39,-6.52,11.57
8.318,7.92,-1.85,-5.85,10.02
8.328,7.1,-2.11,-4.75,8.8
8.338,6.98,-2.19,-3.36,8.05
8.348,7.65,-2.24,-1.82,8.18
8.358,8.62,-2.31,-0.44,8.94
8.368,9.39,-2.38,0.56,9.71
8.378,9.97,-2.38,1.33,10.33
8.388,10.04,-2.33,1.82,10.46
8.398,9.41,-2.24,1.54,9.8
8.408,8.43,-2.2,0.54,8.73
8.418,7.48,-2.14,-0.54,7.8
8.428,6.36,-2.02,-1.45,6.83
8.438,5.26,-1.9,-2.12,5.98
8.448,4.18,-1.71,-2.53,5.17
8.458,3.15,-1.45,-2.65,4.36
8.468,2.31,-1.14,-2.62,3.67
8.478,1.63,-0.79,-2.61,3.18
8.488,0.86,-0.34,-2.65,2.8
8.497,0.13,0.12,-2.57,2.57
8.507,-0.34,0.53,-2.3,2.39
8.517,-0.67,0.88,-1.93,2.23
8.527,-1.04,1.16,-1.58,2.22
8.537,-1.54,1.39,-1.26,2.43
8.547,-1.94,1.53,-0.95,2.65
8.557,-2.3,1.6,-0.68,2.88
8.567,-2.63,1.61,-0.41,3.11
8.577,-2.83,1.55,-0.13,3.23
8.587,-2.95,1.46,0.31,3.31
8.597,-2.94,1.31,0.99,3.37
8.607,-2.9,1.12,1.7,3.54
8.617,-2.94,0.96,2.08,3.73
8.627,-3.03,0.82,1.91,3.67
8.637,-3.02,0.71,1.3,3.36
8.647,-2.84,0.59,0.58,2.96
8.657,-2.68,0.52,0,2.73
8.667,-2.57,0.47,-0.4,2.64
8.677,-2.41,0.41,-0.61,2.51
8.687,-2.38,0.38,-0.63,2.49
8.697,-2.43,0.37,-0.5,2.51
8.707,-2.45,0.37,-0.23,2.49
8.717,-2.46,0.37,0.14,2.5
8.727,-2.4,0.36,0.56,2.49
8.737,-2.36,0.31,0.89,2.54
8.747,-2.25,0.27,1.02,2.48
8.757,-1.89,0.21,0.92,2.12
8.767,-1.52,0.16,0.6,1.65
8.777,-1.16,0.07,0.26,1.19
8.787,-0.8,-0.03,-0.01,0.8
8.797,-0.49,-0.05,-0.14,0.51
8.807,-0.24,-0.01,-0.16,0.28
8.817,0.04,0.03,-0.12,0.13
8.827,0.3,0.07,-0.05,0.31
8.837,0.5,0.1,0.02,0.51
8.847,0.8,0.11,0.08,0.81
8.857,1.03,0.1,0.01,1.03
8.867,1,0.09,-0.14,1.01
8.877,0.93,0.06,-0.24,0.96
8.887,0.82,-0.02,-0.31,0.88
8.897,0.73,-0.15,-0.34,0.82
8.907,0.56,-0.29,-0.41,0.74
8.917,0.26,-0.4,-0.51,0.69
8.927,0.04,-0.49,-0.53,0.72
8.937,-0.13,-0.56,-0.45,0.73
8.947,-0.22,-0.59,-0.31,0.7
8.957,-0.29,-0.59,-0.21,0.69
8.967,-0.39,-0.55,-0.18,0.7
8.977,-0.4,-0.48,-0.19,0.66
8.987,-0.41,-0.37,-0.3,0.62
8.997,-0.42,-0.19,-0.4,0.61
9.007,-0.3,-0.01,-0.51,0.6
9.017,-0.21,0.17,-0.63,0.68
9.027,-0.16,0.35,-0.76,0.85
9.037,-0.07,0.46,-0.82,0.94
9.047,0.01,0.55,-0.83,1
9.057,0.06,0.63,-0.82,1.04
9.067,0.11,0.7,-0.78,1.05
9.077,0.07,0.76,-0.72,1.05
9.087,0.04,0.78,-0.57,0.97
9.097,0.08,0.79,-0.33,0.86
9.107,0.08,0.77,-0.08,0.78
9.117,0.02,0.73,0.18,0.75
9.126,0,0.68,0.45,0.82
9.137,0.01,0.62,0.68,0.92
9.147,0.05,0.58,0.78,0.98
9.157,0.07,0.55,0.7,0.9
9.167,0.04,0.53,0.49,0.72
9.176,-0.07,0.53,0.24,0.58
9.186,-0.11,0.53,0.05,0.54
9.197,-0.11,0.54,-0.1,0.56
9.206,-0.14,0.57,-0.21,0.63
9.216,-0.19,0.61,-0.24,0.69
9.226,-0.21,0.69,-0.17,0.74
9.236,-0.19,0.77,-0.03,0.8
9.246,-0.09,0.84,0.11,0.85
9.256,0,0.9,0.2,0.92
9.266,-0.01,0.92,0.26,0.95
9.276,0.01,0.87,0.28,0.92
9.286,0.09,0.8,0.28,0.86
9.296,0.1,0.76,0.25,0.8
9.306,0.17,0.7,0.19,0.75
9.316,0.24,0.63,0.11,0.68
9.326,0.2,0.58,0.01,0.61
9.336,0.15,0.57,-0.01,0.59
9.346,0.13,0.53,0.01,0.54
9.356,0.11,0.48,0.07,0.5
9.366,0.03,0.4,0.15,0.43
9.376,-0.05,0.33,0.25,0.42
9.386,-0.13,0.29,0.33,0.46
9.396,-0.2,0.29,0.42,0.55
9.406,-0.23,0.29,0.54,0.66
9.416,-0.22,0.29,0.65,0.74
9.426,-0.24,0.31,0.71,0.81
9.436,-0.22,0.38,0.67,0.8
9.446,-0.26,0.48,0.58,0.8
9.456,-0.33,0.59,0.48,0.83
9.466,-0.37,0.66,0.42,0.87
9.476,-0.4,0.73,0.39,0.92
9.486,-0.47,0.8,0.36,0.99
9.496,-0.62,0.84,0.32,1.09
9.506,-0.76,0.91,0.18,1.2
9.516,-1.04,0.98,-0.03,1.42
9.526,-1.36,1.06,-0.18,1.73
9.536,-1.69,1.16,-0.21,2.06
9.546,-2.04,1.23,-0.18,2.39
9.556,-2.45,1.31,-0.16,2.78
9.566,-2.99,1.36,-0.25,3.29
9.576,-3.71,1.36,-0.39,3.97
9.586,-4.59,1.39,-0.51,4.82
9.596,-5.43,1.44,-0.58,5.65
9.606,-6.2,1.5,-0.6,6.4
9.616,-6.96,1.54,-0.67,7.16
9.626,-7.57,1.58,-0.64,7.76
9.636,-7.96,1.6,-0.51,8.13
9.646,-8,1.61,-0.28,8.16
9.656,-7.71,1.59,-0.04,7.87
9.666,-7.21,1.56,0.09,7.37
9.676,-6.69,1.58,0.09,6.87
9.686,-6.02,1.67,0.01,6.24
9.696,-5.1,1.76,-0.09,5.4
9.706,-3.8,1.83,-0.15,4.22
9.716,-1.85,1.82,-0.05,2.59
9.726,1.01,1.63,0.19,1.93
9.736,4.78,1.19,0.24,4.93
9.746,8.81,0.74,0.06,8.84
9.756,11.94,0.53,-0.66,11.97
9.766,13.77,0.5,-1.67,13.88
9.776,14.99,0.18,-2.51,15.2
9.786,15.33,-0.95,-3.24,15.69
9.796,14.85,-3.01,-3.23,15.49
9.806,15.03,-5.83,-1.63,16.21
9.816,16.18,-8.56,0.32,18.31
9.826,17.63,-10.11,0.65,20.33
9.836,18.82,-10.02,-0.98,21.34
9.846,19.92,-9.54,-2.63,22.25
9.856,20.57,-9.15,-3.54,22.79
9.866,20.47,-8.81,-4.01,22.64
9.876,20.41,-8.44,-3.99,22.45
9.886,20.02,-7.78,-3.47,21.76
9.896,18.73,-6.89,-2.49,20.11
9.906,16.7,-6.08,-1.16,17.81
9.916,14.54,-5.37,0.36,15.51
9.926,12.3,-4.72,1.78,13.29
9.935,9.98,-4.1,2.79,11.14
9.946,7.48,-3.57,3.06,8.83
9.955,4.9,-3.16,2.57,6.37
9.965,2.52,-2.68,1.84,4.11
9.975,0.02,-2.03,1.05,2.29
9.985,-3.72,-1.2,0.04,3.91
9.996,-8.4,-0.27,-0.96,8.46
10.005,-13.63,0.62,-1.69,13.75
10.015,-18.63,1.45,-1.13,18.72
10.025,-20.98,2.01,2.36,21.21
10.035,-21.46,1.76,7.04,22.66
10.045,-20.25,1.36,8.78,22.11
10.055,-16.66,1.49,7.39,18.29
10.065,-13.42,1.83,4.35,14.23
10.075,-10.68,1.89,1.74,10.99
10.085,-8.26,1.79,0.42,8.46
10.095,-6.65,1.95,-0.01,6.93
10.105,-6.1,2.24,-0.2,6.51
10.115,-6.34,2.37,-0.25,6.77
10.125,-6.58,2.23,-0.05,6.95
10.135,-6.45,1.87,0.63,6.74
10.145,-6.29,1.2,1.7,6.62
10.155,-6.36,0.26,2.97,7.03
10.165,-6.71,-0.72,3.73,7.71
10.175,-7.37,-1.54,3.42,8.27
10.185,-8.3,-1.99,2.12,8.79
10.195,-9.32,-1.93,0.57,9.53
10.205,-10.12,-1.89,-0.39,10.3
10.215,-10.69,-1.84,-0.58,10.86
10.225,-11.13,-1.6,-0.07,11.25
10.235,-11.46,-0.94,0.98,11.54
10.245,-11.57,-0.15,2.23,11.78
10.255,-11.46,0.59,3.24,11.92
10.265,-11.22,1.2,3.63,11.85
10.275,-11.01,1.55,3.34,11.61
10.285,-10.8,1.7,2.62,11.24
10.295,-10.58,1.67,1.8,10.86
10.305,-10.6,1.55,1.08,10.77
10.315,-10.86,1.41,0.53,10.97
10.325,-11.19,1.25,0.29,11.26
10.335,-11.54,1.07,0.47,11.6
10.345,-11.81,0.9,1.06,11.89
10.355,-11.94,0.76,1.88,12.11
10.365,-11.79,0.66,2.58,12.09
10.375,-11.01,0.62,2.81,11.38
10.385,-9.79,0.64,2.32,10.08
10.395,-8.71,0.66,1.33,8.83
10.405,-8.01,0.65,0.38,8.04
10.415,-6.99,0.52,-0.15,7.01
10.425,-4.65,0.24,0.01,4.66
10.435,-0.5,-0.29,0.86,1.04
10.445,5.62,-1.14,2.17,6.13
10.455,13.28,-2.06,3.64,13.92
10.465,19.62,-2.57,4.39,20.27
10.475,22.01,-2.58,3.49,22.43
10.485,21.81,-2.3,1.12,21.96
10.495,21.6,-2.18,-1.51,21.77
10.505,20.62,-2.2,-3.97,21.11
10.515,17.97,-2.16,-6.16,19.12
10.525,14.48,-2.08,-7.79,16.58
10.535,11.81,-2.29,-8.5,14.73
10.545,10.63,-2.61,-8.4,13.8
10.554,10.1,-2.75,-7.8,13.05
10.564,9.55,-2.57,-6.73,11.96
10.574,9.45,-2.23,-5.72,11.28
10.584,9.76,-1.83,-4.8,11.03
10.595,10.15,-1.48,-4.09,11.05
10.605,10.22,-1.15,-3.3,10.8
10.614,9.86,-0.86,-2.32,10.17
10.624,9.22,-0.65,-1.31,9.33
10.634,8.19,-0.57,-0.49,8.23
10.644,6.85,-0.61,0.04,6.88
10.654,5.43,-0.73,0.32,5.49
10.664,4.13,-0.85,0.43,4.24
10.674,3.08,-0.88,0.38,3.23
10.684,2.13,-0.87,0.18,2.31
10.694,1.1,-0.85,0.01,1.39
10.704,0.11,-0.78,-0.14,0.8
10.714,-0.8,-0.62,-0.27,1.05
10.724,-1.73,-0.37,-0.27,1.79
10.734,-2.58,-0.08,-0.2,2.59
10.744,-3.25,0.21,-0.18,3.26
10.754,-3.71,0.49,-0.3,3.75
10.764,-3.94,0.72,-0.56,4.04
10.774,-4.01,0.91,-0.8,4.19
10.784,-4.03,1.06,-1.04,4.3
10.794,-4.11,1.2,-1.25,4.46
10.804,-4.17,1.3,-1.34,4.57
10.814,-4.21,1.34,-1.26,4.59
10.824,-4.11,1.4,-0.97,4.45
10.834,-3.84,1.41,-0.52,4.13
10.844,-3.54,1.36,0,3.79
10.854,-3.26,1.27,0.52,3.54
10.864,-2.95,1.17,0.87,3.29
10.874,-2.6,1.03,0.98,2.96
10.884,-2.27,0.84,0.83,2.56
10.894,-1.99,0.69,0.55,2.18
10.904,-1.66,0.56,0.28,1.77
10.914,-1.27,0.42,0.13,1.34
10.924,-0.93,0.32,0.05,0.98
10.934,-0.68,0.25,-0.03,0.72
10.944,-0.49,0.22,-0.08,0.54
10.954,-0.4,0.21,-0.12,0.47
10.964,-0.42,0.25,-0.12,0.5
10.974,-0.5,0.32,-0.03,0.59
10.984,-0.58,0.38,0.2,0.72
10.994,-0.5,0.41,0.54,0.84
11.004,-0.32,0.41,0.9,1.04
11.014,-0.24,0.41,1.12,1.22
11.024,-0.17,0.41,1.18,1.26
11.034,0.01,0.39,1.1,1.16
11.044,0.18,0.33,0.93,1
11.054,0.29,0.29,0.68,0.8
11.064,0.45,0.26,0.47,0.7
11.074,0.56,0.25,0.3,0.69
11.084,0.58,0.21,0.22,0.65
11.094,0.53,0.18,0.18,0.59
11.104,0.46,0.13,0.21,0.52
11.114,0.36,0.07,0.24,0.44
11.124,0.24,0,0.31,0.4
11.134,0.13,-0.07,0.4,0.42
11.144,0.08,-0.13,0.46,0.48
11.154,0.06,-0.16,0.48,0.51
11.164,0.06,-0.17,0.44,0.47
11.174,0.04,-0.15,0.32,0.35
11.183,0,-0.1,0.15,0.18
11.194,0,-0.02,-0.01,0.02
11.204,-0.05,0.06,-0.18,0.19
11.213,-0.13,0.14,-0.36,0.41
11.223,-0.19,0.22,-0.5,0.58
11.233,-0.23,0.32,-0.58,0.7
11.243,-0.27,0.41,-0.62,0.79
11.253,-0.29,0.51,-0.64,0.87
11.263,-0.33,0.56,-0.66,0.93
11.273,-0.35,0.62,-0.69,0.99
11.283,-0.4,0.67,-0.71,1.06
11.293,-0.4,0.69,-0.68,1.05
11.303,-0.39,0.7,-0.62,1.01
11.313,-0.34,0.65,-0.5,0.89
11.324,-0.3,0.6,-0.41,0.78
11.333,-0.3,0.52,-0.31,0.67
11.343,-0.28,0.42,-0.2,0.54
11.353,-0.29,0.32,-0.07,0.44
11.363,-0.34,0.22,0.02,0.41
11.373,-0.36,0.12,0.1,0.39
11.383,-0.33,0,0.16,0.37
11.393,-0.31,-0.12,0.21,0.39
11.403,-0.17,-0.27,0.25,0.4
11.413,0.04,-0.41,0.25,0.48
11.423,0.3,-0.5,0.24,0.63
11.433,0.65,-0.58,0.23,0.9
11.443,1.08,-0.61,0.23,1.26
11.453,1.39,-0.62,0.17,1.53
11.463,1.46,-0.59,0.01,1.57
11.473,1.38,-0.52,-0.22,1.49
11.483,1.24,-0.42,-0.47,1.39
11.493,0.98,-0.32,-0.73,1.26
11.503,0.62,-0.22,-0.98,1.18
11.513,0.23,-0.12,-1.19,1.22
11.523,-0.16,-0.01,-1.41,1.42
11.533,-0.46,0.1,-1.65,1.72
11.543,-0.65,0.23,-1.92,2.04
11.553,-0.72,0.32,-2.09,2.23
11.563,-0.79,0.37,-2.17,2.33
11.573,-0.8,0.42,-2.17,2.35
11.583,-0.8,0.46,-2.08,2.28
11.593,-0.92,0.54,-1.94,2.21
11.603,-1,0.6,-1.72,2.08
11.613,-1.04,0.63,-1.47,1.91
11.623,-1.11,0.67,-1.17,1.75
11.633,-1.17,0.67,-0.81,1.57
11.643,-1.12,0.62,-0.43,1.35
11.653,-0.97,0.54,-0.06,1.11
11.663,-0.79,0.45,0.24,0.94
11.673,-0.65,0.36,0.43,0.86
11.683,-0.58,0.29,0.52,0.83
11.693,-0.51,0.18,0.59,0.8
11.703,-0.2,0.03,0.66,0.69
11.713,0.39,-0.19,0.75,0.87
11.723,1.02,-0.39,0.72,1.31
11.733,1.39,-0.55,0.54,1.59
11.743,1.46,-0.63,0.22,1.61
11.753,1.21,-0.68,-0.17,1.4
11.763,0.77,-0.7,-0.56,1.18
11.773,0.22,-0.7,-0.85,1.12
11.783,-0.32,-0.66,-1.02,1.25
11.793,-0.75,-0.6,-1.03,1.41
11.803,-0.97,-0.55,-0.91,1.44
11.813,-1.05,-0.48,-0.69,1.34
11.823,-1,-0.4,-0.36,1.14
11.833,-0.85,-0.3,0.02,0.9
11.843,-0.61,-0.18,0.43,0.76
11.852,-0.27,-0.04,0.87,0.91
11.863,0.17,0.13,1.31,1.33
11.873,0.66,0.35,1.82,1.97
11.882,1.06,0.58,2.32,2.62
11.893,1.32,0.81,2.57,3
11.902,1.44,0.99,2.48,3.04
11.912,1.38,1.11,2.07,2.72
11.923,1.12,1.19,1.5,2.22
11.932,0.86,1.26,0.98,1.81
11.942,0.64,1.28,0.6,1.55
11.952,0.4,1.26,0.3,1.36
11.962,0.12,1.22,0.04,1.23
11.972,-0.07,1.13,-0.19,1.15
11.982,-0.27,1.06,-0.34,1.15
11.992,-0.4,1,-0.4,1.15
12.002,-0.41,0.94,-0.35,1.09
12.012,-0.42,0.92,-0.26,1.04
12.022,-0.41,0.94,-0.11,1.03
12.032,-0.36,0.98,0.11,1.05
12.042,-0.34,1.05,0.37,1.16
12.052,-0.35,1.13,0.62,1.34
12.062,-0.44,1.22,0.84,1.55
12.072,-0.54,1.33,1.06,1.79
12.082,-0.61,1.42,1.25,1.99
12.092,-0.7,1.52,1.37,2.16
12.102,-0.92,1.61,1.38,2.31
12.112,-1.28,1.65,1.29,2.46
12.122,-1.81,1.69,1.12,2.72
12.132,-2.61,1.73,0.82,3.24
12.142,-3.63,1.78,0.45,4.07
12.152,-4.8,1.81,0.08,5.13
12.162,-5.78,1.8,-0.14,6.05
12.172,-6.46,1.73,-0.25,6.69
12.182,-6.94,1.66,-0.26,7.14
12.192,-7.27,1.61,-0.22,7.45
12.202,-7.55,1.61,-0.23,7.73
12.212,-7.77,1.63,-0.16,7.94
12.222,-7.69,1.68,-0.06,7.87
12.232,-7.31,1.74,0.1,7.52
12.242,-6.66,1.76,0.36,6.9
12.252,-5.76,1.75,0.75,6.07
12.262,-4.63,1.69,1.13,5.06
12.272,-3.05,1.55,1.42,3.71
12.282,-0.93,1.28,1.57,2.23
12.292,1.93,0.87,1.54,2.62
12.302,4.94,0.38,1.26,5.12
12.312,7.3,-0.08,0.66,7.33
12.322,9.13,-0.63,-0.27,9.15
12.332,10.74,-1.37,-1.19,10.89
12.342,11.71,-2.27,-2.2,12.13
12.352,12.01,-3.35,-3.34,12.91
12.362,12.25,-4.61,-4.38,13.8
12.372,12.9,-5.87,-4.79,14.97
12.382,14.81,-7.15,-3.96,16.92
12.392,17.93,-8.61,-1.72,19.97
12.402,20.47,-9.95,1.25,22.79
12.412,20.99,-10.25,2.27,23.47
12.422,20.81,-10.87,0.19,23.48
12.432,20.6,-11.71,-2.35,23.81
12.442,20.07,-12.24,-3.91,23.83
12.452,18.69,-11.84,-4.85,22.65
12.462,16.94,-10.94,-5.22,20.83
12.472,15.21,-10.32,-5.09,19.07
12.482,13.65,-9.48,-4.43,17.2
12.492,11.76,-8.31,-3.68,14.86
12.502,8.97,-6.66,-2.99,11.57
12.512,5.51,-4.68,-2.16,7.55
12.522,1.48,-2.7,-1.24,3.32
12.531,-3.19,-0.79,-0.37,3.31
12.542,-8.67,0.98,0.23,8.73
12.552,-15.22,2.63,0.15,15.45
12.561,-21.6,4.27,1.34,22.06
12.571,-24.3,5.33,7.17,25.89
12.581,-22.97,5.35,13.09,26.97
12.592,-19.3,5.06,12.15,23.37
12.601,-14.75,4.47,7.12,16.98
12.611,-10.68,3.61,3.1,11.69
12.621,-6.71,3.08,1.42,7.52
12.631,-3.64,3.21,1.04,4.96
12.641,-2.9,3.47,0.72,4.58
12.651,-3.99,3.38,0.19,5.23
12.661,-4.9,2.87,0.01,5.67
12.671,-5,2.14,0.4,5.46
12.681,-5.54,1.43,1.09,5.82
12.691,-6.84,0.65,2.3,7.25
12.701,-8.6,-0.06,3.95,9.46
12.711,-10.37,-0.45,5.14,11.58
12.721,-11.77,-0.41,5.05,12.82
12.731,-12.65,0.04,3.64,13.16
12.741,-12.94,0.61,1.85,13.08
12.751,-12.64,1.14,0.7,12.71
12.761,-11.86,1.64,0.27,11.98
12.771,-10.89,2.05,0.24,11.09
12.781,-10.12,2.32,0.44,10.39
12.791,-9.57,2.57,0.89,9.94
12.801,-9.21,2.75,1.53,9.73
12.811,-8.99,2.72,2.09,9.62
12.821,-9.01,2.48,2.36,9.64
12.831,-9.38,2.19,2.22,9.88
12.841,-9.81,1.87,1.88,10.16
12.851,-10.06,1.48,1.53,10.29
12.861,-10.2,1.14,1.24,10.34
12.871,-10.28,0.87,1.1,10.37
12.881,-10.25,0.68,1.01,10.32
12.891,-10.07,0.55,0.97,10.13
12.901,-9.65,0.49,0.95,9.71
12.911,-9.23,0.55,1.01,9.3
12.921,-8.97,0.67,1.17,9.07
12.931,-8.69,0.74,1.4,8.83
12.941,-7.99,0.66,1.63,8.18
12.951,-5.91,0.22,2.11,6.28
12.961,-1.94,-0.5,2.78,3.42
12.971,3.31,-1.14,3.06,4.65
12.981,8.29,-1.2,2.2,8.66
12.991,13.36,-1.46,1.61,13.54
13.001,18.31,-1.94,1.4,18.47
13.011,21.71,-2.29,0.64,21.84
13.021,22.83,-2.53,-0.97,22.99
13.031,22.56,-2.85,-2.77,22.91
13.041,22.09,-3.43,-3.99,22.71
13.051,20.37,-3.81,-4.98,21.31
13.061,17.83,-3.9,-5.78,19.15
13.071,15.44,-3.93,-6.06,17.05
13.081,13.28,-3.93,-5.97,15.08
13.091,11.23,-3.8,-5.62,13.12
13.101,9.59,-3.48,-5.02,11.37
13.111,8.24,-3.06,-4.34,9.81
13.121,6.82,-2.49,-3.72,8.16
13.131,5.59,-1.96,-3.06,6.67
13.141,4.9,-1.44,-2.42,5.65
13.151,4.53,-0.91,-2.1,5.07
13.161,3.78,-0.36,-1.97,4.28
13.171,2.82,0.1,-1.92,3.41
13.181,2.21,0.46,-1.93,2.97
13.191,1.53,0.82,-1.99,2.64
13.201,0.91,1.08,-2.01,2.46
13.211,0.47,1.23,-1.91,2.33
13.221,0.05,1.32,-1.67,2.13
13.23,-0.28,1.35,-1.38,1.95
13.24,-0.69,1.43,-1.08,1.92
13.25,-1.23,1.54,-0.78,2.12
13.26,-1.71,1.63,-0.45,2.41
13.271,-2.15,1.7,-0.19,2.75
13.28,-2.62,1.79,0.04,3.17
13.29,-3.05,1.88,0.24,3.59
13.3,-3.19,1.91,0.43,3.74
13.31,-3.31,1.93,0.6,3.87
13.321,-3.48,1.88,1.04,4.09
13.33,-3.49,1.77,1.97,4.38
13.34,-3.28,1.61,2.93,4.68
13.35,-2.91,1.38,3.47,4.73
13.36,-2.84,1.2,3.22,4.46
13.37,-3.03,1.09,2.33,3.98
13.38,-3.04,0.98,1.39,3.49
13.39,-2.86,0.87,0.73,3.08
13.4,-2.56,0.83,0.31,2.71
13.41,-2.38,0.88,0.12,2.54
13.42,-2.17,0.87,0.28,2.35
13.43,-1.69,0.74,0.84,2.03
13.44,-1.12,0.51,1.6,2.02
13.45,-0.56,0.28,2.3,2.38
13.46,-0.2,0.1,2.7,2.7
13.47,-0.02,-0.04,2.72,2.72
13.48,0.19,-0.08,2.51,2.52
13.49,0.48,0,2.21,2.27
13.5,0.8,0.03,1.93,2.09
13.51,1.09,-0.04,1.65,1.98
13.52,1.29,-0.08,1.32,1.85
13.53,1.34,-0.16,1.06,1.72
13.54,1.24,-0.25,0.89,1.55
13.55,1.09,-0.37,0.84,1.42
13.56,0.87,-0.5,0.9,1.35
13.57,0.57,-0.61,0.99,1.3
13.58,0.27,-0.66,1.11,1.32
13.59,-0.1,-0.68,1.16,1.35
13.6,-0.6,-0.64,1.12,1.42
13.61,-1.07,-0.51,0.98,1.54
13.62,-1.44,-0.4,0.87,1.73
13.63,-1.75,-0.28,0.86,1.97
13.64,-1.84,-0.18,1.04,2.12
13.65,-1.42,-0.15,1.37,1.98
13.66,-0.4,-0.2,1.77,1.82
13.67,0.73,-0.29,1.94,2.1
13.68,1.47,-0.3,1.72,2.29
13.69,1.87,-0.26,1.24,2.26
13.7,2.04,-0.15,0.7,2.16
13.71,2.07,0,0.26,2.09
13.72,2.09,0.08,-0.05,2.09
13.73,1.94,0.13,-0.24,1.96
13.74,1.42,0.19,-0.19,1.44
13.75,0.59,0.21,0.12,0.64
13.76,-0.32,0.14,0.52,0.62
13.77,-1.14,0.1,0.38,1.21
13.78,-1.89,0.06,-0.91,2.1
13.79,-2.54,-0.09,-6.29,6.78
13.8,-2.41,-0.6,-17.79,17.96
13.81,-1.57,-0.78,-15.99,16.09
13.82,-1.74,-0.39,-5.36,5.65
13.83,-2.49,-0.05,-1.83,3.09
13.84,-2.64,0.19,-0.84,2.78
13.85,-2.24,0.39,-0.51,2.33
13.86,-1.82,0.54,-0.4,1.94
13.87,-1.46,0.64,-0.3,1.63
13.88,-1.05,0.68,-0.23,1.27
13.89,-0.56,0.7,-0.12,0.9
13.9,-0.13,0.69,0.02,0.7
13.91,0.08,0.68,0.22,0.72
13.92,0.1,0.74,0.44,0.87
13.93,0.06,0.82,0.7,1.08
13.939,-0.07,0.87,0.95,1.29
13.949,-0.1,0.85,1.23,1.49
13.959,-0.06,0.77,1.49,1.68
13.97,-0.04,0.66,1.72,1.84
13.979,-0.06,0.53,1.85,1.93
13.989,-0.09,0.39,1.93,1.97
13.999,-0.15,0.25,1.97,1.99
14.009,-0.24,0.12,1.97,1.98
14.019,-0.29,-0.03,1.93,1.95
14.029,-0.38,-0.17,1.77,1.82
14.039,-0.54,-0.31,1.47,1.59
14.049,-0.75,-0.41,1.02,1.33
14.059,-0.9,-0.47,0.48,1.12
14.069,-1.03,-0.49,-0.18,1.15
14.079,-1.12,-0.46,-1.01,1.58
14.089,-1.11,-0.44,-3.05,3.28
14.099,-0.9,-0.47,-7.38,7.45
14.109,-0.46,-0.37,-10.12,10.13
14.119,-0.3,-0.16,-7.36,7.37
14.129,-0.65,-0.11,-3.26,3.33
14.139,-0.85,-0.19,-1.15,1.44
14.149,-0.75,-0.24,-0.33,0.85
14.159,-0.72,-0.24,-0.1,0.77
14.169,-0.69,-0.22,0.08,0.73
14.179,-0.68,-0.23,0.21,0.74
14.189,-0.64,-0.23,0.29,0.74
14.199,-0.6,-0.22,0.39,0.75
14.209,-0.52,-0.21,0.53,0.77
14.219,-0.46,-0.18,0.62,0.8
14.229,-0.46,-0.15,0.68,0.84
14.239,-0.5,-0.1,0.66,0.84
14.249,-0.59,-0.03,0.61,0.85
14.259,-0.63,0.04,0.5,0.81
14.269,-0.6,0.14,0.3,0.69
14.279,-0.59,0.25,0.07,0.64
14.289,-0.53,0.36,-0.1,0.64
14.299,-0.29,0.36,-0.18,0.5
14.309,0.07,0.32,-0.23,0.41
14.319,0.45,0.25,-0.38,0.64
14.329,0.68,0.2,-0.71,1
14.339,0.73,0.15,-1.2,1.41
14.349,0.66,0.14,-1.83,1.95
14.359,0.55,0.18,-2.64,2.71
14.369,0.36,0.27,-3.34,3.37
14.379,0.2,0.3,-3.4,3.42
14.389,0.07,0.27,-2.96,2.98
14.399,0.04,0.25,-2.57,2.59
14.409,0.19,0.25,-2.37,2.39
14.419,0.26,0.29,-2.15,2.19
14.429,0.12,0.37,-1.86,1.9
14.439,-0.02,0.46,-1.43,1.5
14.449,-0.13,0.54,-0.95,1.1
14.459,-0.23,0.69,-0.46,0.86
14.469,-0.29,0.85,0.03,0.9
14.479,-0.33,0.98,0.53,1.16
14.489,-0.28,1.01,1.29,1.66
14.499,-0.16,0.86,3.28,3.39
14.509,-0.08,0.62,5.58,5.62
14.519,-0.15,0.55,6.32,6.35
14.529,-0.1,0.62,5.06,5.1
14.539,0.32,0.62,2.93,3.01
14.549,0.81,0.57,1.17,1.53
14.559,1.13,0.6,0.07,1.28
14.569,1.2,0.73,-0.58,1.52
14.579,1.06,0.77,-0.96,1.63
14.589,0.94,0.79,-1.08,1.64
14.598,0.86,0.78,-0.96,1.51
14.608,0.75,0.74,-0.58,1.2
14.618,0.59,0.71,0.09,0.93
14.628,0.39,0.66,1.19,1.41
14.638,0.19,0.62,2.5,2.58
14.648,0.03,0.6,3.46,3.51
14.658,-0.09,0.64,3.57,3.63
14.668,-0.07,0.75,2.95,3.05
14.678,0.19,0.88,2.05,2.24
14.688,0.45,1.02,1.3,1.71
14.698,0.62,1.15,0.79,1.52
14.708,0.63,1.29,0.48,1.51
14.718,0.51,1.41,0.36,1.54
14.728,0.35,1.54,0.49,1.66
14.738,0.2,1.61,0.87,1.84
14.748,0.11,1.61,1.41,2.14
14.758,0.04,1.53,1.88,2.43
14.768,-0.07,1.38,2.13,2.54
14.778,-0.11,1.21,2.08,2.41
14.788,-0.11,1.03,1.82,2.09
14.798,-0.02,0.84,1.57,1.78
14.808,0.12,0.7,1.35,1.53
14.818,0.14,0.66,1.09,1.28
14.828,0.02,0.69,0.87,1.11
14.838,-0.13,0.78,0.77,1.11
14.848,-0.34,0.89,0.71,1.19
14.858,-0.72,1.03,0.62,1.4
14.868,-1.3,1.17,0.49,1.82
14.878,-1.98,1.28,0.33,2.38
14.888,-2.7,1.4,0.12,3.05
14.898,-3.49,1.52,-0.11,3.81
14.908,-4.35,1.66,-0.37,4.67
14.918,-5.19,1.84,-0.57,5.54
14.928,-5.94,2,-0.71,6.31
14.938,-6.5,2.15,-0.73,6.89
14.948,-6.9,2.28,-0.62,7.29
14.958,-7.19,2.34,-0.49,7.58
14.968,-7.36,2.32,-0.37,7.72
14.978,-7.23,2.25,-0.32,7.58
14.988,-6.92,2.21,-0.38,7.28
14.998,-6.47,2.22,-0.42,6.85
15.008,-5.66,2.18,-0.35,6.08
15.018,-4.47,1.99,-0.23,4.9
15.028,-3.09,1.64,-0.18,3.5
15.038,-1.66,1.28,-0.23,2.11
15.048,-0.04,0.84,-0.33,0.91
15.058,2.04,0.22,-0.33,2.07
15.068,4.7,-0.64,-0.28,4.75
15.078,7.72,-1.74,-0.39,7.92
15.088,10.35,-3.11,-0.98,10.85
15.098,12.18,-4.53,-2.2,13.18
15.108,13.29,-5.55,-3.73,14.88
15.118,14.13,-5.87,-4.7,16
15.128,15.89,-6.28,-4.26,17.61
15.138,18.97,-7.06,-2.3,20.37
15.148,22.3,-7.94,0.49,23.67
15.158,24.53,-8.77,2.22,26.15
15.168,24.97,-9.49,0.99,26.73
15.178,24.21,-9.7,-2.17,26.17
15.188,22.86,-9.98,-4.68,25.38
15.198,20.97,-10.47,-5.99,24.19
15.208,18.96,-10.7,-6.41,22.69
15.218,17.2,-10.64,-5.93,21.08
15.228,15.37,-10.39,-4.55,19.1
15.238,12.87,-9.92,-2.51,16.45
15.248,9.76,-8.83,0.07,13.16
15.257,6.47,-7.3,2.12,9.99
15.268,3.24,-5.68,2.65,7.06
15.278,-0.26,-4.11,2.07,4.6
15.287,-3.84,-2.76,1.58,4.99
15.298,-7.45,-1.42,1.66,7.77
15.307,-11.53,-0.02,1.98,11.7
15.317,-15.97,1.41,2.43,16.22
15.327,-19.39,2.72,3.62,19.92
15.337,-20.53,3.55,5.75,21.61
15.347,-19.59,3.63,7.62,21.33
15.357,-17.42,3.39,8.07,19.5
15.367,-15.06,3.16,6.95,16.89
15.377,-12.75,2.88,5.24,14.08
15.387,-10.7,2.64,3.74,11.64
15.397,-8.98,2.54,2.63,9.69
15.407,-7.69,2.52,1.9,8.32
15.417,-6.89,2.56,1.63,7.53
15.427,-6.58,2.59,1.77,7.29
15.437,-6.54,2.37,2.31,7.33
15.447,-6.53,1.92,3.13,7.5
15.457,-6.52,1.42,3.95,7.76
15.467,-6.55,0.83,4.33,7.9
15.477,-6.77,0.23,4.05,7.9
15.487,-7.34,-0.3,3.3,8.05
15.497,-8.1,-0.69,2.4,8.48
15.507,-8.8,-0.94,1.65,9
15.517,-9.25,-1.05,1.24,9.4
15.527,-9.66,-0.99,1.32,9.79
15.537,-10.02,-0.66,1.82,10.21
15.547,-10.32,-0.14,2.61,10.64
15.557,-10.61,0.43,3.37,11.14
15.567,-10.94,0.97,3.79,11.61
15.577,-11.32,1.47,3.71,12
15.587,-11.66,1.92,3.21,12.25
15.597,-11.82,2.26,2.68,12.33
15.607,-11.7,2.52,2.33,12.19
15.617,-11.43,2.67,2.26,11.95
15.627,-11.25,2.76,2.51,11.85
15.637,-11.2,2.76,2.86,11.89
15.647,-11.21,2.61,3.16,11.93
15.657,-11.06,2.32,3.32,11.78
15.667,-10.44,1.93,3.25,11.11
15.677,-9.17,1.57,2.83,9.72
15.687,-7.69,1.24,1.94,8.03
15.697,-6.54,0.99,0.82,6.66
15.707,-5.28,0.72,0.06,5.33
15.717,-2.98,0.2,0.26,3
15.727,1.08,-0.82,1.4,1.95
15.737,6.74,-2.23,2.67,7.58
15.747,12.6,-3.59,2.88,13.41
15.757,16.94,-4.26,1.45,17.53
15.767,19.45,-4.14,-0.56,19.89
15.777,19.55,-3.57,-2.55,20.03
15.787,19.22,-3.11,-4.14,19.91
15.797,20.9,-3.11,-4.33,21.57
15.807,21.99,-3.13,-3.69,22.51
15.817,20.79,-2.8,-3.34,21.25
15.827,19.55,-2.72,-3.08,19.98
15.837,18.42,-2.84,-2.78,18.84
15.847,16.49,-2.72,-2.68,16.93
15.857,14.25,-2.33,-2.76,14.7
15.867,11.85,-1.85,-2.86,12.33
15.877,9.51,-1.33,-2.78,9.99
15.887,7.48,-0.92,-2.59,7.96
15.897,5.98,-0.64,-2.2,6.41
15.907,4.75,-0.45,-1.66,5.05
15.917,3.61,-0.27,-1.16,3.8
15.927,2.69,-0.16,-0.76,2.8
15.937,1.59,-0.09,-0.48,1.66
15.947,0.02,0.12,-0.39,0.41
15.957,-1.5,0.37,-0.32,1.58
15.967,-2.68,0.55,-0.19,2.74
15.976,-3.62,0.67,-0.18,3.68
15.986,-4.45,0.77,-0.33,4.53
15.996,-5.32,0.89,-0.55,5.43
16.007,-5.96,1.02,-0.74,6.09
16.016,-6.19,1.15,-0.79,6.35
16.026,-6.15,1.29,-0.76,6.33
16.036,-6.29,1.48,-0.76,6.51
16.046,-6.43,1.66,-0.71,6.68
16.056,-6.31,1.72,-0.57,6.56
16.066,-5.93,1.71,-0.4,6.19
16.076,-5.45,1.71,-0.31,5.72
16.086,-4.82,1.67,-0.26,5.11
16.096,-3.91,1.6,-0.23,4.23
16.106,-2.65,1.45,-0.25,3.03
16.116,-1.5,1.37,-0.36,2.06
16.126,-0.74,1.31,-0.5,1.59
16.136,-0.03,1.18,-0.53,1.29
16.146,0.82,1,-0.47,1.38
16.156,1.64,0.83,-0.48,1.9
16.166,2.04,0.73,-0.57,2.24
16.176,2.11,0.65,-0.68,2.31
16.186,2.12,0.53,-0.74,2.3
16.196,2.11,0.32,-0.75,2.26
16.206,1.9,0.11,-0.76,2.05
16.216,1.48,-0.06,-0.75,1.66
16.226,1.14,-0.2,-0.71,1.35
16.236,1,-0.34,-0.65,1.24
16.246,0.92,-0.53,-0.74,1.3
16.256,0.66,-0.6,-0.95,1.3
16.266,0.41,-0.66,-1.11,1.35
16.276,0.34,-0.72,-1.12,1.38
16.286,0.4,-0.8,-1.15,1.45
16.296,0.33,-0.8,-1.19,1.47
16.306,0.11,-0.71,-1.15,1.36
16.316,-0.02,-0.56,-0.98,1.13
16.326,0,-0.4,-0.65,0.77
16.336,0.1,-0.23,-0.28,0.37
16.346,0.09,-0.04,0,0.1
16.356,-0.14,0.12,0.19,0.26
16.366,-0.4,0.22,0.35,0.57
16.376,-0.48,0.29,0.49,0.75
16.386,-0.49,0.28,0.59,0.82
16.396,-0.48,0.18,0.55,0.75
16.406,-0.47,0.03,0.33,0.58
16.416,-0.56,-0.14,0.03,0.58
16.426,-0.62,-0.31,-0.23,0.73
16.436,-0.53,-0.42,-0.35,0.76
16.446,-0.41,-0.45,-0.38,0.71
16.456,-0.27,-0.42,-0.29,0.58
16.466,-0.09,-0.38,-0.19,0.44
16.476,0.01,-0.31,-0.13,0.33
16.486,0.08,-0.23,-0.11,0.26
16.496,0.11,-0.16,-0.17,0.26
16.506,0.03,-0.11,-0.27,0.3
16.516,-0.05,-0.07,-0.37,0.38
16.526,-0.1,-0.04,-0.42,0.44
16.536,-0.11,-0.01,-0.43,0.44
16.546,-0.1,0.01,-0.43,0.44
16.556,-0.05,0.02,-0.42,0.42
16.566,0.04,0,-0.44,0.44
16.576,0.03,0,-0.54,0.54
16.586,-0.04,0.01,-0.62,0.62
16.596,-0.11,0.01,-0.66,0.67
16.606,-0.2,0.03,-0.67,0.7
16.616,-0.27,0.04,-0.64,0.7
16.626,-0.3,0.05,-0.52,0.6
16.635,-0.36,0.06,-0.42,0.55
16.646,-0.4,0.06,-0.3,0.5
16.655,-0.44,0.06,-0.21,0.49
16.665,-0.49,0.08,-0.17,0.53
16.675,-0.54,0.13,-0.13,0.57
16.685,-0.51,0.18,-0.08,0.55
16.695,-0.49,0.23,-0.08,0.55
16.705,-0.48,0.28,-0.12,0.57
16.715,-0.43,0.36,-0.18,0.59
16.725,-0.39,0.42,-0.26,0.63
16.735,-0.27,0.46,-0.27,0.6
16.745,-0.08,0.49,-0.24,0.55
16.755,0.06,0.54,-0.2,0.58
16.765,0.15,0.57,-0.17,0.61
16.775,0.3,0.58,-0.15,0.67
16.785,0.47,0.59,-0.13,0.77
16.795,0.67,0.6,-0.08,0.9
16.805,0.85,0.61,-0.06,1.05
16.815,1.04,0.61,-0.05,1.21
16.825,1.18,0.61,-0.07,1.33
16.835,1.18,0.59,-0.07,1.32
16.845,0.97,0.58,-0.16,1.14
16.855,0.5,0.6,-0.28,0.83
16.865,-0.02,0.64,-0.35,0.73
16.875,-0.45,0.68,-0.32,0.87
16.885,-0.88,0.74,-0.26,1.18
16.895,-1.37,0.83,-0.19,1.61
16.905,-1.8,0.93,-0.14,2.03
16.915,-2.21,1.07,-0.1,2.46
16.925,-2.68,1.25,-0.08,2.95
16.935,-3.12,1.44,-0.11,3.44
16.945,-3.63,1.67,-0.23,4
16.955,-4.23,1.92,-0.32,4.65
16.965,-5.01,2.2,-0.35,5.48
16.975,-5.77,2.49,-0.24,6.29
16.985,-6.54,2.76,0.07,7.1
16.995,-7.39,2.99,0.46,7.99
17.005,-8.23,3.15,0.95,8.86
17.015,-8.89,3.2,1.41,9.56
17.025,-9.4,3.16,1.58,10.05
17.035,-9.63,3.04,1.4,10.2
17.045,-9.31,2.87,0.98,9.79
17.055,-8.52,2.67,0.54,8.94
17.065,-7.4,2.43,0.18,7.79
17.075,-5.96,2.14,-0.05,6.33
17.085,-3.85,1.79,-0.06,4.25
17.095,-0.73,1.27,0.15,1.47
17.105,3.07,0.54,0.52,3.16
17.115,6.9,-0.31,0.71,6.95
17.125,9.64,-1.17,0.26,9.71
17.135,11.13,-2.02,-0.67,11.33
17.145,12.75,-2.98,-1.38,13.17
17.155,14.82,-4.05,-1.58,15.44
17.165,16.79,-5.17,-1.6,17.64
17.175,17.91,-6.26,-1.87,19.07
17.185,18.71,-7.32,-2.2,20.21
17.195,19.67,-8.27,-2.2,21.46
17.205,20.59,-9.11,-1.91,22.6
17.215,21.42,-9.86,-1.33,23.62
17.225,22.02,-10.25,-0.82,24.31
17.235,22.36,-10.27,-0.85,24.62
17.245,21.99,-10.01,-1.52,24.21
17.255,20.72,-9.43,-2.3,22.88
17.265,18.81,-8.65,-2.56,20.86
17.275,16.49,-7.88,-2.18,18.4
17.285,13.95,-7.07,-1.28,15.69
17.295,11.21,-6.16,0.06,12.8
17.305,8.47,-5.04,1.33,9.95
17.315,5.89,-3.72,2,7.25
17.324,3.44,-2.51,1.78,4.62
17.334,0.92,-1.56,0.85,2
17.344,-2.07,-0.41,-0.08,2.11
17.354,-5.33,0.9,-0.48,5.43
17.364,-8.97,2.22,-0.36,9.25
17.374,-13.18,3.5,0.26,13.64
17.384,-17.2,4.55,1.65,17.86
17.394,-19.39,4.93,4.04,20.41
17.404,-18.9,4.64,6.45,20.51
17.414,-16.4,4.02,7.17,18.35
17.424,-13.92,3.45,5.58,15.39
17.434,-12.6,3.07,2.98,13.3
17.444,-11.29,2.68,0.96,11.64
17.454,-9.6,2.33,0.03,9.88
17.464,-8.3,2.28,-0.23,8.61
17.474,-7.75,2.46,-0.11,8.13
17.484,-7.75,2.71,0.27,8.21
17.494,-7.7,2.82,1.02,8.26
17.504,-7.45,2.76,2.09,8.22
17.514,-7.32,2.51,3.07,8.33
17.524,-7.25,2.14,3.53,8.34
17.534,-7.17,1.64,3.26,8.04
17.544,-7.27,1.12,2.45,7.76
17.554,-7.62,0.64,1.55,7.8
17.564,-8.07,0.25,0.82,8.12
17.574,-8.69,-0.03,0.32,8.7
17.584,-9.43,-0.15,0.11,9.43
17.594,-10.18,-0.22,0.35,10.18
17.604,-10.77,-0.24,0.98,10.82
17.614,-11.23,-0.03,1.79,11.37
17.624,-11.58,0.36,2.48,11.85
17.634,-11.91,0.79,2.8,12.26
17.644,-12.14,1.18,2.76,12.51
17.654,-12.09,1.47,2.42,12.42
17.664,-11.86,1.69,1.9,12.13
17.674,-11.73,1.88,1.34,11.95
17.684,-11.6,2.03,0.89,11.81
17.694,-11.37,2.12,0.68,11.58
17.704,-11.14,2.16,0.71,11.37
17.714,-10.82,2.1,0.98,11.06
17.724,-10.3,1.93,1.44,10.58
17.734,-9.65,1.66,1.83,9.97
17.744,-9.05,1.35,1.77,9.32
17.754,-8.41,0.99,1.33,8.57
17.764,-7.42,0.53,0.81,7.48
17.774,-5.51,-0.02,0.59,5.54
17.784,-1.92,-0.73,1.01,2.29
17.794,3.11,-1.59,1.85,3.95
17.804,8.73,-2.54,2.49,9.43
17.814,14.19,-3.36,2.65,14.82
17.824,17.49,-3.71,1.91,17.99
17.834,17.86,-3.65,0.12,18.23
17.844,18.32,-3.54,-1.45,18.72
17.854,19.99,-3.54,-2.2,20.42
17.864,21,-3.55,-2.8,21.48
17.874,20.29,-3.4,-3.63,20.89
17.884,18.38,-3.13,-4.63,19.21
17.894,16.34,-2.97,-5.35,17.45
17.904,14.44,-2.91,-5.71,15.8
17.914,12.61,-2.78,-5.81,14.16
17.924,10.73,-2.54,-5.54,12.34
17.934,9.16,-2.32,-5.15,10.76
17.944,8.19,-2.17,-4.54,9.61
17.954,7.53,-2.05,-3.81,8.68
17.963,6.87,-1.87,-2.88,7.68
17.974,6.18,-1.65,-1.94,6.68
17.984,5.34,-1.33,-1.16,5.62
17.994,4.32,-0.92,-0.53,4.45
18.004,3.32,-0.52,0,3.37
18.013,2.41,-0.09,0.36,2.44
18.023,1.62,0.29,0.58,1.75
18.033,1.13,0.51,0.72,1.43
18.043,0.65,0.62,0.7,1.14
18.053,0.19,0.69,0.61,0.94
18.063,-0.2,0.76,0.42,0.89
18.073,-0.55,0.86,0.22,1.04
18.083,-0.97,0.92,-0.04,1.34
18.093,-1.51,0.98,-0.3,1.83
18.103,-2.09,1.01,-0.6,2.4
18.113,-2.83,1.01,-0.85,3.12
18.123,-3.68,0.98,-0.95,3.92
18.133,-4.39,0.93,-1.01,4.6
18.143,-4.93,0.87,-1.12,5.13
18.153,-5.2,0.79,-1.28,5.42
18.163,-5.23,0.69,-1.42,5.46
18.173,-5.03,0.57,-1.59,5.31
18.183,-4.59,0.42,-1.76,4.94
18.193,-4.11,0.31,-1.86,4.52
18.203,-3.56,0.22,-1.91,4.05
18.213,-2.99,0.18,-1.85,3.52
18.223,-2.48,0.16,-1.66,2.98
18.233,-1.96,0.16,-1.36,2.4
18.243,-1.44,0.15,-1.05,1.79
18.253,-0.9,0.15,-0.7,1.15
18.263,-0.42,0.16,-0.35,0.57
18.273,-0.14,0.18,-0.02,0.23
18.283,-0.07,0.23,0.26,0.35
18.293,-0.08,0.26,0.5,0.57
18.303,-0.12,0.27,0.7,0.75
18.313,-0.18,0.26,0.92,0.98
18.323,-0.3,0.22,1.06,1.12
18.333,-0.32,0.21,1.14,1.2
18.343,-0.2,0.21,1.17,1.21
18.353,-0.18,0.21,1.12,1.15
18.363,-0.13,0.21,0.99,1.03
18.373,0.08,0.19,0.9,0.92
18.383,0.25,0.16,0.77,0.82
18.393,0.3,0.12,0.59,0.67
18.403,0.36,0.05,0.38,0.53
18.413,0.31,-0.02,0.14,0.34
18.423,0.16,-0.1,-0.08,0.2
18.433,0.04,-0.18,-0.21,0.28
18.443,0.04,-0.27,-0.26,0.38
18.453,0.05,-0.34,-0.2,0.39
18.463,0.12,-0.36,-0.11,0.39
18.473,0.11,-0.34,-0.05,0.36
18.483,0.08,-0.31,0.02,0.32
18.493,0.05,-0.28,0.11,0.3
18.503,0.02,-0.26,0.25,0.36
18.513,0.06,-0.24,0.4,0.47
18.523,0.12,-0.25,0.55,0.61
18.533,0.14,-0.25,0.68,0.74
18.543,0.11,-0.21,0.82,0.85
18.553,0.05,-0.15,1.02,1.03
18.563,0.02,-0.03,1.21,1.21
18.573,0.02,0.12,1.28,1.29
18.583,-0.03,0.3,1.17,1.21
18.593,-0.02,0.43,0.9,1
18.603,0.07,0.5,0.52,0.73
18.613,0.08,0.57,0.14,0.59
18.623,0.05,0.64,-0.19,0.66
18.633,0.06,0.69,-0.35,0.78
18.643,0.11,0.72,-0.44,0.85
18.653,0.13,0.75,-0.45,0.89
18.662,0.15,0.8,-0.45,0.93
18.673,0.14,0.85,-0.41,0.95
18.683,0.15,0.89,-0.34,0.97
18.693,0.24,0.91,-0.27,0.98
18.702,0.31,0.9,-0.19,0.97
18.712,0.4,0.84,-0.13,0.94
18.723,0.48,0.74,-0.11,0.89
18.732,0.44,0.68,-0.14,0.82
18.742,0.38,0.62,-0.15,0.74
18.752,0.34,0.61,-0.15,0.71
18.762,0.21,0.64,-0.14,0.68
18.772,0.03,0.68,-0.12,0.69
18.782,-0.09,0.75,-0.13,0.76
18.792,-0.21,0.81,-0.13,0.85
18.802,-0.37,0.87,-0.09,0.95
18.812,-0.48,0.95,-0.04,1.06
18.822,-0.61,1,-0.04,1.18
18.832,-0.82,1.07,-0.07,1.36
18.842,-1.05,1.16,-0.11,1.57
18.852,-1.15,1.22,-0.07,1.68
18.862,-1.28,1.3,-0.02,1.82
18.872,-1.48,1.39,0.05,2.03
18.882,-1.73,1.46,0.07,2.26
18.892,-2.04,1.53,0.03,2.56
18.902,-2.42,1.6,-0.04,2.9
18.912,-2.96,1.69,-0.17,3.41
18.922,-3.66,1.8,-0.31,4.09
18.932,-4.39,1.93,-0.44,4.82
18.942,-5.23,2.05,-0.54,5.65
18.952,-6.13,2.14,-0.5,6.52
18.962,-7.18,2.15,-0.33,7.5
18.972,-8.31,2.06,0.13,8.57
18.982,-9.17,1.87,1.22,9.43
18.992,-9.57,1.66,2.65,10.07
19.002,-9.48,1.54,3.72,10.3
19.012,-8.91,1.56,3.89,9.85
19.022,-8.08,1.68,3.2,8.85
19.032,-6.85,1.79,2.2,7.41
19.042,-4.89,1.81,1.42,5.41
19.052,-1.97,1.7,0.99,2.78
19.062,1.65,1.5,0.88,2.4
19.072,5.49,1.02,0.8,5.64
19.082,8.97,0.31,0.5,8.99
19.092,11.76,-0.59,-0.14,11.78
19.102,13.41,-1.69,-1.33,13.59
19.112,13.98,-2.89,-2.71,14.53
19.122,14.18,-4.22,-3.9,15.3
19.132,14.33,-5.66,-4.81,16.14
19.142,14.96,-6.98,-5.05,17.27
19.152,16.66,-8.15,-4.46,19.07
19.162,19.28,-8.91,-3.49,21.52
19.172,21.95,-9.15,-2.59,23.92
19.182,23.32,-8.98,-2.21,25.09
19.192,23.27,-8.52,-2.31,24.88
19.202,22.78,-8.05,-2.36,24.27
19.212,21.88,-7.63,-2.12,23.27
19.222,20.38,-7.14,-1.62,21.66
19.232,18.66,-6.77,-0.74,19.87
19.242,16.48,-6.46,-0.13,17.7
19.252,13.94,-6.01,-0.15,15.18
19.262,11.4,-5.42,-0.49,12.63
19.272,8.68,-4.66,-1.16,9.92
19.282,5.35,-3.63,-1.81,6.71
19.292,1.35,-2.46,-2.17,3.55
19.302,-2.5,-1.35,-1.85,3.39
19.312,-5.98,-0.18,-1.07,6.08
19.322,-10.35,1.11,-0.32,10.41
19.332,-16.01,2.42,-0.29,16.2
19.342,-21.15,3.56,-0.82,21.46
19.351,-22.1,3.99,-0.48,22.47
19.361,-19.01,3.75,1.53,19.44
19.372,-15.52,3.3,3.7,16.29
19.382,-13.09,3.14,5.3,14.47
19.391,-11.15,3.19,5.93,13.03
19.401,-9.14,3.08,5.75,11.23
19.411,-7.2,2.77,4.81,9.09
19.421,-6.33,2.5,3.5,7.66
19.431,-6.48,2.11,2.29,7.19
19.441,-6.86,1.59,1.7,7.24
19.451,-6.82,0.98,1.88,7.15
19.461,-6.71,0.33,2.58,7.19
19.471,-7.05,-0.29,3.42,7.84
19.481,-7.7,-0.86,4.09,8.76
19.491,-8.44,-1.37,4.24,9.54
19.501,-9.22,-1.76,3.79,10.12
19.511,-9.86,-1.92,2.96,10.47
19.521,-10.31,-1.73,2.17,10.68
19.531,-10.65,-1.4,1.7,10.88
19.541,-10.88,-0.91,1.77,11.06
19.551,-10.95,-0.21,2.35,11.2
19.561,-10.94,0.5,3.13,11.39
19.571,-10.85,1.11,3.84,11.57
19.581,-10.6,1.57,4.24,11.52
19.591,-10.18,1.85,4.11,11.13
19.601,-9.95,1.96,3.45,10.72
19.611,-9.87,1.91,2.61,10.38
19.621,-9.66,1.72,1.93,10
19.631,-9.54,1.45,1.63,9.79
19.641,-9.74,1.15,1.59,9.93
19.651,-9.97,0.78,1.79,10.16
19.661,-10.01,0.47,2.11,10.24
19.671,-9.92,0.26,2.44,10.21
19.681,-9.73,0.16,2.52,10.06
19.691,-9.49,0.16,2.22,9.74
19.701,-9.07,0.23,1.74,9.24
19.711,-8.6,0.28,1.22,8.69
19.721,-8.13,0.27,0.8,8.18
19.731,-7.41,0.18,0.66,7.44
19.741,-5.32,-0.06,1.07,5.43
19.751,-0.87,-0.55,2.05,2.3
19.761,5.16,-1.27,2.85,6.03
19.771,11.38,-1.89,2.83,11.87
19.781,16.47,-2.34,1.84,16.73
19.791,19.18,-2.55,0.22,19.35
19.801,20.24,-2.73,-1.53,20.48
19.811,21.87,-3.11,-2.62,22.25
19.821,24.38,-3.76,-2.71,24.82
19.831,26.06,-4.46,-2.53,26.56
19.841,23.74,-4.59,-3.7,24.46
19.851,19.31,-4.34,-5.34,20.5
19.861,15.75,-4.14,-6.03,17.37
19.871,12.98,-3.9,-6.09,14.86
19.881,10.62,-3.46,-5.54,12.47
19.891,9.11,-3.07,-4.46,10.59
19.901,8.36,-2.72,-3.2,9.35
19.911,7.74,-2.34,-1.85,8.29
19.921,6.29,-2.18,-0.49,6.67
19.931,3.21,-2.26,0.75,4
19.941,-0.26,-2.14,0.76,2.28
19.951,-1.63,-1.44,-1.83,2.85
19.961,-0.1,-0.16,-7.85,7.85
19.971,1.53,1.94,-17.51,17.68
19.981,2.1,2.3,-14.92,15.24
19.991,1.04,0.55,-5.23,5.36
20.001,-1.04,0.1,-2.87,3.06
20.011,-2.31,0.13,-2.26,3.23
20.021,-3.02,0.24,-1.74,3.49
20.03,-3.62,0.43,-1.12,3.81
20.041,-4.35,0.72,-0.54,4.44
20.051,-5.16,1.08,0,5.27
20.061,-5.82,1.47,0.51,6.03
20.07,-6.18,1.86,0.99,6.53
20.08,-6.3,2.32,2.15,7.05
20.09,-6.38,2.7,4.26,8.13
20.1,-6.38,2.94,5.94,9.2
20.11,-6.38,3.13,6.14,9.4
20.12,-6.29,3.25,4.85,8.58
20.13,-5.81,3.13,3.03,7.26
20.14,-4.83,2.82,1.52,5.8
20.15,-3.8,2.47,0.54,4.57
20.16,-2.84,2.14,0.04,3.56
20.17,-1.61,1.8,0,2.41
20.18,0.31,1.44,0.44,1.53
20.19,2.62,1.08,1.21,3.09
20.2,4.56,0.8,1.95,5.02
20.21,5.38,0.7,2.27,5.88
20.22,4.96,0.72,2.04,5.41
20.23,4.06,0.74,1.56,4.42
20.24,3.35,0.71,1.19,3.62
20.25,2.63,0.64,0.95,2.87
20.26,1.79,0.54,0.79,2.03
20.27,0.93,0.41,0.75,1.26
20.28,0.21,0.16,0.93,0.96
20.29,-0.31,-0.23,1.27,1.33
20.3,-0.68,-0.74,1.67,1.95
20.31,-0.92,-1.26,1.96,2.5
20.32,-1.01,-1.61,1.98,2.75
20.33,-1.05,-1.78,1.75,2.71
20.34,-1.11,-1.77,1.4,2.52
20.35,-1.23,-1.67,1.09,2.34
20.36,-1.5,-1.54,0.84,2.3
20.37,-1.55,-1.43,0.56,2.18
20.38,-1.5,-1.33,0.11,2
20.39,-1.42,-1.21,-0.5,1.93
20.4,-1.11,-1.05,-1.22,1.96
20.41,-0.6,-0.9,-1.93,2.21
20.42,-0.01,-0.76,-2.61,2.71
20.43,0.48,-0.59,-3.28,3.37
20.44,0.68,-0.38,-3.95,4.03
20.45,0.92,-0.27,-4.5,4.6
20.46,0.94,-0.18,-4.51,4.61
20.47,0.78,-0.17,-3.8,3.88
20.48,0.66,-0.23,-3.04,3.12
20.49,0.48,-0.25,-2.55,2.61
20.5,0.21,-0.19,-2.07,2.09
20.51,0.02,-0.1,-1.53,1.53
20.52,-0.14,0.03,-0.94,0.95
20.53,-0.24,0.18,-0.35,0.46
20.54,-0.34,0.33,0.17,0.5
20.55,-0.42,0.53,0.64,0.93
20.56,-0.47,0.75,1.14,1.45
20.57,-0.42,0.97,1.81,2.1
20.58,-0.45,1.13,2.36,2.66
20.59,-0.51,1.28,2.5,2.85
20.6,-0.45,1.34,2.16,2.58
20.61,-0.13,1.28,1.51,1.99
20.62,0.16,1.13,0.87,1.44
20.63,0.28,0.97,0.35,1.06
20.64,0.46,0.83,-0.01,0.95
20.65,0.59,0.71,-0.32,0.98
20.66,0.49,0.62,-0.59,0.99
20.67,0.34,0.5,-0.74,0.96
20.68,0.25,0.38,-0.77,0.89
20.69,0.08,0.26,-0.73,0.78
20.7,-0.07,0.16,-0.64,0.67
20.71,-0.2,0.04,-0.52,0.56
20.72,-0.39,-0.06,-0.38,0.55
20.729,-0.53,-0.14,-0.24,0.6
20.739,-0.55,-0.21,-0.13,0.6
20.75,-0.59,-0.26,-0.07,0.65
20.76,-0.66,-0.3,-0.08,0.73
20.77,-0.64,-0.34,-0.15,0.74
20.779,-0.57,-0.36,-0.23,0.71
20.789,-0.51,-0.35,-0.31,0.69
20.799,-0.41,-0.35,-0.35,0.64
20.809,-0.23,-0.34,-0.37,0.55
20.819,-0.03,-0.35,-0.38,0.52
20.829,0.13,-0.36,-0.38,0.54
20.839,0.18,-0.38,-0.38,0.57
20.849,0.15,-0.37,-0.38,0.55
20.859,0.13,-0.34,-0.3,0.47
20.869,0.16,-0.31,-0.16,0.38
20.879,0.16,-0.26,-0.02,0.31
20.889,0.14,-0.18,0.11,0.25
20.899,0.1,-0.1,0.24,0.28
20.909,0.11,-0.04,0.35,0.37
20.919,0.08,0,0.44,0.45
20.929,0,0.05,0.52,0.53
20.939,-0.07,0.13,0.6,0.62
20.949,-0.16,0.19,0.69,0.73
20.959,-0.2,0.25,0.77,0.83
20.969,-0.27,0.3,0.79,0.89
20.979,-0.33,0.37,0.8,0.95
20.989,-0.31,0.44,0.81,0.98
20.999,-0.27,0.49,0.75,0.93
21.009,-0.32,0.54,0.63,0.89
21.019,-0.38,0.57,0.49,0.84
21.029,-0.49,0.6,0.34,0.84
21.039,-0.66,0.64,0.17,0.93
21.049,-0.89,0.7,-0.01,1.14
21.059,-1.23,0.79,-0.16,1.47
21.069,-1.67,0.89,-0.27,1.91
21.079,-2.21,1.01,-0.37,2.46
21.089,-2.92,1.14,-0.46,3.17
21.099,-3.85,1.27,-0.56,4.09
21.109,-5,1.39,-0.7,5.24
21.119,-6.29,1.53,-0.86,6.53
21.129,-7.43,1.7,-0.91,7.68
21.139,-8.43,1.82,-0.84,8.66
21.149,-9.05,1.97,-0.44,9.27
21.159,-9.25,2.07,0.59,9.49
21.169,-9.26,2.05,2.07,9.71
21.179,-8.85,2.02,3.44,9.71
21.189,-8.14,2.08,3.9,9.26
21.199,-7.04,2.17,3.34,8.09
21.209,-5.43,2.18,2.09,6.21
21.219,-3.34,2.03,0.75,3.98
21.229,-1.07,1.7,-0.24,2.02
21.239,1.58,1.16,-0.38,1.99
21.249,4.76,0.37,0.39,4.79
21.259,7.98,-0.69,1.18,8.1
21.269,10.54,-1.98,1.52,10.83
21.279,11.9,-3.35,1.19,12.42
21.289,12.63,-4.72,0.34,13.49
21.299,13.88,-6.5,-1.3,15.38
21.309,15.56,-7.97,-4.45,18.04
21.319,17.67,-7.67,-6.52,20.33
21.329,21.08,-6.69,-5.74,22.85
21.339,25.06,-7.17,-4.56,26.46
21.349,26.07,-7.89,-4.29,27.57
21.359,24.74,-8.41,-4.38,26.5
21.369,23.69,-9.03,-3.48,25.59
21.379,22.34,-9.5,-1.61,24.33
21.389,19.85,-9.46,0.52,22
21.399,17.34,-9.14,2.19,19.72
21.409,15.45,-8.77,2.75,17.98
21.419,13.39,-8.2,1.84,15.81
21.428,10.69,-7.38,0.44,13
21.438,7.35,-6.39,-0.46,9.75
21.449,3.74,-5.05,-0.43,6.3
21.458,0.72,-3.2,1.35,3.55
21.469,-2.62,-0.99,3.68,4.62
21.478,-7.13,1.06,4.69,8.6
21.488,-12.12,2.63,4.18,13.09
21.498,-17.88,3.73,2.04,18.38
21.508,-22.86,4.54,-0.52,23.32
21.518,-22.93,5.01,-1.13,23.5
21.528,-17.8,4.87,0.23,18.45
21.538,-12.84,4.69,1.25,13.72
21.548,-10.31,4.93,1.59,11.54
21.558,-8.25,5.07,1.74,9.84
21.568,-6.2,4.85,1.98,8.11
21.578,-5.16,4.27,2.06,7.01
21.588,-5.64,3.71,1.85,7
21.598,-6.6,3.19,1.87,7.56
21.608,-7.05,2.64,2.52,7.94
21.618,-7.11,2.07,3.3,8.11
21.628,-7.12,1.58,3.61,8.14
21.638,-7.08,1.15,3.29,7.89
21.648,-7.31,0.76,2.55,7.78
21.658,-7.86,0.42,1.71,8.06
21.668,-8.49,0.24,1.18,8.58
21.678,-9.02,0.28,1.2,9.11
21.688,-9.56,0.5,1.68,9.72
21.698,-10.11,0.97,2.3,10.41
21.708,-10.62,1.57,2.72,11.07
21.718,-11.04,2.12,2.84,11.6
21.728,-11.13,2.57,2.76,11.75
21.738,-10.9,2.85,2.45,11.53
21.748,-10.52,2.91,2.01,11.1
21.758,-10,2.81,1.49,10.49
21.768,-9.67,2.6,0.87,10.05
21.778,-9.66,2.38,0.36,9.95
21.788,-9.83,2.14,0.1,10.06
21.798,-10.11,2,0.03,10.31
21.808,-10.71,1.95,0.03,10.89
21.818,-11.37,2.03,0.12,11.55
21.828,-11.78,2.22,0.3,12
21.838,-11.75,2.44,0.69,12.02
21.848,-11.32,2.75,1.27,11.71
21.858,-10.73,3.15,1.84,11.33
21.868,-9.98,3.53,2.35,10.85
21.878,-9.2,3.77,2.71,10.3
21.888,-8.84,3.69,2.68,9.95
21.898,-8.4,3.22,2.56,9.36
21.908,-6.57,2.43,2.7,7.51
21.918,-3,1.45,2.93,4.44
21.928,1.97,0.51,2.96,3.59
21.938,8.18,-0.31,3.01,8.72
21.948,13.89,-1.1,2.92,14.24
21.958,16.62,-1.96,1.78,16.83
21.968,16.93,-2.94,-0.32,17.19
21.979,16.35,-3.98,-2.59,17.03
21.988,15.84,-5.11,-4.36,17.2
21.998,14.94,-6.25,-5.64,17.15
22.008,12.94,-6.63,-6.52,15.93
22.018,11.52,-7.97,-8,16.14
22.028,8.42,-9.35,-13.63,18.55
22.038,4.36,-5.72,-13.39,15.2
22.048,6.36,-3.37,-9.3,11.76
22.057,9.41,-2.66,-6.5,11.75
22.067,9.45,-1.84,-5.01,10.86
22.078,8.36,-1.33,-3.92,9.32
22.087,7.91,-1.36,-2.57,8.42
22.098,7.25,-1.49,-1.51,7.55
22.107,6.1,-1.44,-0.72,6.31
22.117,5.18,-1.37,0.14,5.36
22.127,4.52,-1.31,1.08,4.83
22.137,4.09,-1.22,1.92,4.68
22.147,4.02,-1.1,2.56,4.89
22.157,4.2,-0.98,2.96,5.23
22.167,4.3,-0.85,3.06,5.34
22.178,4.2,-0.68,3,5.21
22.187,4.13,-0.55,2.91,5.08
22.197,4.2,-0.45,2.55,4.93
22.207,4.12,-0.38,1.93,4.57
22.217,3.95,-0.33,1.28,4.17
22.227,3.75,-0.39,0.74,3.84
22.237,3.44,-0.56,0.32,3.5
22.247,3.06,-0.84,0.02,3.17
22.257,2.38,-1.17,-0.15,2.65
22.267,1.5,-1.53,-0.11,2.14
22.277,0.69,-1.8,0.03,1.93
22.287,0.19,-1.92,-0.12,1.93
22.297,0.23,-1.92,-0.64,2.04
22.307,0.87,-1.95,-1.12,2.41
22.317,1.55,-2.1,-1.46,2.99
22.327,2,-2.23,-1.8,3.49
22.337,2.04,-2.34,-2.08,3.74
22.347,1.8,-2.36,-2.19,3.68
22.357,1.32,-2.25,-2.02,3.3
22.367,0.7,-1.99,-1.52,2.6
22.377,0,-1.61,-0.64,1.73
22.387,-0.63,-1.15,0.37,1.36
22.397,-1.27,-0.61,1.01,1.73
22.407,-1.84,-0.17,1.04,2.12
22.417,-2.1,0.04,0.57,2.17
22.427,-2.08,0.21,0.04,2.09
22.437,-2.04,0.41,-0.31,2.1
22.447,-2.07,0.69,-0.52,2.24
22.457,-2.25,1.02,-0.66,2.56
22.467,-2.52,1.31,-0.7,2.92
22.477,-2.78,1.58,-0.69,3.27
22.487,-2.96,1.83,-0.58,3.53
22.497,-3.11,2.05,-0.46,3.75
22.507,-3.22,2.23,-0.28,3.93
22.517,-3.19,2.32,-0.01,3.95
22.527,-3.21,2.34,0.23,3.98
22.537,-3.32,2.28,0.34,4.04
22.547,-3.36,2.11,0.37,3.99
22.557,-3.29,1.87,0.28,3.8
22.567,-3.16,1.58,0.1,3.54
22.577,-2.93,1.3,-0.07,3.21
22.587,-2.49,1.03,-0.16,2.7
22.597,-2.02,0.75,-0.26,2.17
22.607,-1.78,0.53,-0.41,1.9
22.617,-1.65,0.35,-0.6,1.79
22.627,-1.53,0.2,-0.8,1.74
22.637,-1.56,0.1,-0.95,1.83
22.647,-1.65,0.04,-0.99,1.92
22.657,-1.68,-0.05,-0.86,1.89
22.667,-1.65,-0.18,-0.53,1.74
22.677,-1.61,-0.33,-0.08,1.65
22.687,-1.52,-0.44,0.44,1.65
22.697,-1.33,-0.49,0.91,1.68
22.707,-1.12,-0.49,1.17,1.7
22.717,-1.08,-0.38,1.18,1.64
22.727,-0.97,-0.24,1.04,1.44
22.737,-0.59,-0.13,0.84,1.04
22.747,-0.3,-0.03,0.66,0.73
22.757,-0.16,0.07,0.58,0.6
22.766,-0.01,0.15,0.6,0.62
22.776,0.17,0.17,0.84,0.87
22.786,0.41,0.15,1.24,1.32
22.796,0.6,0.12,1.54,1.66
22.806,0.8,0.11,1.74,1.92
22.816,0.9,0.06,1.86,2.06
22.826,1,-0.06,1.85,2.1
22.836,1.16,-0.25,1.72,2.1
22.846,1.31,-0.48,1.52,2.06
22.856,1.41,-0.72,1.2,1.99
22.866,1.54,-0.96,0.89,2.03
22.876,1.7,-1.19,0.52,2.14
22.886,1.6,-1.37,0.02,2.11
22.896,1.3,-1.46,-0.48,2.02
22.906,0.91,-1.48,-0.88,1.95
22.916,0.59,-1.5,-1.13,1.97
22.926,0.33,-1.47,-1.25,1.96
22.936,0.05,-1.36,-1.25,1.85
22.946,-0.15,-1.17,-1.13,1.63
22.956,-0.21,-0.91,-0.88,1.28
22.966,-0.22,-0.62,-0.57,0.87
22.976,-0.28,-0.34,-0.31,0.54
22.986,-0.35,-0.09,-0.13,0.39
22.996,-0.43,0.16,0,0.46
23.006,-0.47,0.37,0.12,0.61
23.016,-0.47,0.56,0.23,0.77
23.026,-0.43,0.72,0.33,0.9
23.036,-0.35,0.86,0.37,1
23.046,-0.16,0.97,0.32,1.03
23.056,-0.01,1.07,0.16,1.08
23.066,-0.04,1.17,-0.11,1.18
23.076,-0.07,1.27,-0.35,1.31
23.086,-0.03,1.29,-0.57,1.41
23.096,-0.03,1.28,-0.74,1.48
23.106,-0.03,1.23,-0.88,1.51
23.116,-0.03,1.16,-1.09,1.59
23.126,0.04,1.11,-1.33,1.74
23.136,0.15,1.08,-1.58,1.92
23.146,0.24,1.04,-1.71,2.02
23.156,0.33,0.95,-1.56,1.86
23.166,0.42,0.82,-1.14,1.46
23.176,0.44,0.68,-0.63,1.03
23.186,0.41,0.57,-0.2,0.73
23.196,0.4,0.48,0.1,0.63
23.206,0.32,0.43,0.27,0.6
23.216,0.27,0.41,0.39,0.63
23.226,0.24,0.41,0.49,0.68
23.236,0.09,0.44,0.53,0.69
23.246,-0.16,0.48,0.52,0.72
23.256,-0.46,0.53,0.47,0.85
23.266,-0.72,0.59,0.47,1.04
23.276,-0.96,0.68,0.5,1.27
23.286,-1.19,0.74,0.54,1.5
23.296,-1.44,0.84,0.6,1.77
23.306,-1.74,0.95,0.67,2.09
23.316,-2.05,1.05,0.71,2.41
23.326,-2.41,1.19,0.69,2.78
23.336,-2.92,1.36,0.68,3.29
23.346,-3.46,1.55,0.73,3.86
23.356,-4.08,1.77,0.77,4.52
23.366,-4.81,1.96,0.79,5.25
23.376,-5.44,2.14,0.76,5.9
23.386,-5.98,2.22,0.69,6.42
23.396,-6.67,2.27,0.49,7.07
23.406,-7.31,2.31,0.27,7.67
23.416,-7.75,2.38,0.08,8.1
23.426,-7.91,2.46,-0.01,8.28
23.435,-7.87,2.52,0,8.26
23.446,-7.71,2.5,-0.02,8.1
23.455,-7.42,2.45,-0.16,7.81
23.465,-6.86,2.34,-0.25,7.25
23.476,-6.03,2.09,-0.14,6.39
23.486,-4.68,1.71,0.06,4.98
23.495,-2.82,1.13,0.21,3.04
23.505,-0.45,0.36,0.28,0.64
23.515,2.49,-0.5,0.42,2.58
23.525,5.65,-1.33,0.68,5.84
23.535,8.2,-1.98,0.94,8.49
23.545,10.57,-2.74,1.08,10.97
23.556,12.94,-3.75,0.94,13.5
23.566,14.17,-4.88,0.07,14.99
23.576,14.15,-6.02,-1.34,15.44
23.585,13.9,-7.11,-2.36,15.79
23.595,14.36,-8.18,-2.55,16.73
23.606,15.48,-9.08,-2.15,18.08
23.615,16.93,-9.69,-1.56,19.57
23.626,18.3,-9.79,-1.21,20.8
23.636,19.25,-9.33,-1.58,21.44
23.645,19.44,-8.42,-2.73,21.36
23.656,19.7,-7.42,-3.71,21.38
23.665,20.27,-6.51,-4.27,21.71
23.676,20.23,-5.64,-4.73,21.53
23.685,18.81,-4.8,-5.19,20.09
23.695,16.41,-4.02,-5.55,17.78
23.706,14.16,-3.43,-5.49,15.57
23.715,12.12,-2.85,-5.32,13.54
23.725,9.98,-2.23,-4.91,11.35
23.735,7.7,-1.59,-4.04,8.83
23.745,5.29,-0.73,-2.76,6.01
23.755,3,0.23,-1.41,3.33
23.765,0.34,1.02,-0.4,1.15
23.775,-3.27,1.72,0.25,3.7
23.785,-7.72,2.32,0.52,8.07
23.795,-12.83,2.94,0.77,13.19
23.805,-18.18,3.36,1.16,18.52
23.815,-22.47,3.16,2.8,22.86
23.825,-23.43,1.53,7.02,24.51
23.835,-20.06,-0.16,8.59,21.82
23.845,-15.32,-0.47,5.62,16.33
23.855,-12.04,0.28,2.31,12.27
23.865,-9.46,0.92,0.93,9.55
23.875,-7.05,1.3,0.81,7.21
23.885,-5.5,1.72,0.93,5.83
23.895,-5.56,2.17,0.97,6.05
23.905,-6.44,2.46,0.96,6.96
23.915,-6.78,2.35,1.28,7.29
23.925,-6.65,1.96,2.07,7.23
23.935,-6.84,1.41,3.34,7.74
23.945,-7.53,0.73,4.82,8.97
23.955,-8.33,0.12,5.7,10.1
23.965,-9.09,-0.33,5.32,10.54
23.975,-9.64,-0.58,4.05,10.48
23.985,-10.15,-0.54,2.64,10.5
23.995,-10.67,-0.29,1.64,10.8
24.005,-10.98,-0.12,1.23,11.05
24.015,-11,0.07,1.38,11.08
24.025,-10.76,0.41,2,10.95
24.035,-10.53,0.78,2.83,10.93
24.045,-10.41,1.13,3.61,11.08
24.055,-10.41,1.4,3.97,11.23
24.065,-10.36,1.54,3.78,11.13
24.075,-10.24,1.55,3.22,10.84
24.085,-10.16,1.45,2.53,10.57
24.095,-10.34,1.42,1.84,10.6
24.105,-10.77,1.5,1.33,10.95
24.114,-11.21,1.72,1.17,11.4
24.125,-11.4,1.98,1.5,11.67
24.134,-10.96,2.27,2.5,11.46
24.145,-10,2.6,3.78,11
24.154,-9.03,2.96,4.64,10.58
24.164,-8.12,3.19,4.54,9.84
24.175,-7.44,3.11,3.53,8.8
24.185,-6.96,2.69,2.19,7.78
24.194,-6.07,2,1.13,6.49
24.204,-4.11,1.04,0.79,4.32
24.214,-0.22,-0.3,1.35,1.4
24.224,5.61,-1.81,2.67,6.47
24.234,11.5,-3.23,3.73,12.52
24.245,14.75,-4.29,3.28,15.71
24.255,16.52,-5.21,1.85,17.42
24.265,17.27,-5.96,0.05,18.27
24.275,17.24,-6.48,-1.56,18.48
24.284,18.13,-7.4,-2.01,19.69
24.295,18,-8.62,-1.65,20.02
24.304,13.38,-8.43,-4.24,16.37
24.314,8.86,-6.87,-8.74,14.22
24.324,8.82,-5.78,-10.41,14.82
24.334,10.54,-5.31,-9.66,15.25
24.344,10.46,-4.59,-8.65,14.32
24.354,9.43,-3.7,-7.8,12.78
24.364,8.9,-2.94,-6.97,11.69
24.374,9.17,-2.46,-6.08,11.27
24.384,9.27,-2.08,-5.15,10.81
24.394,8.26,-1.31,-4.28,9.4
24.404,6.79,-0.36,-3.42,7.61
24.414,5.81,0.19,-2.72,6.42
24.424,5.15,0.48,-2.17,5.61
24.434,4.27,0.82,-1.86,4.72
24.444,3.11,1.03,-1.75,3.72
24.454,2.13,1.13,-1.63,2.9
24.464,1.44,1.14,-1.4,2.31
24.474,1.04,1.08,-1.06,1.84
24.484,0.65,1.03,-0.73,1.42
24.494,0.28,1.02,-0.41,1.14
24.504,-0.06,1.1,-0.08,1.1
24.514,-0.49,1.25,0.18,1.36
24.524,-0.84,1.44,0.41,1.71
24.534,-1.08,1.6,0.61,2.02
24.544,-1.33,1.69,0.78,2.29
24.554,-1.64,1.76,0.89,2.56
24.564,-1.92,1.75,1,2.79
24.574,-2.15,1.67,1.1,2.93
24.584,-2.29,1.58,1.18,3.02
24.594,-2.34,1.43,1.25,3.01
24.604,-2.32,1.27,1.24,2.92
24.614,-2.2,1.1,1.27,2.77
24.624,-1.97,0.92,1.37,2.57
24.634,-1.72,0.66,1.67,2.49
24.644,-1.59,0.33,2.33,2.84
24.654,-1.68,0.07,2.96,3.4
24.664,-1.94,-0.06,3.08,3.64
24.674,-2.15,-0.07,2.61,3.38
24.684,-2.05,-0.08,1.72,2.67
24.694,-1.91,-0.07,0.82,2.08
24.704,-1.88,-0.04,0.16,1.89
24.714,-1.89,0.03,-0.21,1.9
24.724,-1.79,0.1,-0.33,1.83
24.734,-1.5,0.13,-0.36,1.55
24.744,-1.27,0.23,-0.48,1.38
24.754,-1.35,0.43,-0.6,1.54
24.764,-1.47,0.62,-0.63,1.72
24.774,-1.41,0.75,-0.51,1.68
24.784,-1.15,0.86,-0.25,1.46
24.794,-0.79,0.88,0.04,1.18
24.804,-0.33,0.84,0.24,0.94
24.813,-0.05,0.85,0.36,0.92
24.823,0.06,0.83,0.45,0.94
24.834,0.2,0.74,0.56,0.95
24.843,0.3,0.6,0.63,0.92
24.853,0.16,0.43,0.61,0.76
24.863,0,0.23,0.51,0.56
24.873,-0.1,0.01,0.43,0.44
24.884,-0.25,-0.23,0.33,0.47
24.893,-0.34,-0.44,0.22,0.6
24.903,-0.28,-0.66,0,0.71
24.913,-0.31,-0.81,-0.36,0.93
24.923,-0.37,-0.89,-0.74,1.21
24.933,-0.31,-0.93,-1.1,1.47
24.943,-0.15,-0.97,-1.43,1.74
24.953,-0.13,-0.97,-1.77,2.03
24.963,-0.23,-0.91,-2.11,2.31
24.973,-0.23,-0.82,-2.33,2.48
24.983,-0.16,-0.67,-2.44,2.54
24.993,-0.15,-0.48,-2.48,2.54
25.003,-0.12,-0.32,-2.46,2.49
25.013,-0.1,-0.22,-2.35,2.36
25.023,-0.16,-0.1,-2.17,2.18
25.033,-0.15,-0.02,-1.91,1.91
25.043,-0.11,0,-1.66,1.66
25.053,-0.05,0.02,-1.43,1.43
25.063,-0.14,0.04,-1.17,1.18
25.073,-0.24,0.01,-0.82,0.86
25.083,-0.29,-0.03,-0.4,0.49
25.093,-0.27,-0.08,0.04,0.28
25.103,-0.21,-0.17,0.4,0.48
25.113,-0.18,-0.25,0.63,0.7
25.123,-0.16,-0.3,0.84,0.9
25.133,-0.09,-0.32,1.05,1.1
25.143,-0.07,-0.28,1.28,1.31
25.153,-0.1,-0.22,1.51,1.53
25.163,-0.06,-0.15,1.71,1.71
25.173,-0.14,-0.04,1.77,1.78
25.183,-0.22,0.12,1.65,1.67
25.193,-0.23,0.28,1.39,1.43
25.203,-0.22,0.44,1.08,1.18
25.213,-0.22,0.62,0.8,1.03
25.223,-0.18,0.85,0.59,1.05
25.233,-0.14,1.1,0.39,1.17
25.243,-0.23,1.33,0.14,1.35
25.253,-0.41,1.55,-0.07,1.61
25.263,-0.53,1.77,-0.2,1.86
25.273,-0.52,1.93,-0.25,2.02
25.283,-0.48,2.08,-0.29,2.16
25.293,-0.52,2.24,-0.36,2.32
25.303,-0.58,2.34,-0.4,2.44
25.313,-0.66,2.41,-0.38,2.53
25.323,-0.82,2.43,-0.31,2.58
25.333,-1.09,2.42,-0.31,2.67
25.343,-1.5,2.41,-0.31,2.86
25.353,-1.99,2.38,-0.29,3.11
25.363,-2.59,2.37,-0.29,3.53
25.373,-3.29,2.42,-0.28,4.09
25.383,-3.98,2.45,-0.11,4.67
25.393,-4.77,2.45,0.27,5.37
25.403,-5.6,2.45,0.92,6.18
25.413,-6.52,2.47,1.67,7.17
25.423,-7.42,2.56,2.27,8.17
25.433,-8.25,2.71,2.42,9.02
25.443,-8.85,2.86,2.15,9.55
25.453,-8.96,2.92,1.7,9.58
25.463,-8.41,2.91,1.32,8.99
25.473,-7.31,2.84,1.1,7.92
25.483,-6.06,2.74,0.91,6.71
25.493,-5.02,2.62,0.71,5.7
25.503,-3.59,2.44,0.58,4.38
25.512,-1.59,2.15,0.57,2.73
25.523,0.87,1.79,0.54,2.06
25.532,3.89,1.41,0.71,4.2
25.542,7,1.01,0.87,7.12
25.553,8.89,0.51,0.43,8.91
25.562,9.59,-0.15,-0.61,9.61
25.573,10.25,-1.16,-1.6,10.44
25.583,11.52,-3.47,-3.2,12.45
25.593,11.52,-5.96,-5.62,14.14
25.602,9.98,-5.57,-5.59,12.72
25.613,11.49,-5.24,-3.56,13.12
25.623,14.56,-6.82,-2.04,16.21
25.633,16.52,-8.75,-1.6,18.76
25.643,17.7,-9.99,-1.61,20.39
25.653,18.68,-10.55,-1.47,21.51
25.662,19.36,-10.9,-1.18,22.25
25.673,19.81,-11.41,-0.9,22.88
25.683,19.88,-11.93,-0.61,23.19
25.693,19.45,-12.08,-0.48,22.9
25.702,17.87,-11.74,-0.62,21.39
25.712,15.61,-10.94,-0.83,19.07
25.722,13.43,-10.04,-0.78,16.79
25.732,11.4,-9.31,-0.57,14.73
25.742,9.73,-8.81,-0.27,13.13
25.752,8.19,-8.3,-0.22,11.66
25.762,6.46,-7.47,-0.27,9.88
25.772,4.36,-6.1,-0.57,7.51
25.782,1.84,-4.23,-1.01,4.72
25.792,-0.88,-2.08,-1.41,2.66
25.802,-4.14,0.02,-1.53,4.41
25.812,-8.36,2,-1.48,8.72
25.822,-13.1,3.76,-1.48,13.71
25.832,-17.37,5.23,-0.7,18.15
25.842,-19.93,6.37,2.11,21.04
25.852,-19.89,6.84,6.5,22.01
25.862,-17.37,6.31,9.31,20.69
25.872,-14.2,5.49,8,17.2
25.882,-11.96,4.79,4.33,13.59
25.892,-9.87,3.96,1.37,10.72
25.902,-7.59,3.14,-0.16,8.21
25.912,-6.02,2.74,-0.82,6.66
25.922,-5.77,2.7,-1.09,6.46
25.932,-6.27,2.71,-0.98,6.9
25.942,-6.71,2.59,-0.37,7.21
25.952,-6.92,2.31,0.98,7.36
25.962,-7.04,1.9,3.09,7.92
25.972,-7.38,1.44,5.08,9.08
25.982,-8.09,1.03,5.7,9.95
25.992,-9.06,0.79,4.7,10.24
26.002,-10.02,0.68,3.04,10.49
26.012,-10.73,0.67,1.71,10.88
26.022,-11.31,0.86,1.02,11.39
26.032,-11.82,1.03,1.04,11.91
26.042,-12.07,1.17,1.63,12.24
26.052,-12.08,1.53,2.54,12.43
26.062,-11.92,1.98,3.41,12.56
26.072,-11.59,2.41,4.04,12.51
26.082,-11.05,2.78,4.24,12.16
26.092,-10.46,3.02,3.95,11.58
26.102,-9.97,3.15,3.3,10.96
26.112,-9.55,3.16,2.53,10.38
26.122,-9.25,3.07,1.87,9.93
26.132,-9.03,2.91,1.44,9.59
26.142,-8.91,2.7,1.29,9.4
26.152,-8.89,2.46,1.4,9.33
26.162,-8.9,2.21,1.7,9.33
26.172,-8.68,1.94,2.03,9.12
26.182,-8.23,1.63,2.22,8.68
26.191,-7.85,1.35,2.09,8.24
26.201,-7.44,1.06,1.65,7.69
26.211,-6.56,0.66,1.18,6.7
26.221,-4.39,0,1.1,4.53
26.231,0.11,-0.95,1.54,1.81
26.241,6.27,-1.83,2.04,6.84
26.251,12.14,-2.45,2.05,12.56
26.262,16.35,-2.7,1.46,16.64
26.272,18.37,-2.84,0.51,18.6
26.282,19.8,-3.25,-0.35,20.06
26.292,22.3,-3.93,-0.48,22.64
26.302,25.22,-4.83,-0.47,25.68
26.312,25.95,-5.53,-1.34,26.57
26.321,23.23,-5.79,-3.47,24.19
26.332,19.89,-5.88,-5.07,21.35
26.342,16.82,-5.82,-5.91,18.75
26.351,13.79,-5.69,-6.8,16.4
26.361,10.72,-5.27,-7.42,14.06
26.371,7.63,-4.75,-10.67,13.95
26.381,5.41,-3.04,-17.4,18.47
26.391,3.66,-2.23,-12.73,13.43
26.401,1.35,-2.9,-4.33,5.39
26.411,-0.79,-2.77,-0.51,2.92
26.421,-1.62,-2.16,1.16,2.94
26.431,-1.25,-1.31,1.24,2.2
26.441,-1.69,-0.48,0.71,1.9
26.451,-2.52,0.16,0.18,2.53
26.461,-3.32,0.63,-0.24,3.38
26.471,-4.02,0.96,-0.52,4.17
26.481,-4.61,1.24,-0.61,4.81
26.491,-5,1.39,-0.6,5.23
26.501,-5.35,1.53,-0.53,5.59
26.511,-5.68,1.64,-0.38,5.92
26.521,-5.87,1.78,-0.25,6.14
26.531,-6.01,1.95,-0.15,6.32
26.541,-6.17,2.14,0,6.53
26.551,-6.2,2.32,0.22,6.62
26.561,-6.04,2.46,0.56,6.54
26.571,-5.79,2.55,0.89,6.39
26.581,-5.61,2.62,1.23,6.31
26.591,-5.33,2.61,2.23,6.34
26.601,-4.62,2.44,4.09,6.63
26.611,-3.59,2.23,5.61,7.02
26.621,-2.39,2.09,5.92,6.72
26.631,-0.68,1.97,4.94,5.36
26.641,1.63,1.78,3.56,4.29
26.651,4.7,1.53,2.46,5.52
26.661,7.47,1.43,1.38,7.73
26.671,8.06,1.49,0.03,8.2
26.681,7.19,1.48,-1.28,7.46
26.691,6.33,1.31,-2.09,6.79
26.701,5.8,1.02,-2.26,6.3
26.711,4.92,0.74,-2.12,5.41
26.721,3.57,0.49,-1.93,4.09
26.731,2,0.23,-1.75,2.66
26.741,0.47,-0.24,-1.06,1.18
26.751,-0.77,-1.22,1.38,2
26.761,-1.58,-2.26,4.62,5.37
26.771,-1.88,-2.75,5.95,6.82
26.781,-1.97,-2.54,4.57,5.59
26.791,-2.1,-2.03,2.16,3.64
26.801,-2.27,-1.36,0.34,2.66
26.811,-2.19,-0.91,-0.39,2.4
26.821,-1.97,-0.79,-0.5,2.18
26.831,-1.87,-0.65,-0.64,2.08
26.841,-1.89,-0.42,-0.89,2.13
26.851,-1.87,-0.17,-1.25,2.26
26.86,-1.57,0.02,-1.64,2.27
26.871,-0.95,0.09,-2.08,2.29
26.88,-0.41,0.13,-2.69,2.72
26.89,-0.01,0.07,-3.25,3.25
26.9,0.33,-0.05,-3.59,3.61
26.911,0.5,-0.16,-3.59,3.63
26.92,0.45,-0.25,-3.3,3.34
26.93,0.26,-0.29,-2.98,3.01
26.94,0.07,-0.31,-2.7,2.72
26.95,-0.09,-0.31,-2.37,2.4
26.96,-0.22,-0.29,-1.98,2.01
26.97,-0.35,-0.23,-1.56,1.62
26.98,-0.43,-0.12,-1.1,1.19
26.99,-0.49,0.02,-0.64,0.81
27,-0.53,0.18,-0.17,0.58
27.01,-0.46,0.33,0.3,0.64
27.02,-0.37,0.43,0.75,0.94
27.03,-0.33,0.49,1.23,1.36
27.04,-0.36,0.58,1.88,2
27.05,-0.37,0.67,2.51,2.63
27.06,-0.22,0.71,2.81,2.91
27.07,-0.26,0.73,2.56,2.67
27.08,-0.33,0.74,1.96,2.12
27.09,-0.26,0.7,1.34,1.54
27.1,0,0.62,0.81,1.02
27.11,0.09,0.56,0.36,0.67
27.12,-0.03,0.53,0.04,0.53
27.13,-0.07,0.5,-0.09,0.51
27.14,0.05,0.47,-0.07,0.48
27.15,0.33,0.47,-0.04,0.58
27.16,0.48,0.52,-0.09,0.71
27.17,0.43,0.55,-0.14,0.71
27.18,0.47,0.59,-0.07,0.75
27.19,0.57,0.6,0.11,0.83
27.2,0.77,0.58,0.26,1
27.21,0.93,0.53,0.25,1.1
27.22,0.76,0.5,0.14,0.93
27.23,0.51,0.44,0.05,0.67
27.24,0.26,0.35,0.01,0.43
27.25,-0.08,0.25,-0.05,0.27
27.26,-0.41,0.15,-0.22,0.49
27.27,-0.58,0.01,-0.45,0.73
27.28,-0.68,-0.15,-0.77,1.04
27.29,-0.82,-0.25,-1.22,1.49
27.3,-1.02,-0.25,-1.71,2.01
27.31,-1.2,-0.21,-2.09,2.42
27.32,-1.45,-0.12,-2.36,2.77
27.33,-1.79,0.08,-2.47,3.06
27.34,-2.12,0.35,-2.36,3.19
27.35,-2.48,0.66,-2.07,3.3
27.36,-2.97,0.99,-1.74,3.58
27.37,-3.72,1.34,-1.46,4.22
27.38,-4.85,1.72,-1.22,5.29
27.39,-6.48,2.09,-1.09,6.9
27.4,-8.3,2.45,-0.96,8.7
27.41,-9.82,2.72,-0.68,10.21
27.42,-10.62,2.81,-0.13,10.99
27.43,-10.51,2.73,0.93,10.9
27.44,-9.73,2.49,3.58,10.66
27.45,-8.7,2.24,6.21,10.92
27.46,-7.62,2.19,6.75,10.41
27.47,-6.26,2.26,4.63,8.11
27.48,-3.91,2.12,1.79,4.79
27.49,-0.31,1.78,-0.28,1.83
27.5,3.8,1.35,-1.45,4.29
27.51,7.33,0.83,-2.33,7.73
27.52,10.25,-0.04,-3.02,10.69
27.53,12.74,-1.37,-2.95,13.14
27.54,14.13,-3.13,-1.5,14.55
27.55,13.88,-4.81,0.27,14.69
27.56,13.07,-5.57,-1.11,14.25
27.57,14.14,-5.51,-3.82,15.64
27.58,18.2,-7.03,-4.23,19.96
27.59,21.62,-8.6,-3.63,23.55
27.6,23.87,-9.41,-3.1,25.84
27.61,25.69,-10.12,-2.68,27.75
27.62,26.69,-10.7,-2.19,28.84
27.63,26.22,-11.26,-1.81,28.6
27.64,24.04,-11.61,-1.8,26.75
27.649,20.97,-11.38,-1.78,23.92
27.659,17.87,-10.51,-1.57,20.8
27.67,14.85,-9.27,-1.09,17.54
27.679,11.6,-7.97,-0.65,14.09
27.689,7.66,-6.55,-0.38,10.09
27.699,3.32,-4.96,-0.18,5.98
27.709,-1.23,-3.38,-0.06,3.6
27.719,-5.63,-1.75,0.24,5.9
27.729,-9.71,0.01,0.66,9.73
27.739,-14.23,1.95,0.54,14.37
27.749,-19,3.72,-0.53,19.36
27.759,-22.25,4.97,-1.6,22.85
27.769,-21.52,5.54,-1.14,22.26
27.779,-17.46,5.56,1.58,18.39
27.789,-13.23,5.53,5.56,15.38
27.799,-10.81,5.74,8.96,15.17
27.809,-9.68,5.77,9.58,14.79
27.819,-8.66,5.36,7.5,12.65
27.829,-7.81,4.62,4.76,10.25
27.839,-7.51,3.67,2.56,8.74
27.849,-7.78,2.81,1.43,8.39
27.859,-8.16,2.12,1.41,8.54
27.869,-8.3,1.35,2.48,8.76
27.879,-8.37,0.5,4.41,9.47
27.889,-8.3,-0.35,6.25,10.39
27.899,-8.27,-1.02,6.52,10.58
27.909,-8.36,-1.35,4.82,9.75
27.919,-8.48,-1.39,2.6,8.97
27.929,-8.59,-1.26,1.03,8.74
27.939,-8.71,-1.04,0.36,8.78
27.949,-8.98,-0.76,0.46,9.02
27.959,-9.39,-0.29,1.18,9.47
27.969,-9.78,0.29,2.29,10.05
27.979,-10.08,0.87,3.34,10.65
27.989,-10.28,1.42,3.98,11.11
27.999,-10.4,1.9,3.98,11.3
28.009,-10.39,2.23,3.47,11.18
28.019,-10.24,2.39,2.77,10.87
28.029,-10.06,2.33,2.14,10.55
28.039,-10.04,2.13,1.69,10.4
28.049,-10.09,1.78,1.5,10.35
28.059,-10.09,1.32,1.55,10.29
28.069,-10.05,0.88,1.78,10.25
28.079,-9.92,0.49,1.96,10.13
28.089,-9.8,0.13,1.88,9.98
28.099,-9.51,-0.15,1.56,9.63
28.109,-8.92,-0.34,1.08,8.99
28.119,-8.15,-0.51,0.57,8.19
28.129,-7.36,-0.68,0.16,7.4
28.139,-6.66,-0.86,-0.1,6.72
28.149,-5.21,-1.15,0.14,5.33
28.159,-1,-1.8,1.27,2.42
28.169,6.82,-2.62,2.59,7.75
28.179,14.62,-2.84,2.37,15.08
28.189,17.06,-2.57,0.32,17.26
28.199,18.22,-2.54,-1.36,18.45
28.209,19.78,-2.73,-2.28,20.09
28.219,21.32,-3.22,-3.03,21.77
28.229,23.53,-3.96,-3.49,24.11
28.239,24.5,-4.64,-4.22,25.29
28.249,21.27,-4.55,-6.82,22.8
28.259,17.2,-4.1,-8.41,19.58
28.269,14.15,-3.76,-8.69,17.03
28.279,11.51,-3.28,-8.37,14.6
28.288,9.24,-2.7,-7.69,12.32
28.298,7.89,-2.08,-6.58,10.48
28.308,7.35,-1.46,-5.24,9.14
28.318,7.27,-0.89,-4.09,8.39
28.328,6.89,-0.31,-3.28,7.63
28.338,6.1,0.22,-2.59,6.63
28.348,4.97,0.68,-2.08,5.43
28.358,3.69,1.03,-1.72,4.2
28.368,2.38,1.23,-1.47,3.05
28.378,1.07,1.28,-1.18,2.05
28.388,-0.27,1.26,-0.84,1.54
28.398,-1.47,1.19,-0.48,1.95
28.408,-2.57,1.14,-0.16,2.82
28.418,-3.54,1.12,0.12,3.72
28.428,-4.25,1.12,0.4,4.41
28.438,-4.81,1.14,0.61,4.98
28.448,-5.29,1.19,0.8,5.48
28.458,-5.6,1.27,1.05,5.83
28.468,-5.75,1.36,1.67,6.14
28.478,-5.86,1.49,2.46,6.53
28.488,-6,1.6,2.93,6.87
28.498,-6.04,1.72,3.03,6.97
28.508,-5.86,1.77,2.77,6.71
28.518,-5.6,1.71,2.2,6.26
28.528,-5.26,1.57,1.57,5.71
28.538,-4.77,1.44,1.05,5.09
28.548,-4.27,1.4,0.63,4.53
28.558,-3.69,1.4,0.32,3.96
28.568,-3.09,1.31,0.13,3.36
28.578,-2.52,1.21,0.07,2.8
28.588,-1.98,1.1,0.12,2.27
28.598,-1.37,0.97,0.32,1.7
28.608,-0.67,0.84,0.64,1.25
28.618,0.1,0.69,1,1.22
28.628,0.77,0.57,1.22,1.55
28.638,1.21,0.49,1.23,1.79
28.648,1.39,0.44,1.08,1.81
28.658,1.46,0.4,0.87,1.75
28.668,1.49,0.36,0.66,1.67
28.678,1.42,0.32,0.49,1.54
28.688,1.33,0.29,0.42,1.42
28.698,1.31,0.22,0.39,1.39
28.708,1.51,0.1,0.39,1.56
28.718,1.8,-0.04,0.35,1.84
28.728,1.87,-0.18,0.25,1.89
28.738,1.88,-0.29,0.17,1.91
28.748,2,-0.42,0.14,2.05
28.758,2.22,-0.57,0.07,2.29
28.768,2.26,-0.73,-0.1,2.38
28.778,1.95,-0.81,-0.32,2.14
28.788,1.45,-0.87,-0.5,1.76
28.798,0.98,-0.91,-0.62,1.47
28.808,0.58,-0.97,-0.73,1.35
28.818,0.1,-1.01,-0.86,1.33
28.828,-0.36,-0.98,-0.99,1.44
28.838,-0.71,-0.93,-1.06,1.58
28.848,-0.89,-0.84,-1.07,1.63
28.858,-0.87,-0.73,-1.04,1.54
28.868,-0.75,-0.63,-1.06,1.45
28.878,-0.8,-0.5,-1.16,1.5
28.888,-0.92,-0.34,-1.25,1.59
28.898,-0.97,-0.15,-1.23,1.58
28.908,-0.94,0.03,-1.12,1.46
28.918,-0.9,0.2,-0.97,1.34
28.928,-0.84,0.37,-0.76,1.19
28.937,-0.74,0.49,-0.53,1.04
28.947,-0.56,0.58,-0.31,0.87
28.958,-0.41,0.66,-0.11,0.78
28.967,-0.34,0.68,0.03,0.76
28.977,-0.27,0.67,0.2,0.75
28.987,-0.18,0.62,0.37,0.75
28.997,-0.1,0.5,0.57,0.76
29.007,-0.1,0.31,0.79,0.85
29.017,-0.1,0.12,1.03,1.04
29.027,-0.08,-0.1,1.21,1.22
29.037,-0.12,-0.28,1.26,1.3
29.047,-0.18,-0.38,1.16,1.23
29.057,-0.2,-0.43,0.89,1.01
29.067,-0.28,-0.39,0.56,0.74
29.077,-0.42,-0.31,0.29,0.6
29.087,-0.47,-0.21,0.14,0.54
29.097,-0.54,-0.1,0.05,0.55
29.107,-0.74,0.06,-0.01,0.74
29.117,-1.03,0.27,-0.07,1.06
29.127,-1.33,0.48,-0.06,1.42
29.137,-1.7,0.71,-0.03,1.84
29.147,-2.3,0.97,-0.03,2.5
29.157,-3.05,1.26,-0.09,3.3
29.167,-3.97,1.55,-0.17,4.27
29.177,-5.05,1.83,-0.24,5.37
29.187,-6.19,2.11,-0.26,6.55
29.197,-7.33,2.37,-0.17,7.7
29.207,-8.31,2.63,0.06,8.71
29.217,-9.1,2.86,0.45,9.55
29.227,-9.66,3.06,1.07,10.19
29.237,-9.95,3.2,1.77,10.6
29.247,-9.78,3.27,2.33,10.58
29.257,-9.09,3.24,2.55,9.98
29.267,-7.9,3.16,2.34,8.83
29.277,-6.41,3.06,1.81,7.33
29.287,-4.68,2.98,1.05,5.64
29.297,-2.06,2.77,0.47,3.48
29.307,1.43,2.39,0.15,2.79
29.317,5.32,1.89,-0.05,5.64
29.327,8.82,1.07,-0.42,8.9
29.337,11.49,-0.18,-1.09,11.54
29.347,13.27,-1.75,-1.94,13.53
29.357,13.96,-3.54,-2.78,14.67
29.367,13.97,-5.61,-3.22,15.39
29.377,13.62,-8.04,-2.36,16
29.387,13.37,-10.77,-0.31,17.17
29.397,13.86,-12.61,1.08,18.77
29.407,15.24,-12.75,0.1,19.87
29.417,17.51,-12.54,-2.04,21.63
29.427,20.03,-12.35,-3.45,23.78
29.437,21.6,-11.14,-4.22,24.66
29.447,22.2,-10.35,-4.9,24.98
29.457,21.96,-9.95,-5.44,24.72
29.467,20.79,-9.57,-5.52,23.55
29.477,19.12,-9.16,-4.67,21.71
29.487,17.32,-8.73,-2.72,19.59
29.497,15.11,-8.12,-0.63,17.17
29.507,12.49,-7.19,0.56,14.43
29.517,9.88,-5.98,0.69,11.57
29.527,7.24,-4.73,0.43,8.66
29.537,4.45,-3.62,0.32,5.74
29.547,1.7,-2.46,0.41,3.01
29.557,-1.15,-1.2,0.52,1.74
29.567,-4.66,0.07,0.61,4.7
29.577,-8.88,1.25,0.88,9.01
29.587,-13.36,2.28,1.9,13.69
29.596,-17.26,3.11,3.8,17.95
29.607,-19.88,3.76,5.66,21.01
29.616,-21.19,4.09,6.06,22.42
29.626,-20.72,3.98,5.03,21.69
29.636,-18.02,3.83,4.14,18.88
29.646,-14.63,3.69,3.58,15.5
29.656,-11.58,3.49,2.96,12.45
29.666,-8.77,3.3,2.37,9.66
29.676,-6.76,3.26,1.7,7.69
29.686,-6.07,3.4,1.09,7.04
29.696,-6.46,3.66,0.84,7.47
29.706,-7.19,3.71,1.16,8.17
29.716,-7.71,3.35,2.11,8.66
29.726,-7.88,2.82,3.13,8.94
29.736,-7.92,2.28,3.52,8.96
29.746,-7.87,1.73,3.1,8.63
29.756,-7.69,1.14,2.15,8.07
29.766,-7.46,0.56,1.08,7.55
29.776,-7.28,0,0.19,7.29
29.786,-7.29,-0.48,-0.37,7.32
29.796,-7.52,-0.8,-0.53,7.58
29.806,-7.93,-0.95,-0.35,8
29.816,-8.53,-0.93,0.16,8.58
29.826,-9,-0.65,0.83,9.06
29.836,-9.32,-0.16,1.45,9.43
29.846,-9.65,0.41,1.97,9.86
29.856,-9.99,1.03,2.4,10.32
29.866,-10.21,1.74,2.81,10.73
29.876,-10.59,2.52,3.05,11.3
29.886,-11.48,3.33,2.92,12.3
29.896,-12.24,4.06,2.52,13.14
29.906,-11.9,4.54,2.17,12.92
29.916,-10.31,4.53,1.84,11.41
29.926,-8.42,4.2,1.55,9.53
29.936,-7.18,3.86,1.25,8.25
29.946,-6.83,3.5,0.88,7.73
29.956,-7.05,2.99,0.57,7.68
29.966,-6.81,2.26,0.32,7.18
29.976,-5.58,1.29,-0.06,5.73
29.986,-3.32,0.17,-0.63,3.39
29.996,0.2,-0.94,-0.92,1.33
30.006,4.25,-1.64,-0.81,4.63
30.016,7.58,-1.5,-0.72,7.77
30.026,9.28,-0.64,-1.06,9.37
30.036,10.43,0.32,-1.53,10.55
30.046,11.58,1.21,-2.04,11.82
30.056,12.33,2,-2.78,12.8
30.066,12.85,2.55,-3.36,13.53
30.076,14.56,2.71,-2.86,15.09
30.086,15.46,3.38,-2.34,15.99
30.096,14.14,4.41,-2.84,15.08
30.106,12.36,4.9,-3.67,13.79
30.116,10.87,5.01,-4.01,12.62
30.126,9.16,5.11,-3.47,11.05
30.136,7.44,5.25,-1.97,9.32
30.146,6.21,5.43,0.32,8.26
30.156,5.75,5.6,2.4,8.38
30.166,5.86,5.71,3.2,8.78
30.176,6.02,5.86,2.4,8.74
30.186,5.86,6.06,0.88,8.48
30.196,5.54,6.2,0.08,8.32
30.206,5.07,6.31,0.68,8.12
30.216,4.56,6.13,2.08,7.92
30.226,3.94,5.84,3.16,7.72
30.236,3.44,5.38,3.48,7.27
30.246,3.02,4.8,3.23,6.53
30.256,3.14,4.28,3.08,6.14
30.266,3.44,3.97,3.11,6.1
30.276,3.35,3.75,3.06,5.89
30.286,3.19,3.46,2.98,5.57
30.295,3.22,3.02,2.87,5.26
30.305,3.18,2.52,2.6,4.81
30.315,3.05,1.91,2.19,4.21
30.326,2.97,1.2,1.73,3.64
30.336,2.92,0.48,1.27,3.22
30.345,3.06,-0.15,0.93,3.2
30.355,3.5,-0.66,0.59,3.61
30.365,3.97,-1.03,0.17,4.11
